file,size_bytes,sha256
fof_hmf_source_BT_kp1.hdf5,2424408,a6936a2abb328f471e037ec2aab6e5cf8c0da0e18654a7ce1f3d4f81d07bd908
fof_hmf_source_BT_kp10.hdf5,1476201,ce108d24a5018876ea358ca760ae7147fbe31d54759bf1600e3b41bd437d9852
fof_hmf_source_PL.hdf5,1108228,dac1f728a0bb3875c38f385e51dda44faeb03faaae9edb8db8dfdc650e3f0022
m200c_concentration_source_BT_kp1.hdf5,25844280,7eaf8adba911b65ce37c686cf1bd8de38f6c2cfaf5c1cce85b9b45a346ba2b0d
m200c_concentration_source_BT_kp10.hdf5,12378596,20861e0d251d2ea739bb1cfb8f472ff79e59fd66f261f442128987d3c44e566c
m200c_concentration_source_PL.hdf5,7889926,e16124698ae82a616c4da20a82b55eaf727f2e0b829ea2d0994b07c9aed3461b
mah_track_source_BT_kp1.hdf5,16876001,083bc43f9feb06cdcd6579a98b1670223d5a03b91e13c1836d485c97e0b73bf7
mah_track_source_PL.hdf5,9539428,1a9902e7774e0dd3db16553a350b408e4699bbd5565b423c6855020024b93af5
radial_profile_selection.hdf5,288505,d4b2a8d26dcaf8324893f48ccf5652ff696d62994b4cee89e42821ec9fcdac5c
