box_hinv_Mpc,redshift,k_hMpc,P_mesh512_over_mesh1024,n_raw_shells,k_bin_left_hMpc,k_bin_right_hMpc,k_over_kNy1024,inferred_mesh1024_fractional_error_dx2
25.0,-2.220446049250313e-16,0.32072956064263475,1.0000448162626894,1.0,0.32072956064263475,0.3638786973390905,0.0024924655748030824,1.493875422979111e-05
25.0,-2.220446049250313e-16,0.5606619683395725,1.0000637752547068,1.0,0.5313853257567784,0.6028748947682165,0.004357037288323959,2.125841823559978e-05
25.0,-2.220446049250313e-16,0.787700109846164,1.000044887607752,1.0,0.7760013611527877,0.8804001847034671,0.00612140459746318,1.4962535917299272e-05
25.0,-2.220446049250313e-16,1.0205350124370263,1.0000311150977557,1.0,0.9988442340802646,1.1332230743357103,0.007930819913461992,1.0371699251887634e-05
25.0,-2.220446049250313e-16,1.2811623763405762,0.9999725890005976,1.0,1.1332230743357103,1.2856804818915182,0.009956217045798915,9.136999800799886e-06
25.0,-2.220446049250313e-16,1.5386083750512618,0.9998625205026267,1.0,1.4586486446949307,1.6548869634702001,0.011956891033788922,4.582649912443504e-05
25.0,-2.220446049250313e-16,1.7773229368951355,0.9997868604940501,1.0,1.6548869634702001,1.877526073070458,0.013811998578001248,7.104650198330731e-05
25.0,-2.220446049250313e-16,2.016922174616909,0.9996848750594789,1.0,1.877526073070458,2.130117786212685,0.015673981148532027,0.00010504164684036847
25.0,-2.220446049250313e-16,2.276370248265442,0.9995287519557954,1.0,2.130117786212685,2.4166917563596226,0.01769021373626807,0.00015708268140153989
25.0,-2.220446049250313e-16,2.5367369097912875,0.9993401807313422,1.0,2.4166917563596226,2.7418197637045654,0.019713584888522595,0.0002199397562192562
25.0,-2.220446049250313e-16,2.8990729604410603,0.9991170475203246,2.0,2.7418197637045654,3.110688649828078,0.02252938437686765,0.0002943174932251343
25.0,-2.220446049250313e-16,3.2785072534903903,0.9987131940387135,1.0,3.110688649828078,3.529183064569913,0.025478058366974077,0.00042893532042883226
25.0,-2.220446049250313e-16,3.651082924852382,0.998434596454391,2.0,3.529183064569913,4.003979345195941,0.02837343237932967,0.0005218011818696559
25.0,-2.220446049250313e-16,4.274849642878323,0.9978309582156321,3.0,4.003979345195941,4.542652025535962,0.03322087166204631,0.0007230139281226474
25.0,-2.220446049250313e-16,4.906232026573291,0.9970022068241856,2.0,4.542652025535962,5.153794674257026,0.03812749409105989,0.0009992643919381299
25.0,-2.220446049250313e-16,5.532963676549,0.995951667392862,3.0,5.153794674257026,5.847156990032982,0.042997974563998044,0.0013494442023793314
25.0,-2.220446049250313e-16,6.284156099898396,0.9946825505910477,3.0,5.847156990032982,6.633800340720846,0.04883566926073809,0.0017724831363174303
25.0,-2.220446049250313e-16,7.041358990269291,0.993295557923227,3.0,6.633800340720846,7.526274227896147,0.05472007272392161,0.002234814025591003
25.0,-2.220446049250313e-16,7.916032318937552,0.9913731032397421,4.0,7.526274227896147,8.538816491926342,0.06151736685713429,0.0028756322534192837
25.0,-2.220446049250313e-16,9.045423690007606,0.9886463600525612,5.0,8.538816491926342,9.68758045149977,0.07029413538209191,0.003784546649146255
25.0,-2.220446049250313e-16,10.301934540342621,0.9852778995411261,5.0,9.68758045149977,10.99089260121906,0.08005877956565727,0.004907366819624633
25.0,-2.220446049250313e-16,11.682003501867763,0.9812206587809705,6.0,10.99089260121906,12.469544978367685,0.0907836231708538,0.006259780406343156
25.0,-2.220446049250313e-16,13.314442330475858,0.9757839903497818,7.0,12.469544978367685,14.14712686304373,0.10346969293980504,0.008072003216739398
25.0,-2.220446049250313e-16,15.074012680399335,0.9692385699184142,7.0,14.14712686304373,16.05040110334906,0.1171437319489973,0.010253810027195276
25.0,-2.220446049250313e-16,17.080205521839,0.9607344107671345,9.0,16.05040110334906,18.209731069235875,0.1327343329016681,0.013088529744288499
25.0,-2.220446049250313e-16,19.466506462657335,0.9499005661854227,10.0,18.209731069235875,20.659565046303054,0.15127884415342974,0.016699811271525755
25.0,-2.220446049250313e-16,22.104898744628773,0.9359781858753282,11.0,20.659565046303054,23.43898579718768,0.17178241707780767,0.021340604708223927
25.0,-2.220446049250313e-16,24.99348859010257,0.9186346923011198,12.0,23.43898579718768,26.592334057830335,0.19423033467898973,0.027121769232960058
25.0,-2.220446049250313e-16,28.380669788506452,0.8965419142735349,15.0,26.592334057830335,30.16991591539301,0.22055292407712976,0.03448602857548836
25.0,-2.220446049250313e-16,32.27622044330993,0.8706457672332126,16.0,30.16991591539301,34.22880535279156,0.2508261732361553,0.043118077588929125
25.0,-2.220446049250313e-16,36.54618262068744,0.8424853970392254,18.0,34.22880535279156,38.83375476301954,0.28400906324323844,0.052504867653591525
25.0,-2.220446049250313e-16,41.44218933648144,0.8102503575823107,21.0,38.83375476301954,44.05822795890689,0.32205709401617455,0.06324988080589644
25.0,-2.220446049250313e-16,46.96956401753413,0.7739491986443446,23.0,44.05822795890689,49.985572158154845,0.3650116351690322,0.07535026711855179
25.0,-2.220446049250313e-16,53.24624809945334,0.7439929250031545,27.0,49.985572158154845,56.710347640593085,0.41378923760378106,0.08533569166561517
25.0,-2.220446049250313e-16,60.40590934164059,0.7501304333389038,30.0,56.710347640593085,64.33983628998509,0.4694286652188963,0.08328985555369872
256.0,-2.220446049250313e-16,0.03132124615650729,0.9999822519147654,1.0,0.03132124615650729,0.03553502903702046,0.0024924655748030816,5.9160284115270896e-06
256.0,-2.220446049250313e-16,0.05475214534566136,0.9999271193925086,1.0,0.05189309821843487,0.05887450144220792,0.004357037288323959,2.4293535830481144e-05
256.0,-2.220446049250313e-16,0.07692383885216453,0.9999861941829493,1.0,0.07578138292507562,0.08597658053744626,0.006121404597463187,4.601939016894245e-06
256.0,-2.220446049250313e-16,0.09966162230830337,0.9998808810678822,1.0,0.09754338223439868,0.11066631585309401,0.007930819913461996,3.970631070593367e-05
256.0,-2.220446049250313e-16,0.12511351331450943,0.9997999810945671,1.0,0.11066631585309401,0.12555473455971522,0.009956217045798918,6.667296847762127e-05
256.0,-2.220446049250313e-16,0.15025472412609964,0.9996536819913773,1.0,0.14244615670848515,0.1616100550263816,0.011956891033788912,0.00011543933620757525
256.0,-2.220446049250313e-16,0.17356669305616573,0.9996506571869638,1.0,0.1616100550263816,0.1833521555732807,0.013811998578001262,0.00011644760434540806
256.0,-2.220446049250313e-16,0.19696505611493229,0.9996017365231472,1.0,0.1833521555732807,0.20801931505982493,0.01567398114853201,0.0001327544922842631
256.0,-2.220446049250313e-16,0.2223017820571719,0.9992247343870406,1.0,0.20801931505982493,0.2360050543319852,0.017690213736268057,0.0002584218709864583
256.0,-2.220446049250313e-16,0.24772821384680527,0.9989655286261516,1.0,0.2360050543319852,0.2677558362992629,0.019713584888522585,0.00034482379128279267
256.0,-2.220446049250313e-16,0.2831125937930721,0.998917682762699,2.0,0.2677558362992629,0.30377818845975996,0.022529384376867634,0.0003607724124336705
256.0,-2.220446049250313e-16,0.32016672397367135,0.998552442996524,1.0,0.30377818845975996,0.3446467836493896,0.025478058366974116,0.0004825190011586618
256.0,-2.220446049250313e-16,0.35655106688011545,0.9979200923061224,2.0,0.3446467836493896,0.39101360792927226,0.028373432379329672,0.0006933025646258528
256.0,-2.220446049250313e-16,0.4174657854373361,0.9973685383043762,3.0,0.39101360792927226,0.44361836186872367,0.033220871662046306,0.0008771538985412608
256.0,-2.220446049250313e-16,0.47912422134504706,0.9964953445260134,2.0,0.44361836186872367,0.5033002611578857,0.03812749409105982,0.0011682184913288651
256.0,-2.220446049250313e-16,0.5403284840379885,0.9953212545281942,3.0,0.5033002611578857,0.5710114248078764,0.04299797456399807,0.001559581823935267
256.0,-2.220446049250313e-16,0.6136871191307025,0.9938861165440411,3.0,0.5710114248078764,0.6478320645234825,0.048835669260738075,0.0020379611519862895
256.0,-2.220446049250313e-16,0.6876327138934866,0.9926047483663789,3.0,0.6478320645234825,0.7349877175679386,0.0547200727239217,0.002465083877873697
256.0,-2.220446049250313e-16,0.7730500311462425,0.9908273149609133,4.0,0.7349877175679386,0.8338687980396291,0.061517366857134076,0.0030575616796955827
256.0,-2.220446049250313e-16,0.883342157227304,0.9881584672040763,5.0,0.8338687980396291,0.9460527784667127,0.07029413538209182,0.003947177598641234
256.0,-2.220446049250313e-16,1.006048294955327,0.984532073192762,5.0,0.9460527784667127,1.0733293555877261,0.08005877956565671,0.005155975602412655
256.0,-2.220446049250313e-16,1.1408206544792765,0.9800400632126145,6.0,1.0733293555877261,1.2177290017936335,0.09078362317085402,0.006653312262461834
256.0,-2.220446049250313e-16,1.3002385088355326,0.9745397419139112,7.0,1.2177290017936335,1.3815553577190134,0.10346969293980503,0.00848675269536292
256.0,-2.220446049250313e-16,1.472071550820241,0.9670874706368245,7.0,1.3815553577190134,1.567421982748814,0.1171437319489968,0.010970843121058485
256.0,-2.220446049250313e-16,1.6679888204921034,0.9586701290754156,9.0,1.567421982748814,1.7782940497299278,0.13273433290166917,0.013776623641528133
256.0,-2.220446049250313e-16,1.9010260217438923,0.9460687562402874,10.0,1.7782940497299278,2.0175356490528715,0.15127884415343068,0.01797708125323753
256.0,-2.220446049250313e-16,2.1586815180301744,0.9317424377769372,11.0,2.0175356490528715,2.288963456756421,0.17178241707780934,0.022752520741020927
256.0,-2.220446049250313e-16,2.440770370127204,0.9147624372523094,12.0,2.288963456756421,2.596907622834774,0.19423033467898976,0.028412520915896855
256.0,-2.220446049250313e-16,2.77154978403383,0.8927153588658597,15.0,2.596907622834774,2.9462808511123417,0.22055292407712954,0.035761547044713425
256.0,-2.220446049250313e-16,3.151974652666989,0.8637222265153082,16.0,2.9462808511123417,3.3426567727332492,0.2508261732361556,0.045425924494897275
256.0,-2.220446049250313e-16,3.568963146551516,0.8336790546748244,18.0,3.3426567727332492,3.7923588635757772,0.2840090632432391,0.05544031510839187
256.0,-2.220446049250313e-16,4.047088802390766,0.7978271895393295,21.0,3.7923588635757772,4.302561324111595,0.3220570940161746,0.0673909368202235
256.0,-2.220446049250313e-16,4.586871486087359,0.7632435277884091,23.0,4.302561324111595,4.881403531069338,0.3650116351690355,0.0789188240705303
256.0,-2.220446049250313e-16,5.199828915962223,0.7355563506814161,27.0,4.881403531069338,5.5381198867761166,0.41378923760377967,0.08814788310619463
256.0,-2.220446049250313e-16,5.899014584144704,0.7335803107578676,30.0,5.5381198867761166,6.283187137693223,0.4694286652189055,0.08880656308071082
