model,snapshot,redshift,box_size_mpc,particle_mass_msun,log10_M_FOF_Msun,dn_dlog10M,poisson_err,counts,log10_bin_left,log10_bin_right,source_fof_file
PL-25-1024,0056,-2.220446049e-16,37.11401427,1.8904375611e+06,7.0841040210e+00,1.7636650300e+02,1.4387216584e-01,1502722,7.0000000000e+00,7.1666666667e+00,/oss06/data/project/tkcastrosim/HNHuang/project_big_sim/data/PL/PL_25_1024/fof_output_0056.hdf5
PL-25-1024,0056,-2.220446049e-16,37.11401427,1.8904375611e+06,7.2553792577e+00,1.0024294294e+02,1.0846650179e-01,854115,7.1666666667e+00,7.3333333333e+00,/oss06/data/project/tkcastrosim/HNHuang/project_big_sim/data/PL/PL_25_1024/fof_output_0056.hdf5
PL-25-1024,0056,-2.220446049e-16,37.11401427,1.8904375611e+06,7.4222130578e+00,6.5508510587e+01,8.7683442533e-02,558162,7.3333333333e+00,7.5000000000e+00,/oss06/data/project/tkcastrosim/HNHuang/project_big_sim/data/PL/PL_25_1024/fof_output_0056.hdf5
PL-25-1024,0056,-2.220446049e-16,37.11401427,1.8904375611e+06,7.5868842219e+00,3.9000169412e+01,6.7655323715e-02,332299,7.5000000000e+00,7.6666666667e+00,/oss06/data/project/tkcastrosim/HNHuang/project_big_sim/data/PL/PL_25_1024/fof_output_0056.hdf5
PL-25-1024,0056,-2.220446049e-16,37.11401427,1.8904375611e+06,7.7485802928e+00,2.7041763695e+01,5.6336029649e-02,230408,7.6666666667e+00,7.8333333333e+00,/oss06/data/project/tkcastrosim/HNHuang/project_big_sim/data/PL/PL_25_1024/fof_output_0056.hdf5
PL-25-1024,0056,-2.220446049e-16,37.11401427,1.8904375611e+06,7.9127814102e+00,1.7974050313e+01,4.5929498786e-02,153147,7.8333333333e+00,8.0000000000e+00,/oss06/data/project/tkcastrosim/HNHuang/project_big_sim/data/PL/PL_25_1024/fof_output_0056.hdf5
PL-25-1024,0056,-2.220446049e-16,37.11401427,1.8904375611e+06,8.0789859094e+00,1.2908707620e+01,3.8923341061e-02,109988,8.0000000000e+00,8.1666666667e+00,/oss06/data/project/tkcastrosim/HNHuang/project_big_sim/data/PL/PL_25_1024/fof_output_0056.hdf5
PL-25-1024,0056,-2.220446049e-16,37.11401427,1.8904375611e+06,8.2473042801e+00,8.7532933746e+00,3.2051951127e-02,74582,8.1666666667e+00,8.3333333333e+00,/oss06/data/project/tkcastrosim/HNHuang/project_big_sim/data/PL/PL_25_1024/fof_output_0056.hdf5
PL-25-1024,0056,-2.220446049e-16,37.11401427,1.8904375611e+06,8.4144741986e+00,6.2713822568e+00,2.7130035752e-02,53435,8.3333333333e+00,8.5000000000e+00,/oss06/data/project/tkcastrosim/HNHuang/project_big_sim/data/PL/PL_25_1024/fof_output_0056.hdf5
PL-25-1024,0056,-2.220446049e-16,37.11401427,1.8904375611e+06,8.5814134574e+00,4.3846274863e+00,2.2684806579e-02,37359,8.5000000000e+00,8.6666666667e+00,/oss06/data/project/tkcastrosim/HNHuang/project_big_sim/data/PL/PL_25_1024/fof_output_0056.hdf5
PL-25-1024,0056,-2.220446049e-16,37.11401427,1.8904375611e+06,8.7484688437e+00,3.1304683996e+00,1.9167849541e-02,26673,8.6666666667e+00,8.8333333333e+00,/oss06/data/project/tkcastrosim/HNHuang/project_big_sim/data/PL/PL_25_1024/fof_output_0056.hdf5
PL-25-1024,0056,-2.220446049e-16,37.11401427,1.8904375611e+06,8.9153269523e+00,2.2055172709e+00,1.6088811414e-02,18792,8.8333333333e+00,9.0000000000e+00,/oss06/data/project/tkcastrosim/HNHuang/project_big_sim/data/PL/PL_25_1024/fof_output_0056.hdf5
PL-25-1024,0056,-2.220446049e-16,37.11401427,1.8904375611e+06,9.0815316917e+00,1.5840712327e+00,1.3635029540e-02,13497,9.0000000000e+00,9.1666666667e+00,/oss06/data/project/tkcastrosim/HNHuang/project_big_sim/data/PL/PL_25_1024/fof_output_0056.hdf5
PL-25-1024,0056,-2.220446049e-16,37.11401427,1.8904375611e+06,9.2476533748e+00,1.0990029653e+00,1.1357118618e-02,9364,9.1666666667e+00,9.3333333333e+00,/oss06/data/project/tkcastrosim/HNHuang/project_big_sim/data/PL/PL_25_1024/fof_output_0056.hdf5
PL-25-1024,0056,-2.220446049e-16,37.11401427,1.8904375611e+06,9.4159486584e+00,7.7261176001e-01,9.5224650369e-03,6583,9.3333333333e+00,9.5000000000e+00,/oss06/data/project/tkcastrosim/HNHuang/project_big_sim/data/PL/PL_25_1024/fof_output_0056.hdf5
PL-25-1024,0056,-2.220446049e-16,37.11401427,1.8904375611e+06,9.5815714526e+00,5.6475889248e-01,8.1414220400e-03,4812,9.5000000000e+00,9.6666666667e+00,/oss06/data/project/tkcastrosim/HNHuang/project_big_sim/data/PL/PL_25_1024/fof_output_0056.hdf5
PL-25-1024,0056,-2.220446049e-16,37.11401427,1.8904375611e+06,9.7473396014e+00,3.9340644380e-01,6.7950000489e-03,3352,9.6666666667e+00,9.8333333333e+00,/oss06/data/project/tkcastrosim/HNHuang/project_big_sim/data/PL/PL_25_1024/fof_output_0056.hdf5
PL-25-1024,0056,-2.220446049e-16,37.11401427,1.8904375611e+06,9.9142210909e+00,2.8296626969e-01,5.7628333977e-03,2411,9.8333333333e+00,1.0000000000e+01,/oss06/data/project/tkcastrosim/HNHuang/project_big_sim/data/PL/PL_25_1024/fof_output_0056.hdf5
PL-25-1024,0056,-2.220446049e-16,37.11401427,1.8904375611e+06,1.0081418877e+01,1.9506011623e-01,4.7846807880e-03,1662,1.0000000000e+01,1.0166666667e+01,/oss06/data/project/tkcastrosim/HNHuang/project_big_sim/data/PL/PL_25_1024/fof_output_0056.hdf5
PL-25-1024,0056,-2.220446049e-16,37.11401427,1.8904375611e+06,1.0248389895e+01,1.4165918188e-01,4.0774730031e-03,1207,1.0166666667e+01,1.0333333333e+01,/oss06/data/project/tkcastrosim/HNHuang/project_big_sim/data/PL/PL_25_1024/fof_output_0056.hdf5
PL-25-1024,0056,-2.220446049e-16,37.11401427,1.8904375611e+06,1.0414444387e+01,9.8468975642e-02,3.3995265680e-03,839,1.0333333333e+01,1.0500000000e+01,/oss06/data/project/tkcastrosim/HNHuang/project_big_sim/data/PL/PL_25_1024/fof_output_0056.hdf5
PL-25-1024,0056,-2.220446049e-16,37.11401427,1.8904375611e+06,1.0583515148e+01,7.1709826123e-02,2.9010690401e-03,611,1.0500000000e+01,1.0666666667e+01,/oss06/data/project/tkcastrosim/HNHuang/project_big_sim/data/PL/PL_25_1024/fof_output_0056.hdf5
PL-25-1024,0056,-2.220446049e-16,37.11401427,1.8904375611e+06,1.0745917054e+01,5.1757828675e-02,2.4646585083e-03,441,1.0666666667e+01,1.0833333333e+01,/oss06/data/project/tkcastrosim/HNHuang/project_big_sim/data/PL/PL_25_1024/fof_output_0056.hdf5
PL-25-1024,0056,-2.220446049e-16,37.11401427,1.8904375611e+06,1.0911364335e+01,3.3801030971e-02,1.9917448509e-03,288,1.0833333333e+01,1.1000000000e+01,/oss06/data/project/tkcastrosim/HNHuang/project_big_sim/data/PL/PL_25_1024/fof_output_0056.hdf5
PL-25-1024,0056,-2.220446049e-16,37.11401427,1.8904375611e+06,1.1080622107e+01,2.6993878901e-02,1.7799236648e-03,230,1.1000000000e+01,1.1166666667e+01,/oss06/data/project/tkcastrosim/HNHuang/project_big_sim/data/PL/PL_25_1024/fof_output_0056.hdf5
PL-25-1024,0056,-2.220446049e-16,37.11401427,1.8904375611e+06,1.1244301394e+01,1.8308891776e-02,1.4658845192e-03,156,1.1166666667e+01,1.1333333333e+01,/oss06/data/project/tkcastrosim/HNHuang/project_big_sim/data/PL/PL_25_1024/fof_output_0056.hdf5
PL-25-1024,0056,-2.220446049e-16,37.11401427,1.8904375611e+06,1.1414754592e+01,1.1267010324e-02,1.1499344258e-03,96,1.1333333333e+01,1.1500000000e+01,/oss06/data/project/tkcastrosim/HNHuang/project_big_sim/data/PL/PL_25_1024/fof_output_0056.hdf5
PL-25-1024,0056,-2.220446049e-16,37.11401427,1.8904375611e+06,1.1580285239e+01,8.9197165063e-03,1.0231616541e-03,76,1.1500000000e+01,1.1666666667e+01,/oss06/data/project/tkcastrosim/HNHuang/project_big_sim/data/PL/PL_25_1024/fof_output_0056.hdf5
PL-25-1024,0056,-2.220446049e-16,37.11401427,1.8904375611e+06,1.1743854147e+01,6.8071520706e-03,8.9382285632e-04,58,1.1666666667e+01,1.1833333333e+01,/oss06/data/project/tkcastrosim/HNHuang/project_big_sim/data/PL/PL_25_1024/fof_output_0056.hdf5
PL-25-1024,0056,-2.220446049e-16,37.11401427,1.8904375611e+06,1.1924161170e+01,5.5161404710e-03,8.0461178290e-04,47,1.1833333333e+01,1.2000000000e+01,/oss06/data/project/tkcastrosim/HNHuang/project_big_sim/data/PL/PL_25_1024/fof_output_0056.hdf5
PL-25-1024,0056,-2.220446049e-16,37.11401427,1.8904375611e+06,1.2066046670e+01,3.1688466536e-03,6.0984482282e-04,27,1.2000000000e+01,1.2166666667e+01,/oss06/data/project/tkcastrosim/HNHuang/project_big_sim/data/PL/PL_25_1024/fof_output_0056.hdf5
PL-25-1024,0056,-2.220446049e-16,37.11401427,1.8904375611e+06,1.2238068946e+01,2.6993878901e-03,5.6286128421e-04,23,1.2166666667e+01,1.2333333333e+01,/oss06/data/project/tkcastrosim/HNHuang/project_big_sim/data/PL/PL_25_1024/fof_output_0056.hdf5
PL-25-1024,0056,-2.220446049e-16,37.11401427,1.8904375611e+06,1.2404941683e+01,1.2910115996e-03,3.8925464326e-04,11,1.2333333333e+01,1.2500000000e+01,/oss06/data/project/tkcastrosim/HNHuang/project_big_sim/data/PL/PL_25_1024/fof_output_0056.hdf5
PL-25-1024,0056,-2.220446049e-16,37.11401427,1.8904375611e+06,1.2586503576e+01,1.1736469087e-03,3.7113974004e-04,10,1.2500000000e+01,1.2666666667e+01,/oss06/data/project/tkcastrosim/HNHuang/project_big_sim/data/PL/PL_25_1024/fof_output_0056.hdf5
PL-25-1024,0056,-2.220446049e-16,37.11401427,1.8904375611e+06,1.2756456165e+01,1.0562822179e-03,3.5209407262e-04,9,1.2666666667e+01,1.2833333333e+01,/oss06/data/project/tkcastrosim/HNHuang/project_big_sim/data/PL/PL_25_1024/fof_output_0056.hdf5
PL-25-1024,0056,-2.220446049e-16,37.11401427,1.8904375611e+06,1.2928098115e+01,7.0418814523e-04,2.8748360646e-04,6,1.2833333333e+01,1.3000000000e+01,/oss06/data/project/tkcastrosim/HNHuang/project_big_sim/data/PL/PL_25_1024/fof_output_0056.hdf5
PL-25-1024,0056,-2.220446049e-16,37.11401427,1.8904375611e+06,1.3120238363e+01,4.6945876349e-04,2.3472938174e-04,4,1.3000000000e+01,1.3166666667e+01,/oss06/data/project/tkcastrosim/HNHuang/project_big_sim/data/PL/PL_25_1024/fof_output_0056.hdf5
PL-25-1024,0056,-2.220446049e-16,37.11401427,1.8904375611e+06,1.3249999481e+01,9.3891752698e-04,3.3195747515e-04,8,1.3166666667e+01,1.3333333333e+01,/oss06/data/project/tkcastrosim/HNHuang/project_big_sim/data/PL/PL_25_1024/fof_output_0056.hdf5
PL-25-1024,0056,-2.220446049e-16,37.11401427,1.8904375611e+06,1.3390258585e+01,3.5209407262e-04,2.0328160761e-04,3,1.3333333333e+01,1.3500000000e+01,/oss06/data/project/tkcastrosim/HNHuang/project_big_sim/data/PL/PL_25_1024/fof_output_0056.hdf5
PL-25-1024,0056,-2.220446049e-16,37.11401427,1.8904375611e+06,1.3550513495e+01,2.3472938174e-04,1.6597873758e-04,2,1.3500000000e+01,1.3666666667e+01,/oss06/data/project/tkcastrosim/HNHuang/project_big_sim/data/PL/PL_25_1024/fof_output_0056.hdf5
PL-25-1024,0056,-2.220446049e-16,37.11401427,1.8904375611e+06,1.3818188252e+01,1.1736469087e-04,1.1736469087e-04,1,1.3666666667e+01,1.3833333333e+01,/oss06/data/project/tkcastrosim/HNHuang/project_big_sim/data/PL/PL_25_1024/fof_output_0056.hdf5
PL-25-1024,0056,-2.220446049e-16,37.11401427,1.8904375611e+06,1.3916666667e+01,0.0000000000e+00,0.0000000000e+00,0,1.3833333333e+01,1.4000000000e+01,/oss06/data/project/tkcastrosim/HNHuang/project_big_sim/data/PL/PL_25_1024/fof_output_0056.hdf5
PL-25-1024,0056,-2.220446049e-16,37.11401427,1.8904375611e+06,1.4083333333e+01,0.0000000000e+00,0.0000000000e+00,0,1.4000000000e+01,1.4166666667e+01,/oss06/data/project/tkcastrosim/HNHuang/project_big_sim/data/PL/PL_25_1024/fof_output_0056.hdf5
PL-25-1024,0056,-2.220446049e-16,37.11401427,1.8904375611e+06,1.4250000000e+01,0.0000000000e+00,0.0000000000e+00,0,1.4166666667e+01,1.4333333333e+01,/oss06/data/project/tkcastrosim/HNHuang/project_big_sim/data/PL/PL_25_1024/fof_output_0056.hdf5
PL-25-1024,0056,-2.220446049e-16,37.11401427,1.8904375611e+06,1.4416666667e+01,0.0000000000e+00,0.0000000000e+00,0,1.4333333333e+01,1.4500000000e+01,/oss06/data/project/tkcastrosim/HNHuang/project_big_sim/data/PL/PL_25_1024/fof_output_0056.hdf5
PL-25-512,0056,-2.220446049e-16,37.11401427,1.5123500489e+07,7.0124754056e+00,5.6855059355e+02,2.5831717840e-01,4844307,7.0000000000e+00,7.1666666667e+00,/oss06/data/project/tkcastrosim/HNHuang/project_big_sim/data/PL/PL_25_512/fof_output_0056.hdf5
PL-25-512,0056,-2.220446049e-16,37.11401427,1.5123500489e+07,7.2500000000e+00,0.0000000000e+00,0.0000000000e+00,0,7.1666666667e+00,7.3333333333e+00,/oss06/data/project/tkcastrosim/HNHuang/project_big_sim/data/PL/PL_25_512/fof_output_0056.hdf5
PL-25-512,0056,-2.220446049e-16,37.11401427,1.5123500489e+07,7.3404672007e+00,1.6641855443e+02,1.3975572331e-01,1417961,7.3333333333e+00,7.5000000000e+00,/oss06/data/project/tkcastrosim/HNHuang/project_big_sim/data/PL/PL_25_512/fof_output_0056.hdf5
PL-25-512,0056,-2.220446049e-16,37.11401427,1.5123500489e+07,7.5335491135e+00,7.0920900671e+01,9.1233818202e-02,604278,7.5000000000e+00,7.6666666667e+00,/oss06/data/project/tkcastrosim/HNHuang/project_big_sim/data/PL/PL_25_512/fof_output_0056.hdf5
PL-25-512,0056,-2.220446049e-16,37.11401427,1.5123500489e+07,7.7136741824e+00,5.9915144149e+01,8.3856558310e-02,510504,7.6666666667e+00,7.8333333333e+00,/oss06/data/project/tkcastrosim/HNHuang/project_big_sim/data/PL/PL_25_512/fof_output_0056.hdf5
PL-25-512,0056,-2.220446049e-16,37.11401427,1.5123500489e+07,7.9208118533e+00,3.2744983483e+01,6.1992780742e-02,279002,7.8333333333e+00,8.0000000000e+00,/oss06/data/project/tkcastrosim/HNHuang/project_big_sim/data/PL/PL_25_512/fof_output_0056.hdf5
PL-25-512,0056,-2.220446049e-16,37.11401427,1.5123500489e+07,8.0961859565e+00,1.3778145250e+01,4.0212781028e-02,117396,8.0000000000e+00,8.1666666667e+00,/oss06/data/project/tkcastrosim/HNHuang/project_big_sim/data/PL/PL_25_512/fof_output_0056.hdf5
PL-25-512,0056,-2.220446049e-16,37.11401427,1.5123500489e+07,8.2496030182e+00,1.0763633165e+01,3.5542516498e-02,91711,8.1666666667e+00,8.3333333333e+00,/oss06/data/project/tkcastrosim/HNHuang/project_big_sim/data/PL/PL_25_512/fof_output_0056.hdf5
PL-25-512,0056,-2.220446049e-16,37.11401427,1.5123500489e+07,8.4155861680e+00,6.7826228502e+00,2.8214188525e-02,57791,8.3333333333e+00,8.5000000000e+00,/oss06/data/project/tkcastrosim/HNHuang/project_big_sim/data/PL/PL_25_512/fof_output_0056.hdf5
PL-25-512,0056,-2.220446049e-16,37.11401427,1.5123500489e+07,8.5784876069e+00,4.4393194322e+00,2.2825848349e-02,37825,8.5000000000e+00,8.6666666667e+00,/oss06/data/project/tkcastrosim/HNHuang/project_big_sim/data/PL/PL_25_512/fof_output_0056.hdf5
PL-25-512,0056,-2.220446049e-16,37.11401427,1.5123500489e+07,8.7434708948e+00,3.1194361187e+00,1.9134044417e-02,26579,8.6666666667e+00,8.8333333333e+00,/oss06/data/project/tkcastrosim/HNHuang/project_big_sim/data/PL/PL_25_512/fof_output_0056.hdf5
PL-25-512,0056,-2.220446049e-16,37.11401427,1.5123500489e+07,8.9128746718e+00,2.1737114396e+00,1.5972381512e-02,18521,8.8333333333e+00,9.0000000000e+00,/oss06/data/project/tkcastrosim/HNHuang/project_big_sim/data/PL/PL_25_512/fof_output_0056.hdf5
PL-25-512,0056,-2.220446049e-16,37.11401427,1.5123500489e+07,9.0814880369e+00,1.5127135007e+00,1.3324381876e-02,12889,9.0000000000e+00,9.1666666667e+00,/oss06/data/project/tkcastrosim/HNHuang/project_big_sim/data/PL/PL_25_512/fof_output_0056.hdf5
PL-25-512,0056,-2.220446049e-16,37.11401427,1.5123500489e+07,9.2475590908e+00,1.0309314446e+00,1.0999770466e-02,8784,9.1666666667e+00,9.3333333333e+00,/oss06/data/project/tkcastrosim/HNHuang/project_big_sim/data/PL/PL_25_512/fof_output_0056.hdf5
PL-25-512,0056,-2.220446049e-16,37.11401427,1.5123500489e+07,9.4146255330e+00,7.5688489144e-01,9.4250496714e-03,6449,9.3333333333e+00,9.5000000000e+00,/oss06/data/project/tkcastrosim/HNHuang/project_big_sim/data/PL/PL_25_512/fof_output_0056.hdf5
PL-25-512,0056,-2.220446049e-16,37.11401427,1.5123500489e+07,9.5810303011e+00,5.5278769401e-01,8.0546729807e-03,4710,9.5000000000e+00,9.6666666667e+00,/oss06/data/project/tkcastrosim/HNHuang/project_big_sim/data/PL/PL_25_512/fof_output_0056.hdf5
PL-25-512,0056,-2.220446049e-16,37.11401427,1.5123500489e+07,9.7483688153e+00,3.8483882137e-01,6.7206018559e-03,3279,9.6666666667e+00,9.8333333333e+00,/oss06/data/project/tkcastrosim/HNHuang/project_big_sim/data/PL/PL_25_512/fof_output_0056.hdf5
PL-25-512,0056,-2.220446049e-16,37.11401427,1.5123500489e+07,9.9146887078e+00,2.7768485860e-01,5.7088000131e-03,2366,9.8333333333e+00,1.0000000000e+01,/oss06/data/project/tkcastrosim/HNHuang/project_big_sim/data/PL/PL_25_512/fof_output_0056.hdf5
PL-25-512,0056,-2.220446049e-16,37.11401427,1.5123500489e+07,1.0082635309e+01,1.9635112783e-01,4.8004884564e-03,1673,1.0000000000e+01,1.0166666667e+01,/oss06/data/project/tkcastrosim/HNHuang/project_big_sim/data/PL/PL_25_512/fof_output_0056.hdf5
PL-25-512,0056,-2.220446049e-16,37.11401427,1.5123500489e+07,1.0249742771e+01,1.3778614708e-01,4.0213466102e-03,1174,1.0166666667e+01,1.0333333333e+01,/oss06/data/project/tkcastrosim/HNHuang/project_big_sim/data/PL/PL_25_512/fof_output_0056.hdf5
PL-25-512,0056,-2.220446049e-16,37.11401427,1.5123500489e+07,1.0415080746e+01,1.0140309291e-01,3.4498032775e-03,864,1.0333333333e+01,1.0500000000e+01,/oss06/data/project/tkcastrosim/HNHuang/project_big_sim/data/PL/PL_25_512/fof_output_0056.hdf5
PL-25-512,0056,-2.220446049e-16,37.11401427,1.5123500489e+07,1.0583661007e+01,7.3705025868e-02,2.9411507232e-03,628,1.0500000000e+01,1.0666666667e+01,/oss06/data/project/tkcastrosim/HNHuang/project_big_sim/data/PL/PL_25_512/fof_output_0056.hdf5
PL-25-512,0056,-2.220446049e-16,37.11401427,1.5123500489e+07,1.0746809515e+01,5.2344652129e-02,2.4785911151e-03,446,1.0666666667e+01,1.0833333333e+01,/oss06/data/project/tkcastrosim/HNHuang/project_big_sim/data/PL/PL_25_512/fof_output_0056.hdf5
PL-25-512,0056,-2.220446049e-16,37.11401427,1.5123500489e+07,1.0909577926e+01,3.3448936899e-02,1.9813440234e-03,285,1.0833333333e+01,1.1000000000e+01,/oss06/data/project/tkcastrosim/HNHuang/project_big_sim/data/PL/PL_25_512/fof_output_0056.hdf5
PL-25-512,0056,-2.220446049e-16,37.11401427,1.5123500489e+07,1.1082306949e+01,2.8636984573e-02,1.8332950777e-03,244,1.1000000000e+01,1.1166666667e+01,/oss06/data/project/tkcastrosim/HNHuang/project_big_sim/data/PL/PL_25_512/fof_output_0056.hdf5
PL-25-512,0056,-2.220446049e-16,37.11401427,1.5123500489e+07,1.1246227802e+01,1.7956797703e-02,1.4517210516e-03,153,1.1166666667e+01,1.1333333333e+01,/oss06/data/project/tkcastrosim/HNHuang/project_big_sim/data/PL/PL_25_512/fof_output_0056.hdf5
PL-25-512,0056,-2.220446049e-16,37.11401427,1.5123500489e+07,1.1418933776e+01,1.1501739705e-02,1.1618511630e-03,98,1.1333333333e+01,1.1500000000e+01,/oss06/data/project/tkcastrosim/HNHuang/project_big_sim/data/PL/PL_25_512/fof_output_0056.hdf5
PL-25-512,0056,-2.220446049e-16,37.11401427,1.5123500489e+07,1.1583586458e+01,8.5676224337e-03,1.0027643584e-03,73,1.1500000000e+01,1.1666666667e+01,/oss06/data/project/tkcastrosim/HNHuang/project_big_sim/data/PL/PL_25_512/fof_output_0056.hdf5
PL-25-512,0056,-2.220446049e-16,37.11401427,1.5123500489e+07,1.1739514448e+01,6.4550579980e-03,8.7039984289e-04,55,1.1666666667e+01,1.1833333333e+01,/oss06/data/project/tkcastrosim/HNHuang/project_big_sim/data/PL/PL_25_512/fof_output_0056.hdf5
PL-25-512,0056,-2.220446049e-16,37.11401427,1.5123500489e+07,1.1919835986e+01,6.1029639254e-03,8.4632882174e-04,52,1.1833333333e+01,1.2000000000e+01,/oss06/data/project/tkcastrosim/HNHuang/project_big_sim/data/PL/PL_25_512/fof_output_0056.hdf5
PL-25-512,0056,-2.220446049e-16,37.11401427,1.5123500489e+07,1.2063681266e+01,3.1688466536e-03,6.0984482282e-04,27,1.2000000000e+01,1.2166666667e+01,/oss06/data/project/tkcastrosim/HNHuang/project_big_sim/data/PL/PL_25_512/fof_output_0056.hdf5
PL-25-512,0056,-2.220446049e-16,37.11401427,1.5123500489e+07,1.2239469330e+01,2.8167525809e-03,5.7496721291e-04,24,1.2166666667e+01,1.2333333333e+01,/oss06/data/project/tkcastrosim/HNHuang/project_big_sim/data/PL/PL_25_512/fof_output_0056.hdf5
PL-25-512,0056,-2.220446049e-16,37.11401427,1.5123500489e+07,1.2410397998e+01,1.1736469087e-03,3.7113974004e-04,10,1.2333333333e+01,1.2500000000e+01,/oss06/data/project/tkcastrosim/HNHuang/project_big_sim/data/PL/PL_25_512/fof_output_0056.hdf5
PL-25-512,0056,-2.220446049e-16,37.11401427,1.5123500489e+07,1.2584105482e+01,1.1736469087e-03,3.7113974004e-04,10,1.2500000000e+01,1.2666666667e+01,/oss06/data/project/tkcastrosim/HNHuang/project_big_sim/data/PL/PL_25_512/fof_output_0056.hdf5
PL-25-512,0056,-2.220446049e-16,37.11401427,1.5123500489e+07,1.2761991277e+01,1.0562822179e-03,3.5209407262e-04,9,1.2666666667e+01,1.2833333333e+01,/oss06/data/project/tkcastrosim/HNHuang/project_big_sim/data/PL/PL_25_512/fof_output_0056.hdf5
PL-25-512,0056,-2.220446049e-16,37.11401427,1.5123500489e+07,1.2917287303e+01,5.8682345436e-04,2.6243542695e-04,5,1.2833333333e+01,1.3000000000e+01,/oss06/data/project/tkcastrosim/HNHuang/project_big_sim/data/PL/PL_25_512/fof_output_0056.hdf5
PL-25-512,0056,-2.220446049e-16,37.11401427,1.5123500489e+07,1.3102368347e+01,5.8682345436e-04,2.6243542695e-04,5,1.3000000000e+01,1.3166666667e+01,/oss06/data/project/tkcastrosim/HNHuang/project_big_sim/data/PL/PL_25_512/fof_output_0056.hdf5
PL-25-512,0056,-2.220446049e-16,37.11401427,1.5123500489e+07,1.3263600729e+01,9.3891752698e-04,3.3195747515e-04,8,1.3166666667e+01,1.3333333333e+01,/oss06/data/project/tkcastrosim/HNHuang/project_big_sim/data/PL/PL_25_512/fof_output_0056.hdf5
PL-25-512,0056,-2.220446049e-16,37.11401427,1.5123500489e+07,1.3396366779e+01,3.5209407262e-04,2.0328160761e-04,3,1.3333333333e+01,1.3500000000e+01,/oss06/data/project/tkcastrosim/HNHuang/project_big_sim/data/PL/PL_25_512/fof_output_0056.hdf5
PL-25-512,0056,-2.220446049e-16,37.11401427,1.5123500489e+07,1.3554056851e+01,2.3472938174e-04,1.6597873758e-04,2,1.3500000000e+01,1.3666666667e+01,/oss06/data/project/tkcastrosim/HNHuang/project_big_sim/data/PL/PL_25_512/fof_output_0056.hdf5
PL-25-512,0056,-2.220446049e-16,37.11401427,1.5123500489e+07,1.3819736061e+01,1.1736469087e-04,1.1736469087e-04,1,1.3666666667e+01,1.3833333333e+01,/oss06/data/project/tkcastrosim/HNHuang/project_big_sim/data/PL/PL_25_512/fof_output_0056.hdf5
PL-25-512,0056,-2.220446049e-16,37.11401427,1.5123500489e+07,1.3916666667e+01,0.0000000000e+00,0.0000000000e+00,0,1.3833333333e+01,1.4000000000e+01,/oss06/data/project/tkcastrosim/HNHuang/project_big_sim/data/PL/PL_25_512/fof_output_0056.hdf5
PL-25-512,0056,-2.220446049e-16,37.11401427,1.5123500489e+07,1.4083333333e+01,0.0000000000e+00,0.0000000000e+00,0,1.4000000000e+01,1.4166666667e+01,/oss06/data/project/tkcastrosim/HNHuang/project_big_sim/data/PL/PL_25_512/fof_output_0056.hdf5
PL-25-512,0056,-2.220446049e-16,37.11401427,1.5123500489e+07,1.4250000000e+01,0.0000000000e+00,0.0000000000e+00,0,1.4166666667e+01,1.4333333333e+01,/oss06/data/project/tkcastrosim/HNHuang/project_big_sim/data/PL/PL_25_512/fof_output_0056.hdf5
PL-25-512,0056,-2.220446049e-16,37.11401427,1.5123500489e+07,1.4416666667e+01,0.0000000000e+00,0.0000000000e+00,0,1.4333333333e+01,1.4500000000e+01,/oss06/data/project/tkcastrosim/HNHuang/project_big_sim/data/PL/PL_25_512/fof_output_0056.hdf5
PL-25-256,0056,-2.220446049e-16,37.11401427,1.2098800391e+08,7.0833333333e+00,0.0000000000e+00,0.0000000000e+00,0,7.0000000000e+00,7.1666666667e+00,/oss06/data/project/tkcastrosim/HNHuang/project_big_sim/data/PL/PL_25_256/fof_output_0056.hdf5
PL-25-256,0056,-2.220446049e-16,37.11401427,1.2098800391e+08,7.2500000000e+00,0.0000000000e+00,0.0000000000e+00,0,7.1666666667e+00,7.3333333333e+00,/oss06/data/project/tkcastrosim/HNHuang/project_big_sim/data/PL/PL_25_256/fof_output_0056.hdf5
PL-25-256,0056,-2.220446049e-16,37.11401427,1.2098800391e+08,7.4166666667e+00,0.0000000000e+00,0.0000000000e+00,0,7.3333333333e+00,7.5000000000e+00,/oss06/data/project/tkcastrosim/HNHuang/project_big_sim/data/PL/PL_25_256/fof_output_0056.hdf5
PL-25-256,0056,-2.220446049e-16,37.11401427,1.2098800391e+08,7.5833333333e+00,0.0000000000e+00,0.0000000000e+00,0,7.5000000000e+00,7.6666666667e+00,/oss06/data/project/tkcastrosim/HNHuang/project_big_sim/data/PL/PL_25_256/fof_output_0056.hdf5
PL-25-256,0056,-2.220446049e-16,37.11401427,1.2098800391e+08,7.7500000000e+00,0.0000000000e+00,0.0000000000e+00,0,7.6666666667e+00,7.8333333333e+00,/oss06/data/project/tkcastrosim/HNHuang/project_big_sim/data/PL/PL_25_256/fof_output_0056.hdf5
PL-25-256,0056,-2.220446049e-16,37.11401427,1.2098800391e+08,7.9155653925e+00,7.7305305125e+01,9.5251841131e-02,658676,7.8333333333e+00,8.0000000000e+00,/oss06/data/project/tkcastrosim/HNHuang/project_big_sim/data/PL/PL_25_256/fof_output_0056.hdf5
PL-25-256,0056,-2.220446049e-16,37.11401427,1.2098800391e+08,8.0833333333e+00,0.0000000000e+00,0.0000000000e+00,0,8.0000000000e+00,8.1666666667e+00,/oss06/data/project/tkcastrosim/HNHuang/project_big_sim/data/PL/PL_25_256/fof_output_0056.hdf5
PL-25-256,0056,-2.220446049e-16,37.11401427,1.2098800391e+08,8.2435571877e+00,2.2412078734e+01,5.1287295624e-02,190961,8.1666666667e+00,8.3333333333e+00,/oss06/data/project/tkcastrosim/HNHuang/project_big_sim/data/PL/PL_25_256/fof_output_0056.hdf5
PL-25-256,0056,-2.220446049e-16,37.11401427,1.2098800391e+08,8.4366391005e+00,9.5201542648e+00,3.3426485941e-02,81116,8.3333333333e+00,8.5000000000e+00,/oss06/data/project/tkcastrosim/HNHuang/project_big_sim/data/PL/PL_25_256/fof_output_0056.hdf5
PL-25-256,0056,-2.220446049e-16,37.11401427,1.2098800391e+08,8.5735918051e+00,5.0499679189e+00,2.4345182762e-02,43028,8.5000000000e+00,8.6666666667e+00,/oss06/data/project/tkcastrosim/HNHuang/project_big_sim/data/PL/PL_25_256/fof_output_0056.hdf5
PL-25-256,0056,-2.220446049e-16,37.11401427,1.2098800391e+08,8.7155297774e+00,5.0606481057e+00,2.4370913002e-02,43119,8.6666666667e+00,8.8333333333e+00,/oss06/data/project/tkcastrosim/HNHuang/project_big_sim/data/PL/PL_25_256/fof_output_0056.hdf5
PL-25-256,0056,-2.220446049e-16,37.11401427,1.2098800391e+08,8.8898949619e+00,3.1933758739e+00,1.9359482748e-02,27209,8.8333333333e+00,9.0000000000e+00,/oss06/data/project/tkcastrosim/HNHuang/project_big_sim/data/PL/PL_25_256/fof_output_0056.hdf5
PL-25-256,0056,-2.220446049e-16,37.11401427,1.2098800391e+08,9.0763301392e+00,2.1200757759e+00,1.5774093891e-02,18064,9.0000000000e+00,9.1666666667e+00,/oss06/data/project/tkcastrosim/HNHuang/project_big_sim/data/PL/PL_25_256/fof_output_0056.hdf5
PL-25-256,0056,-2.220446049e-16,37.11401427,1.2098800391e+08,9.2580167491e+00,1.0640282874e+00,1.1174942999e-02,9066,9.1666666667e+00,9.3333333333e+00,/oss06/data/project/tkcastrosim/HNHuang/project_big_sim/data/PL/PL_25_256/fof_output_0056.hdf5
PL-25-256,0056,-2.220446049e-16,37.11401427,1.2098800391e+08,9.4198924514e+00,7.4315322260e-01,9.3391620738e-03,6332,9.3333333333e+00,9.5000000000e+00,/oss06/data/project/tkcastrosim/HNHuang/project_big_sim/data/PL/PL_25_256/fof_output_0056.hdf5
PL-25-256,0056,-2.220446049e-16,37.11401427,1.2098800391e+08,9.5829389469e+00,4.9046704316e-01,7.5870622050e-03,4179,9.5000000000e+00,9.6666666667e+00,/oss06/data/project/tkcastrosim/HNHuang/project_big_sim/data/PL/PL_25_256/fof_output_0056.hdf5
PL-25-256,0056,-2.220446049e-16,37.11401427,1.2098800391e+08,9.7443039477e+00,3.6324371825e-01,6.5293174761e-03,3095,9.6666666667e+00,9.8333333333e+00,/oss06/data/project/tkcastrosim/HNHuang/project_big_sim/data/PL/PL_25_256/fof_output_0056.hdf5
PL-25-256,0056,-2.220446049e-16,37.11401427,1.2098800391e+08,9.9134201288e+00,2.5679394363e-01,5.4898580867e-03,2188,9.8333333333e+00,1.0000000000e+01,/oss06/data/project/tkcastrosim/HNHuang/project_big_sim/data/PL/PL_25_256/fof_output_0056.hdf5
PL-25-256,0056,-2.220446049e-16,37.11401427,1.2098800391e+08,1.0081628182e+01,1.8344101183e-01,4.6399889706e-03,1563,1.0000000000e+01,1.0166666667e+01,/oss06/data/project/tkcastrosim/HNHuang/project_big_sim/data/PL/PL_25_256/fof_output_0056.hdf5
PL-25-256,0056,-2.220446049e-16,37.11401427,1.2098800391e+08,1.0248455622e+01,1.4095499374e-01,4.0673258127e-03,1201,1.0166666667e+01,1.0333333333e+01,/oss06/data/project/tkcastrosim/HNHuang/project_big_sim/data/PL/PL_25_256/fof_output_0056.hdf5
PL-25-256,0056,-2.220446049e-16,37.11401427,1.2098800391e+08,1.0414215756e+01,9.3539658625e-02,3.3133447027e-03,797,1.0333333333e+01,1.0500000000e+01,/oss06/data/project/tkcastrosim/HNHuang/project_big_sim/data/PL/PL_25_256/fof_output_0056.hdf5
PL-25-256,0056,-2.220446049e-16,37.11401427,1.2098800391e+08,1.0582323847e+01,7.0770908596e-02,2.8820141933e-03,603,1.0500000000e+01,1.0666666667e+01,/oss06/data/project/tkcastrosim/HNHuang/project_big_sim/data/PL/PL_25_256/fof_output_0056.hdf5
PL-25-256,0056,-2.220446049e-16,37.11401427,1.2098800391e+08,1.0743703963e+01,4.9997358312e-02,2.4223799253e-03,426,1.0666666667e+01,1.0833333333e+01,/oss06/data/project/tkcastrosim/HNHuang/project_big_sim/data/PL/PL_25_256/fof_output_0056.hdf5
PL-25-256,0056,-2.220446049e-16,37.11401427,1.2098800391e+08,1.0910165435e+01,3.5796230716e-02,2.0496862083e-03,305,1.0833333333e+01,1.1000000000e+01,/oss06/data/project/tkcastrosim/HNHuang/project_big_sim/data/PL/PL_25_256/fof_output_0056.hdf5
PL-25-256,0056,-2.220446049e-16,37.11401427,1.2098800391e+08,1.1085337265e+01,2.7580702355e-02,1.7991666421e-03,235,1.1000000000e+01,1.1166666667e+01,/oss06/data/project/tkcastrosim/HNHuang/project_big_sim/data/PL/PL_25_256/fof_output_0056.hdf5
PL-25-256,0056,-2.220446049e-16,37.11401427,1.2098800391e+08,1.1243348192e+01,1.7956797703e-02,1.4517210516e-03,153,1.1166666667e+01,1.1333333333e+01,/oss06/data/project/tkcastrosim/HNHuang/project_big_sim/data/PL/PL_25_256/fof_output_0056.hdf5
PL-25-256,0056,-2.220446049e-16,37.11401427,1.2098800391e+08,1.1412893637e+01,1.2205927851e-02,1.1968896979e-03,104,1.1333333333e+01,1.1500000000e+01,/oss06/data/project/tkcastrosim/HNHuang/project_big_sim/data/PL/PL_25_256/fof_output_0056.hdf5
PL-25-256,0056,-2.220446049e-16,37.11401427,1.2098800391e+08,1.1580529579e+01,9.3891752698e-03,1.0497417078e-03,80,1.1500000000e+01,1.1666666667e+01,/oss06/data/project/tkcastrosim/HNHuang/project_big_sim/data/PL/PL_25_256/fof_output_0056.hdf5
PL-25-256,0056,-2.220446049e-16,37.11401427,1.2098800391e+08,1.1746076421e+01,6.5724226888e-03,8.7827692510e-04,56,1.1666666667e+01,1.1833333333e+01,/oss06/data/project/tkcastrosim/HNHuang/project_big_sim/data/PL/PL_25_256/fof_output_0056.hdf5
PL-25-256,0056,-2.220446049e-16,37.11401427,1.2098800391e+08,1.1923861063e+01,5.9855992345e-03,8.3815153990e-04,51,1.1833333333e+01,1.2000000000e+01,/oss06/data/project/tkcastrosim/HNHuang/project_big_sim/data/PL/PL_25_256/fof_output_0056.hdf5
PL-25-256,0056,-2.220446049e-16,37.11401427,1.2098800391e+08,1.2073866867e+01,3.4035760353e-03,6.3202820289e-04,29,1.2000000000e+01,1.2166666667e+01,/oss06/data/project/tkcastrosim/HNHuang/project_big_sim/data/PL/PL_25_256/fof_output_0056.hdf5
PL-25-256,0056,-2.220446049e-16,37.11401427,1.2098800391e+08,1.2244699944e+01,2.5820231992e-03,5.5048919571e-04,22,1.2166666667e+01,1.2333333333e+01,/oss06/data/project/tkcastrosim/HNHuang/project_big_sim/data/PL/PL_25_256/fof_output_0056.hdf5
PL-25-256,0056,-2.220446049e-16,37.11401427,1.2098800391e+08,1.2401206425e+01,1.7604703631e-03,4.5455149318e-04,15,1.2333333333e+01,1.2500000000e+01,/oss06/data/project/tkcastrosim/HNHuang/project_big_sim/data/PL/PL_25_256/fof_output_0056.hdf5
PL-25-256,0056,-2.220446049e-16,37.11401427,1.2098800391e+08,1.2588668725e+01,1.1736469087e-03,3.7113974004e-04,10,1.2500000000e+01,1.2666666667e+01,/oss06/data/project/tkcastrosim/HNHuang/project_big_sim/data/PL/PL_25_256/fof_output_0056.hdf5
PL-25-256,0056,-2.220446049e-16,37.11401427,1.2098800391e+08,1.2772152382e+01,9.3891752698e-04,3.3195747515e-04,8,1.2666666667e+01,1.2833333333e+01,/oss06/data/project/tkcastrosim/HNHuang/project_big_sim/data/PL/PL_25_256/fof_output_0056.hdf5
PL-25-256,0056,-2.220446049e-16,37.11401427,1.2098800391e+08,1.2897224994e+01,4.6945876349e-04,2.3472938174e-04,4,1.2833333333e+01,1.3000000000e+01,/oss06/data/project/tkcastrosim/HNHuang/project_big_sim/data/PL/PL_25_256/fof_output_0056.hdf5
PL-25-256,0056,-2.220446049e-16,37.11401427,1.2098800391e+08,1.3084492271e+01,7.0418814523e-04,2.8748360646e-04,6,1.3000000000e+01,1.3166666667e+01,/oss06/data/project/tkcastrosim/HNHuang/project_big_sim/data/PL/PL_25_256/fof_output_0056.hdf5
PL-25-256,0056,-2.220446049e-16,37.11401427,1.2098800391e+08,1.3264465513e+01,9.3891752698e-04,3.3195747515e-04,8,1.3166666667e+01,1.3333333333e+01,/oss06/data/project/tkcastrosim/HNHuang/project_big_sim/data/PL/PL_25_256/fof_output_0056.hdf5
PL-25-256,0056,-2.220446049e-16,37.11401427,1.2098800391e+08,1.3398960625e+01,3.5209407262e-04,2.0328160761e-04,3,1.3333333333e+01,1.3500000000e+01,/oss06/data/project/tkcastrosim/HNHuang/project_big_sim/data/PL/PL_25_256/fof_output_0056.hdf5
PL-25-256,0056,-2.220446049e-16,37.11401427,1.2098800391e+08,1.3557797417e+01,2.3472938174e-04,1.6597873758e-04,2,1.3500000000e+01,1.3666666667e+01,/oss06/data/project/tkcastrosim/HNHuang/project_big_sim/data/PL/PL_25_256/fof_output_0056.hdf5
PL-25-256,0056,-2.220446049e-16,37.11401427,1.2098800391e+08,1.3821996065e+01,1.1736469087e-04,1.1736469087e-04,1,1.3666666667e+01,1.3833333333e+01,/oss06/data/project/tkcastrosim/HNHuang/project_big_sim/data/PL/PL_25_256/fof_output_0056.hdf5
PL-25-256,0056,-2.220446049e-16,37.11401427,1.2098800391e+08,1.3916666667e+01,0.0000000000e+00,0.0000000000e+00,0,1.3833333333e+01,1.4000000000e+01,/oss06/data/project/tkcastrosim/HNHuang/project_big_sim/data/PL/PL_25_256/fof_output_0056.hdf5
PL-25-256,0056,-2.220446049e-16,37.11401427,1.2098800391e+08,1.4083333333e+01,0.0000000000e+00,0.0000000000e+00,0,1.4000000000e+01,1.4166666667e+01,/oss06/data/project/tkcastrosim/HNHuang/project_big_sim/data/PL/PL_25_256/fof_output_0056.hdf5
PL-25-256,0056,-2.220446049e-16,37.11401427,1.2098800391e+08,1.4250000000e+01,0.0000000000e+00,0.0000000000e+00,0,1.4166666667e+01,1.4333333333e+01,/oss06/data/project/tkcastrosim/HNHuang/project_big_sim/data/PL/PL_25_256/fof_output_0056.hdf5
PL-25-256,0056,-2.220446049e-16,37.11401427,1.2098800391e+08,1.4416666667e+01,0.0000000000e+00,0.0000000000e+00,0,1.4333333333e+01,1.4500000000e+01,/oss06/data/project/tkcastrosim/HNHuang/project_big_sim/data/PL/PL_25_256/fof_output_0056.hdf5
PL-50-512,0056,-2.220446049e-16,74.22802854,1.2098800391e+08,7.0833333333e+00,0.0000000000e+00,0.0000000000e+00,0,7.0000000000e+00,7.1666666667e+00,/oss06/data/project/tkcastrosim/HNHuang/project_big_sim/data/PL/PL_50_512/fof_output_0056.hdf5
PL-50-512,0056,-2.220446049e-16,74.22802854,1.2098800391e+08,7.2500000000e+00,0.0000000000e+00,0.0000000000e+00,0,7.1666666667e+00,7.3333333333e+00,/oss06/data/project/tkcastrosim/HNHuang/project_big_sim/data/PL/PL_50_512/fof_output_0056.hdf5
PL-50-512,0056,-2.220446049e-16,74.22802854,1.2098800391e+08,7.4166666667e+00,0.0000000000e+00,0.0000000000e+00,0,7.3333333333e+00,7.5000000000e+00,/oss06/data/project/tkcastrosim/HNHuang/project_big_sim/data/PL/PL_50_512/fof_output_0056.hdf5
PL-50-512,0056,-2.220446049e-16,74.22802854,1.2098800391e+08,7.5833333333e+00,0.0000000000e+00,0.0000000000e+00,0,7.5000000000e+00,7.6666666667e+00,/oss06/data/project/tkcastrosim/HNHuang/project_big_sim/data/PL/PL_50_512/fof_output_0056.hdf5
PL-50-512,0056,-2.220446049e-16,74.22802854,1.2098800391e+08,7.7500000000e+00,0.0000000000e+00,0.0000000000e+00,0,7.6666666667e+00,7.8333333333e+00,/oss06/data/project/tkcastrosim/HNHuang/project_big_sim/data/PL/PL_50_512/fof_output_0056.hdf5
PL-50-512,0056,-2.220446049e-16,74.22802854,1.2098800391e+08,7.9155653925e+00,7.6157669166e+01,3.3425703619e-02,5191181,7.8333333333e+00,8.0000000000e+00,/oss06/data/project/tkcastrosim/HNHuang/project_big_sim/data/PL/PL_50_512/fof_output_0056.hdf5
PL-50-512,0056,-2.220446049e-16,74.22802854,1.2098800391e+08,8.0833333333e+00,0.0000000000e+00,0.0000000000e+00,0,8.0000000000e+00,8.1666666667e+00,/oss06/data/project/tkcastrosim/HNHuang/project_big_sim/data/PL/PL_50_512/fof_output_0056.hdf5
PL-50-512,0056,-2.220446049e-16,74.22802854,1.2098800391e+08,8.2435571877e+00,2.2086509081e+01,1.8000612180e-02,1505496,8.1666666667e+00,8.3333333333e+00,/oss06/data/project/tkcastrosim/HNHuang/project_big_sim/data/PL/PL_50_512/fof_output_0056.hdf5
PL-50-512,0056,-2.220446049e-16,74.22802854,1.2098800391e+08,8.4366391005e+00,9.4189859013e+00,1.1755085966e-02,642032,8.3333333333e+00,8.5000000000e+00,/oss06/data/project/tkcastrosim/HNHuang/project_big_sim/data/PL/PL_50_512/fof_output_0056.hdf5
PL-50-512,0056,-2.220446049e-16,74.22802854,1.2098800391e+08,8.5735918051e+00,4.9728886581e+00,8.5413811830e-03,338970,8.5000000000e+00,8.6666666667e+00,/oss06/data/project/tkcastrosim/HNHuang/project_big_sim/data/PL/PL_50_512/fof_output_0056.hdf5
PL-50-512,0056,-2.220446049e-16,74.22802854,1.2098800391e+08,8.7159048260e+00,5.0257321102e+00,8.5866429377e-03,342572,8.6666666667e+00,8.8333333333e+00,/oss06/data/project/tkcastrosim/HNHuang/project_big_sim/data/PL/PL_50_512/fof_output_0056.hdf5
PL-50-512,0056,-2.220446049e-16,74.22802854,1.2098800391e+08,8.8903796939e+00,3.2078557427e+00,6.8601111289e-03,218659,8.8333333333e+00,9.0000000000e+00,/oss06/data/project/tkcastrosim/HNHuang/project_big_sim/data/PL/PL_50_512/fof_output_0056.hdf5
PL-50-512,0056,-2.220446049e-16,74.22802854,1.2098800391e+08,9.0770204260e+00,2.1376071266e+00,5.5999955315e-03,145707,9.0000000000e+00,9.1666666667e+00,/oss06/data/project/tkcastrosim/HNHuang/project_big_sim/data/PL/PL_50_512/fof_output_0056.hdf5
PL-50-512,0056,-2.220446049e-16,74.22802854,1.2098800391e+08,9.2574441413e+00,1.0658327696e+00,3.9542877602e-03,72651,9.1666666667e+00,9.3333333333e+00,/oss06/data/project/tkcastrosim/HNHuang/project_big_sim/data/PL/PL_50_512/fof_output_0056.hdf5
PL-50-512,0056,-2.220446049e-16,74.22802854,1.2098800391e+08,9.4210078813e+00,7.5640076209e-01,3.3311923844e-03,51559,9.3333333333e+00,9.5000000000e+00,/oss06/data/project/tkcastrosim/HNHuang/project_big_sim/data/PL/PL_50_512/fof_output_0056.hdf5
PL-50-512,0056,-2.220446049e-16,74.22802854,1.2098800391e+08,9.5826210210e+00,4.7878925641e-01,2.6503054794e-03,32636,9.5000000000e+00,9.6666666667e+00,/oss06/data/project/tkcastrosim/HNHuang/project_big_sim/data/PL/PL_50_512/fof_output_0056.hdf5
PL-50-512,0056,-2.220446049e-16,74.22802854,1.2098800391e+08,9.7461238514e+00,3.7194337596e-01,2.3359425116e-03,25353,9.6666666667e+00,9.8333333333e+00,/oss06/data/project/tkcastrosim/HNHuang/project_big_sim/data/PL/PL_50_512/fof_output_0056.hdf5
PL-50-512,0056,-2.220446049e-16,74.22802854,1.2098800391e+08,9.9142343152e+00,2.5944931976e-01,1.9509673630e-03,17685,9.8333333333e+00,1.0000000000e+01,/oss06/data/project/tkcastrosim/HNHuang/project_big_sim/data/PL/PL_50_512/fof_output_0056.hdf5
PL-50-512,0056,-2.220446049e-16,74.22802854,1.2098800391e+08,1.0081451147e+01,1.8440927053e-01,1.6448076267e-03,12570,1.0000000000e+01,1.0166666667e+01,/oss06/data/project/tkcastrosim/HNHuang/project_big_sim/data/PL/PL_50_512/fof_output_0056.hdf5
PL-50-512,0056,-2.220446049e-16,74.22802854,1.2098800391e+08,1.0248731323e+01,1.3001073631e-01,1.3810625383e-03,8862,1.0166666667e+01,1.0333333333e+01,/oss06/data/project/tkcastrosim/HNHuang/project_big_sim/data/PL/PL_50_512/fof_output_0056.hdf5
PL-50-512,0056,-2.220446049e-16,74.22802854,1.2098800391e+08,1.0415058737e+01,9.4449234979e-02,1.1771260163e-03,6438,1.0333333333e+01,1.0500000000e+01,/oss06/data/project/tkcastrosim/HNHuang/project_big_sim/data/PL/PL_50_512/fof_output_0056.hdf5
PL-50-512,0056,-2.220446049e-16,74.22802854,1.2098800391e+08,1.0581100185e+01,6.9157144096e-02,1.0072615623e-03,4714,1.0500000000e+01,1.0666666667e+01,/oss06/data/project/tkcastrosim/HNHuang/project_big_sim/data/PL/PL_50_512/fof_output_0056.hdf5
PL-50-512,0056,-2.220446049e-16,74.22802854,1.2098800391e+08,1.0746776256e+01,4.8544970262e-02,8.4390946110e-04,3309,1.0666666667e+01,1.0833333333e+01,/oss06/data/project/tkcastrosim/HNHuang/project_big_sim/data/PL/PL_50_512/fof_output_0056.hdf5
PL-50-512,0056,-2.220446049e-16,74.22802854,1.2098800391e+08,1.0913929902e+01,3.5033360225e-02,7.1690999200e-04,2388,1.0833333333e+01,1.1000000000e+01,/oss06/data/project/tkcastrosim/HNHuang/project_big_sim/data/PL/PL_50_512/fof_output_0056.hdf5
PL-50-512,0056,-2.220446049e-16,74.22802854,1.2098800391e+08,1.1082581944e+01,2.4969337983e-02,6.0523948087e-04,1702,1.1000000000e+01,1.1166666667e+01,/oss06/data/project/tkcastrosim/HNHuang/project_big_sim/data/PL/PL_50_512/fof_output_0056.hdf5
PL-50-512,0056,-2.220446049e-16,74.22802854,1.2098800391e+08,1.1248153966e+01,1.7355303663e-02,5.0459140022e-04,1183,1.1166666667e+01,1.1333333333e+01,/oss06/data/project/tkcastrosim/HNHuang/project_big_sim/data/PL/PL_50_512/fof_output_0056.hdf5
PL-50-512,0056,-2.220446049e-16,74.22802854,1.2098800391e+08,1.1417164119e+01,1.2103233746e-02,4.2138051200e-04,825,1.1333333333e+01,1.1500000000e+01,/oss06/data/project/tkcastrosim/HNHuang/project_big_sim/data/PL/PL_50_512/fof_output_0056.hdf5
PL-50-512,0056,-2.220446049e-16,74.22802854,1.2098800391e+08,1.1579155043e+01,9.6532458242e-03,3.7632270262e-04,658,1.1500000000e+01,1.1666666667e+01,/oss06/data/project/tkcastrosim/HNHuang/project_big_sim/data/PL/PL_50_512/fof_output_0056.hdf5
PL-50-512,0056,-2.220446049e-16,74.22802854,1.2098800391e+08,1.1748713392e+01,6.3963756525e-03,3.0633083651e-04,436,1.1666666667e+01,1.1833333333e+01,/oss06/data/project/tkcastrosim/HNHuang/project_big_sim/data/PL/PL_50_512/fof_output_0056.hdf5
PL-50-512,0056,-2.220446049e-16,74.22802854,1.2098800391e+08,1.1919435181e+01,4.7972817394e-03,2.6529028638e-04,327,1.1833333333e+01,1.2000000000e+01,/oss06/data/project/tkcastrosim/HNHuang/project_big_sim/data/PL/PL_50_512/fof_output_0056.hdf5
PL-50-512,0056,-2.220446049e-16,74.22802854,1.2098800391e+08,1.2082177227e+01,3.3448936899e-03,2.2152099616e-04,228,1.2000000000e+01,1.2166666667e+01,/oss06/data/project/tkcastrosim/HNHuang/project_big_sim/data/PL/PL_50_512/fof_output_0056.hdf5
PL-50-512,0056,-2.220446049e-16,74.22802854,1.2098800391e+08,1.2245251208e+01,2.2445997129e-03,1.8146513144e-04,153,1.2166666667e+01,1.2333333333e+01,/oss06/data/project/tkcastrosim/HNHuang/project_big_sim/data/PL/PL_50_512/fof_output_0056.hdf5
PL-50-512,0056,-2.220446049e-16,74.22802854,1.2098800391e+08,1.2412451928e+01,1.6137644995e-03,1.5386640781e-04,110,1.2333333333e+01,1.2500000000e+01,/oss06/data/project/tkcastrosim/HNHuang/project_big_sim/data/PL/PL_50_512/fof_output_0056.hdf5
PL-50-512,0056,-2.220446049e-16,74.22802854,1.2098800391e+08,1.2577222442e+01,1.3056821860e-03,1.3840203491e-04,89,1.2500000000e+01,1.2666666667e+01,/oss06/data/project/tkcastrosim/HNHuang/project_big_sim/data/PL/PL_50_512/fof_output_0056.hdf5
PL-50-512,0056,-2.220446049e-16,74.22802854,1.2098800391e+08,1.2763605976e+01,8.2155283611e-04,1.0978461564e-04,56,1.2666666667e+01,1.2833333333e+01,/oss06/data/project/tkcastrosim/HNHuang/project_big_sim/data/PL/PL_50_512/fof_output_0056.hdf5
PL-50-512,0056,-2.220446049e-16,74.22802854,1.2098800391e+08,1.2905633105e+01,6.0149404072e-04,9.3937587093e-05,41,1.2833333333e+01,1.3000000000e+01,/oss06/data/project/tkcastrosim/HNHuang/project_big_sim/data/PL/PL_50_512/fof_output_0056.hdf5
PL-50-512,0056,-2.220446049e-16,74.22802854,1.2098800391e+08,1.3081591889e+01,4.9879993621e-04,8.5543483329e-05,34,1.3000000000e+01,1.3166666667e+01,/oss06/data/project/tkcastrosim/HNHuang/project_big_sim/data/PL/PL_50_512/fof_output_0056.hdf5
PL-50-512,0056,-2.220446049e-16,74.22802854,1.2098800391e+08,1.3250773384e+01,3.0808231354e-04,6.7229072480e-05,21,1.3166666667e+01,1.3333333333e+01,/oss06/data/project/tkcastrosim/HNHuang/project_big_sim/data/PL/PL_50_512/fof_output_0056.hdf5
PL-50-512,0056,-2.220446049e-16,74.22802854,1.2098800391e+08,1.3432965598e+01,1.7604703631e-04,5.0820401901e-05,12,1.3333333333e+01,1.3500000000e+01,/oss06/data/project/tkcastrosim/HNHuang/project_big_sim/data/PL/PL_50_512/fof_output_0056.hdf5
PL-50-512,0056,-2.220446049e-16,74.22802854,1.2098800391e+08,1.3610842877e+01,1.4670586359e-04,4.6392467505e-05,10,1.3500000000e+01,1.3666666667e+01,/oss06/data/project/tkcastrosim/HNHuang/project_big_sim/data/PL/PL_50_512/fof_output_0056.hdf5
PL-50-512,0056,-2.220446049e-16,74.22802854,1.2098800391e+08,1.3724346423e+01,1.1736469087e-04,4.1494684394e-05,8,1.3666666667e+01,1.3833333333e+01,/oss06/data/project/tkcastrosim/HNHuang/project_big_sim/data/PL/PL_50_512/fof_output_0056.hdf5
PL-50-512,0056,-2.220446049e-16,74.22802854,1.2098800391e+08,1.3916804819e+01,1.3203527723e-04,4.4011759077e-05,9,1.3833333333e+01,1.4000000000e+01,/oss06/data/project/tkcastrosim/HNHuang/project_big_sim/data/PL/PL_50_512/fof_output_0056.hdf5
PL-50-512,0056,-2.220446049e-16,74.22802854,1.2098800391e+08,1.4081669190e+01,7.3352931795e-05,3.2804428369e-05,5,1.4000000000e+01,1.4166666667e+01,/oss06/data/project/tkcastrosim/HNHuang/project_big_sim/data/PL/PL_50_512/fof_output_0056.hdf5
PL-50-512,0056,-2.220446049e-16,74.22802854,1.2098800391e+08,1.4260796950e+01,2.9341172718e-05,2.0747342197e-05,2,1.4166666667e+01,1.4333333333e+01,/oss06/data/project/tkcastrosim/HNHuang/project_big_sim/data/PL/PL_50_512/fof_output_0056.hdf5
PL-50-512,0056,-2.220446049e-16,74.22802854,1.2098800391e+08,1.4416666667e+01,0.0000000000e+00,0.0000000000e+00,0,1.4333333333e+01,1.4500000000e+01,/oss06/data/project/tkcastrosim/HNHuang/project_big_sim/data/PL/PL_50_512/fof_output_0056.hdf5
PL-25-1024,0032,8.519850605,37.11401427,1.8904375611e+06,7.0840196675e+00,1.2166305531e+02,1.1949454748e-01,1036624,7.0000000000e+00,7.1666666667e+00,/oss06/data/project/tkcastrosim/HNHuang/project_big_sim/data/PL/PL_25_1024/fof_output_0032.hdf5
PL-25-1024,0032,8.519850605,37.11401427,1.8904375611e+06,7.2556875021e+00,6.9048933852e+01,9.0021701698e-02,588328,7.1666666667e+00,7.3333333333e+00,/oss06/data/project/tkcastrosim/HNHuang/project_big_sim/data/PL/PL_25_1024/fof_output_0032.hdf5
PL-25-1024,0032,8.519850605,37.11401427,1.8904375611e+06,7.4228385048e+00,4.5988649930e+01,7.3467296688e-02,391844,7.3333333333e+00,7.5000000000e+00,/oss06/data/project/tkcastrosim/HNHuang/project_big_sim/data/PL/PL_25_1024/fof_output_0032.hdf5
PL-25-1024,0032,8.519850605,37.11401427,1.8904375611e+06,7.5873430349e+00,2.8382068464e+01,5.7715272603e-02,241828,7.5000000000e+00,7.6666666667e+00,/oss06/data/project/tkcastrosim/HNHuang/project_big_sim/data/PL/PL_25_1024/fof_output_0032.hdf5
PL-25-1024,0032,8.519850605,37.11401427,1.8904375611e+06,7.7489247747e+00,2.0403499414e+01,4.8935165285e-02,173847,7.6666666667e+00,7.8333333333e+00,/oss06/data/project/tkcastrosim/HNHuang/project_big_sim/data/PL/PL_25_1024/fof_output_0032.hdf5
PL-25-1024,0032,8.519850605,37.11401427,1.8904375611e+06,7.9124872125e+00,1.3630969927e+01,3.9997432065e-02,116142,7.8333333333e+00,8.0000000000e+00,/oss06/data/project/tkcastrosim/HNHuang/project_big_sim/data/PL/PL_25_1024/fof_output_0032.hdf5
PL-25-1024,0032,8.519850605,37.11401427,1.8904375611e+06,8.0781061002e+00,9.6223789105e+00,3.3605468696e-02,81987,8.0000000000e+00,8.1666666667e+00,/oss06/data/project/tkcastrosim/HNHuang/project_big_sim/data/PL/PL_25_1024/fof_output_0032.hdf5
PL-25-1024,0032,8.519850605,37.11401427,1.8904375611e+06,8.2463650613e+00,6.2296004268e+00,2.7039510505e-02,53079,8.1666666667e+00,8.3333333333e+00,/oss06/data/project/tkcastrosim/HNHuang/project_big_sim/data/PL/PL_25_1024/fof_output_0032.hdf5
PL-25-1024,0032,8.519850605,37.11401427,1.8904375611e+06,8.4129238246e+00,4.1525974924e+00,2.2076420023e-02,35382,8.3333333333e+00,8.5000000000e+00,/oss06/data/project/tkcastrosim/HNHuang/project_big_sim/data/PL/PL_25_1024/fof_output_0032.hdf5
PL-25-1024,0032,8.519850605,37.11401427,1.8904375611e+06,8.5798999995e+00,2.6333115691e+00,1.7580039769e-02,22437,8.5000000000e+00,8.6666666667e+00,/oss06/data/project/tkcastrosim/HNHuang/project_big_sim/data/PL/PL_25_1024/fof_output_0032.hdf5
PL-25-1024,0032,8.519850605,37.11401427,1.8904375611e+06,8.7465562138e+00,1.6873521607e+00,1.4072510960e-02,14377,8.6666666667e+00,8.8333333333e+00,/oss06/data/project/tkcastrosim/HNHuang/project_big_sim/data/PL/PL_25_1024/fof_output_0032.hdf5
PL-25-1024,0032,8.519850605,37.11401427,1.8904375611e+06,8.9130673520e+00,1.0661408519e+00,1.1186031088e-02,9084,8.8333333333e+00,9.0000000000e+00,/oss06/data/project/tkcastrosim/HNHuang/project_big_sim/data/PL/PL_25_1024/fof_output_0032.hdf5
PL-25-1024,0032,8.519850605,37.11401427,1.8904375611e+06,9.0805008109e+00,6.5571652790e-01,8.7725690420e-03,5587,9.0000000000e+00,9.1666666667e+00,/oss06/data/project/tkcastrosim/HNHuang/project_big_sim/data/PL/PL_25_1024/fof_output_0032.hdf5
PL-25-1024,0032,8.519850605,37.11401427,1.8904375611e+06,9.2446937160e+00,4.0619919511e-01,6.9045957859e-03,3461,9.1666666667e+00,9.3333333333e+00,/oss06/data/project/tkcastrosim/HNHuang/project_big_sim/data/PL/PL_25_1024/fof_output_0032.hdf5
PL-25-1024,0032,8.519850605,37.11401427,1.8904375611e+06,9.4112289787e+00,2.3942396938e-01,5.3009357809e-03,2040,9.3333333333e+00,9.5000000000e+00,/oss06/data/project/tkcastrosim/HNHuang/project_big_sim/data/PL/PL_25_1024/fof_output_0032.hdf5
PL-25-1024,0032,8.519850605,37.11401427,1.8904375611e+06,9.5778123208e+00,1.4248073472e-01,4.0892795680e-03,1214,9.5000000000e+00,9.6666666667e+00,/oss06/data/project/tkcastrosim/HNHuang/project_big_sim/data/PL/PL_25_1024/fof_output_0032.hdf5
PL-25-1024,0032,8.519850605,37.11401427,1.8904375611e+06,9.7456687618e+00,8.0160083866e-02,3.0672403661e-03,683,9.6666666667e+00,9.8333333333e+00,/oss06/data/project/tkcastrosim/HNHuang/project_big_sim/data/PL/PL_25_1024/fof_output_0032.hdf5
PL-25-1024,0032,8.519850605,37.11401427,1.8904375611e+06,9.9113186579e+00,4.5654864749e-02,2.3147935303e-03,389,9.8333333333e+00,1.0000000000e+01,/oss06/data/project/tkcastrosim/HNHuang/project_big_sim/data/PL/PL_25_1024/fof_output_0032.hdf5
PL-25-1024,0032,8.519850605,37.11401427,1.8904375611e+06,1.0077506037e+01,2.4294491011e-02,1.6885838526e-03,207,1.0000000000e+01,1.0166666667e+01,/oss06/data/project/tkcastrosim/HNHuang/project_big_sim/data/PL/PL_25_1024/fof_output_0032.hdf5
PL-25-1024,0032,8.519850605,37.11401427,1.8904375611e+06,1.0246253448e+01,1.2205927851e-02,1.1968896979e-03,104,1.0166666667e+01,1.0333333333e+01,/oss06/data/project/tkcastrosim/HNHuang/project_big_sim/data/PL/PL_25_1024/fof_output_0032.hdf5
PL-25-1024,0032,8.519850605,37.11401427,1.8904375611e+06,1.0404597871e+01,8.3328930519e-03,9.8893246337e-04,71,1.0333333333e+01,1.0500000000e+01,/oss06/data/project/tkcastrosim/HNHuang/project_big_sim/data/PL/PL_25_1024/fof_output_0032.hdf5
PL-25-1024,0032,8.519850605,37.11401427,1.8904375611e+06,1.0579772922e+01,3.7556701079e-03,6.6391495030e-04,32,1.0500000000e+01,1.0666666667e+01,/oss06/data/project/tkcastrosim/HNHuang/project_big_sim/data/PL/PL_25_1024/fof_output_0032.hdf5
PL-25-1024,0032,8.519850605,37.11401427,1.8904375611e+06,1.0735015152e+01,1.5257409813e-03,4.2316441087e-04,13,1.0666666667e+01,1.0833333333e+01,/oss06/data/project/tkcastrosim/HNHuang/project_big_sim/data/PL/PL_25_1024/fof_output_0032.hdf5
PL-25-1024,0032,8.519850605,37.11401427,1.8904375611e+06,1.0925432499e+01,5.8682345436e-04,2.6243542695e-04,5,1.0833333333e+01,1.1000000000e+01,/oss06/data/project/tkcastrosim/HNHuang/project_big_sim/data/PL/PL_25_1024/fof_output_0032.hdf5
PL-25-1024,0032,8.519850605,37.11401427,1.8904375611e+06,1.1050140798e+01,4.6945876349e-04,2.3472938174e-04,4,1.1000000000e+01,1.1166666667e+01,/oss06/data/project/tkcastrosim/HNHuang/project_big_sim/data/PL/PL_25_1024/fof_output_0032.hdf5
PL-25-1024,0032,8.519850605,37.11401427,1.8904375611e+06,1.1250000000e+01,0.0000000000e+00,0.0000000000e+00,0,1.1166666667e+01,1.1333333333e+01,/oss06/data/project/tkcastrosim/HNHuang/project_big_sim/data/PL/PL_25_1024/fof_output_0032.hdf5
PL-25-1024,0032,8.519850605,37.11401427,1.8904375611e+06,1.1416666667e+01,0.0000000000e+00,0.0000000000e+00,0,1.1333333333e+01,1.1500000000e+01,/oss06/data/project/tkcastrosim/HNHuang/project_big_sim/data/PL/PL_25_1024/fof_output_0032.hdf5
PL-25-1024,0032,8.519850605,37.11401427,1.8904375611e+06,1.1583333333e+01,0.0000000000e+00,0.0000000000e+00,0,1.1500000000e+01,1.1666666667e+01,/oss06/data/project/tkcastrosim/HNHuang/project_big_sim/data/PL/PL_25_1024/fof_output_0032.hdf5
PL-25-1024,0032,8.519850605,37.11401427,1.8904375611e+06,1.1750000000e+01,0.0000000000e+00,0.0000000000e+00,0,1.1666666667e+01,1.1833333333e+01,/oss06/data/project/tkcastrosim/HNHuang/project_big_sim/data/PL/PL_25_1024/fof_output_0032.hdf5
PL-25-1024,0032,8.519850605,37.11401427,1.8904375611e+06,1.1916666667e+01,0.0000000000e+00,0.0000000000e+00,0,1.1833333333e+01,1.2000000000e+01,/oss06/data/project/tkcastrosim/HNHuang/project_big_sim/data/PL/PL_25_1024/fof_output_0032.hdf5
PL-25-1024,0032,8.519850605,37.11401427,1.8904375611e+06,1.2083333333e+01,0.0000000000e+00,0.0000000000e+00,0,1.2000000000e+01,1.2166666667e+01,/oss06/data/project/tkcastrosim/HNHuang/project_big_sim/data/PL/PL_25_1024/fof_output_0032.hdf5
PL-25-1024,0032,8.519850605,37.11401427,1.8904375611e+06,1.2250000000e+01,0.0000000000e+00,0.0000000000e+00,0,1.2166666667e+01,1.2333333333e+01,/oss06/data/project/tkcastrosim/HNHuang/project_big_sim/data/PL/PL_25_1024/fof_output_0032.hdf5
PL-25-1024,0032,8.519850605,37.11401427,1.8904375611e+06,1.2416666667e+01,0.0000000000e+00,0.0000000000e+00,0,1.2333333333e+01,1.2500000000e+01,/oss06/data/project/tkcastrosim/HNHuang/project_big_sim/data/PL/PL_25_1024/fof_output_0032.hdf5
PL-25-1024,0032,8.519850605,37.11401427,1.8904375611e+06,1.2583333333e+01,0.0000000000e+00,0.0000000000e+00,0,1.2500000000e+01,1.2666666667e+01,/oss06/data/project/tkcastrosim/HNHuang/project_big_sim/data/PL/PL_25_1024/fof_output_0032.hdf5
PL-25-1024,0032,8.519850605,37.11401427,1.8904375611e+06,1.2750000000e+01,0.0000000000e+00,0.0000000000e+00,0,1.2666666667e+01,1.2833333333e+01,/oss06/data/project/tkcastrosim/HNHuang/project_big_sim/data/PL/PL_25_1024/fof_output_0032.hdf5
PL-25-1024,0032,8.519850605,37.11401427,1.8904375611e+06,1.2916666667e+01,0.0000000000e+00,0.0000000000e+00,0,1.2833333333e+01,1.3000000000e+01,/oss06/data/project/tkcastrosim/HNHuang/project_big_sim/data/PL/PL_25_1024/fof_output_0032.hdf5
PL-25-1024,0032,8.519850605,37.11401427,1.8904375611e+06,1.3083333333e+01,0.0000000000e+00,0.0000000000e+00,0,1.3000000000e+01,1.3166666667e+01,/oss06/data/project/tkcastrosim/HNHuang/project_big_sim/data/PL/PL_25_1024/fof_output_0032.hdf5
PL-25-1024,0032,8.519850605,37.11401427,1.8904375611e+06,1.3250000000e+01,0.0000000000e+00,0.0000000000e+00,0,1.3166666667e+01,1.3333333333e+01,/oss06/data/project/tkcastrosim/HNHuang/project_big_sim/data/PL/PL_25_1024/fof_output_0032.hdf5
PL-25-1024,0032,8.519850605,37.11401427,1.8904375611e+06,1.3416666667e+01,0.0000000000e+00,0.0000000000e+00,0,1.3333333333e+01,1.3500000000e+01,/oss06/data/project/tkcastrosim/HNHuang/project_big_sim/data/PL/PL_25_1024/fof_output_0032.hdf5
PL-25-1024,0032,8.519850605,37.11401427,1.8904375611e+06,1.3583333333e+01,0.0000000000e+00,0.0000000000e+00,0,1.3500000000e+01,1.3666666667e+01,/oss06/data/project/tkcastrosim/HNHuang/project_big_sim/data/PL/PL_25_1024/fof_output_0032.hdf5
PL-25-1024,0032,8.519850605,37.11401427,1.8904375611e+06,1.3750000000e+01,0.0000000000e+00,0.0000000000e+00,0,1.3666666667e+01,1.3833333333e+01,/oss06/data/project/tkcastrosim/HNHuang/project_big_sim/data/PL/PL_25_1024/fof_output_0032.hdf5
PL-25-1024,0032,8.519850605,37.11401427,1.8904375611e+06,1.3916666667e+01,0.0000000000e+00,0.0000000000e+00,0,1.3833333333e+01,1.4000000000e+01,/oss06/data/project/tkcastrosim/HNHuang/project_big_sim/data/PL/PL_25_1024/fof_output_0032.hdf5
PL-25-1024,0032,8.519850605,37.11401427,1.8904375611e+06,1.4083333333e+01,0.0000000000e+00,0.0000000000e+00,0,1.4000000000e+01,1.4166666667e+01,/oss06/data/project/tkcastrosim/HNHuang/project_big_sim/data/PL/PL_25_1024/fof_output_0032.hdf5
PL-25-1024,0032,8.519850605,37.11401427,1.8904375611e+06,1.4250000000e+01,0.0000000000e+00,0.0000000000e+00,0,1.4166666667e+01,1.4333333333e+01,/oss06/data/project/tkcastrosim/HNHuang/project_big_sim/data/PL/PL_25_1024/fof_output_0032.hdf5
PL-25-1024,0032,8.519850605,37.11401427,1.8904375611e+06,1.4416666667e+01,0.0000000000e+00,0.0000000000e+00,0,1.4333333333e+01,1.4500000000e+01,/oss06/data/project/tkcastrosim/HNHuang/project_big_sim/data/PL/PL_25_1024/fof_output_0032.hdf5
PL-25-512,0032,8.519850605,37.11401427,1.5123500489e+07,7.0124754056e+00,4.5924322343e+02,2.3216145019e-01,3912959,7.0000000000e+00,7.1666666667e+00,/oss06/data/project/tkcastrosim/HNHuang/project_big_sim/data/PL/PL_25_512/fof_output_0032.hdf5
PL-25-512,0032,8.519850605,37.11401427,1.5123500489e+07,7.2500000000e+00,0.0000000000e+00,0.0000000000e+00,0,7.1666666667e+00,7.3333333333e+00,/oss06/data/project/tkcastrosim/HNHuang/project_big_sim/data/PL/PL_25_512/fof_output_0032.hdf5
PL-25-512,0032,8.519850605,37.11401427,1.5123500489e+07,7.3404672007e+00,8.9170171184e+01,1.0230068219e-01,759770,7.3333333333e+00,7.5000000000e+00,/oss06/data/project/tkcastrosim/HNHuang/project_big_sim/data/PL/PL_25_512/fof_output_0032.hdf5
PL-25-512,0032,8.519850605,37.11401427,1.5123500489e+07,7.5335491135e+00,3.7381827690e+01,6.6236746984e-02,318510,7.5000000000e+00,7.6666666667e+00,/oss06/data/project/tkcastrosim/HNHuang/project_big_sim/data/PL/PL_25_512/fof_output_0032.hdf5
PL-25-512,0032,8.519850605,37.11401427,1.5123500489e+07,7.7131577959e+00,2.9432834542e+01,5.8773935783e-02,250781,7.6666666667e+00,7.8333333333e+00,/oss06/data/project/tkcastrosim/HNHuang/project_big_sim/data/PL/PL_25_512/fof_output_0032.hdf5
PL-25-512,0032,8.519850605,37.11401427,1.5123500489e+07,7.9212189911e+00,1.5282291128e+01,4.2350931206e-02,130212,7.8333333333e+00,8.0000000000e+00,/oss06/data/project/tkcastrosim/HNHuang/project_big_sim/data/PL/PL_25_512/fof_output_0032.hdf5
PL-25-512,0032,8.519850605,37.11401427,1.5123500489e+07,8.0958569762e+00,6.4536496217e+00,2.7521456954e-02,54988,8.0000000000e+00,8.1666666667e+00,/oss06/data/project/tkcastrosim/HNHuang/project_big_sim/data/PL/PL_25_512/fof_output_0032.hdf5
PL-25-512,0032,8.519850605,37.11401427,1.5123500489e+07,8.2496950498e+00,5.0369404382e+00,2.4313760661e-02,42917,8.1666666667e+00,8.3333333333e+00,/oss06/data/project/tkcastrosim/HNHuang/project_big_sim/data/PL/PL_25_512/fof_output_0032.hdf5
PL-25-512,0032,8.519850605,37.11401427,1.5123500489e+07,8.4151712468e+00,3.1873902747e+00,1.9341330727e-02,27158,8.3333333333e+00,8.5000000000e+00,/oss06/data/project/tkcastrosim/HNHuang/project_big_sim/data/PL/PL_25_512/fof_output_0032.hdf5
PL-25-512,0032,8.519850605,37.11401427,1.5123500489e+07,8.5784717189e+00,2.1286433984e+00,1.5805934785e-02,18137,8.5000000000e+00,8.6666666667e+00,/oss06/data/project/tkcastrosim/HNHuang/project_big_sim/data/PL/PL_25_512/fof_output_0032.hdf5
PL-25-512,0032,8.519850605,37.11401427,1.5123500489e+07,8.7435471116e+00,1.4622466836e+00,1.3100233967e-02,12459,8.6666666667e+00,8.8333333333e+00,/oss06/data/project/tkcastrosim/HNHuang/project_big_sim/data/PL/PL_25_512/fof_output_0032.hdf5
PL-25-512,0032,8.519850605,37.11401427,1.5123500489e+07,8.9112203137e+00,9.4818933756e-01,1.0549120745e-02,8079,8.8333333333e+00,9.0000000000e+00,/oss06/data/project/tkcastrosim/HNHuang/project_big_sim/data/PL/PL_25_512/fof_output_0032.hdf5
PL-25-512,0032,8.519850605,37.11401427,1.5123500489e+07,9.0805508185e+00,6.1029639254e-01,8.4632882174e-03,5200,9.0000000000e+00,9.1666666667e+00,/oss06/data/project/tkcastrosim/HNHuang/project_big_sim/data/PL/PL_25_512/fof_output_0032.hdf5
PL-25-512,0032,8.519850605,37.11401427,1.5123500489e+07,9.2438801456e+00,3.7239816414e-01,6.6110812592e-03,3173,9.1666666667e+00,9.3333333333e+00,/oss06/data/project/tkcastrosim/HNHuang/project_big_sim/data/PL/PL_25_512/fof_output_0032.hdf5
PL-25-512,0032,8.519850605,37.11401427,1.5123500489e+07,9.4105845071e+00,2.3038688818e-01,5.1999313373e-03,1963,9.3333333333e+00,9.5000000000e+00,/oss06/data/project/tkcastrosim/HNHuang/project_big_sim/data/PL/PL_25_512/fof_output_0032.hdf5
PL-25-512,0032,8.519850605,37.11401427,1.5123500489e+07,9.5789440850e+00,1.3320892414e-01,3.9539883919e-03,1135,9.5000000000e+00,9.6666666667e+00,/oss06/data/project/tkcastrosim/HNHuang/project_big_sim/data/PL/PL_25_512/fof_output_0032.hdf5
PL-25-512,0032,8.519850605,37.11401427,1.5123500489e+07,9.7413203439e+00,7.6052319685e-02,2.9876172764e-03,648,9.6666666667e+00,9.8333333333e+00,/oss06/data/project/tkcastrosim/HNHuang/project_big_sim/data/PL/PL_25_512/fof_output_0032.hdf5
PL-25-512,0032,8.519850605,37.11401427,1.5123500489e+07,9.9114841690e+00,4.5185405986e-02,2.3028615255e-03,385,9.8333333333e+00,1.0000000000e+01,/oss06/data/project/tkcastrosim/HNHuang/project_big_sim/data/PL/PL_25_512/fof_output_0032.hdf5
PL-25-512,0032,8.519850605,37.11401427,1.5123500489e+07,1.0072531852e+01,2.4059761629e-02,1.6804066431e-03,205,1.0000000000e+01,1.0166666667e+01,/oss06/data/project/tkcastrosim/HNHuang/project_big_sim/data/PL/PL_25_512/fof_output_0032.hdf5
PL-25-512,0032,8.519850605,37.11401427,1.5123500489e+07,1.0241758987e+01,1.1853833778e-02,1.1795005456e-03,101,1.0166666667e+01,1.0333333333e+01,/oss06/data/project/tkcastrosim/HNHuang/project_big_sim/data/PL/PL_25_512/fof_output_0032.hdf5
PL-25-512,0032,8.519850605,37.11401427,1.5123500489e+07,1.0415347878e+01,7.3939755250e-03,9.3155335424e-04,63,1.0333333333e+01,1.0500000000e+01,/oss06/data/project/tkcastrosim/HNHuang/project_big_sim/data/PL/PL_25_512/fof_output_0032.hdf5
PL-25-512,0032,8.519850605,37.11401427,1.5123500489e+07,1.0572528044e+01,3.4035760353e-03,6.3202820289e-04,29,1.0500000000e+01,1.0666666667e+01,/oss06/data/project/tkcastrosim/HNHuang/project_big_sim/data/PL/PL_25_512/fof_output_0032.hdf5
PL-25-512,0032,8.519850605,37.11401427,1.5123500489e+07,1.0739478705e+01,1.6431056722e-03,4.3913846255e-04,14,1.0666666667e+01,1.0833333333e+01,/oss06/data/project/tkcastrosim/HNHuang/project_big_sim/data/PL/PL_25_512/fof_output_0032.hdf5
PL-25-512,0032,8.519850605,37.11401427,1.5123500489e+07,1.0914116479e+01,7.0418814523e-04,2.8748360646e-04,6,1.0833333333e+01,1.1000000000e+01,/oss06/data/project/tkcastrosim/HNHuang/project_big_sim/data/PL/PL_25_512/fof_output_0032.hdf5
PL-25-512,0032,8.519850605,37.11401427,1.5123500489e+07,1.1054220055e+01,3.5209407262e-04,2.0328160761e-04,3,1.1000000000e+01,1.1166666667e+01,/oss06/data/project/tkcastrosim/HNHuang/project_big_sim/data/PL/PL_25_512/fof_output_0032.hdf5
PL-25-512,0032,8.519850605,37.11401427,1.5123500489e+07,1.1250000000e+01,0.0000000000e+00,0.0000000000e+00,0,1.1166666667e+01,1.1333333333e+01,/oss06/data/project/tkcastrosim/HNHuang/project_big_sim/data/PL/PL_25_512/fof_output_0032.hdf5
PL-25-512,0032,8.519850605,37.11401427,1.5123500489e+07,1.1416666667e+01,0.0000000000e+00,0.0000000000e+00,0,1.1333333333e+01,1.1500000000e+01,/oss06/data/project/tkcastrosim/HNHuang/project_big_sim/data/PL/PL_25_512/fof_output_0032.hdf5
PL-25-512,0032,8.519850605,37.11401427,1.5123500489e+07,1.1583333333e+01,0.0000000000e+00,0.0000000000e+00,0,1.1500000000e+01,1.1666666667e+01,/oss06/data/project/tkcastrosim/HNHuang/project_big_sim/data/PL/PL_25_512/fof_output_0032.hdf5
PL-25-512,0032,8.519850605,37.11401427,1.5123500489e+07,1.1750000000e+01,0.0000000000e+00,0.0000000000e+00,0,1.1666666667e+01,1.1833333333e+01,/oss06/data/project/tkcastrosim/HNHuang/project_big_sim/data/PL/PL_25_512/fof_output_0032.hdf5
PL-25-512,0032,8.519850605,37.11401427,1.5123500489e+07,1.1916666667e+01,0.0000000000e+00,0.0000000000e+00,0,1.1833333333e+01,1.2000000000e+01,/oss06/data/project/tkcastrosim/HNHuang/project_big_sim/data/PL/PL_25_512/fof_output_0032.hdf5
PL-25-512,0032,8.519850605,37.11401427,1.5123500489e+07,1.2083333333e+01,0.0000000000e+00,0.0000000000e+00,0,1.2000000000e+01,1.2166666667e+01,/oss06/data/project/tkcastrosim/HNHuang/project_big_sim/data/PL/PL_25_512/fof_output_0032.hdf5
PL-25-512,0032,8.519850605,37.11401427,1.5123500489e+07,1.2250000000e+01,0.0000000000e+00,0.0000000000e+00,0,1.2166666667e+01,1.2333333333e+01,/oss06/data/project/tkcastrosim/HNHuang/project_big_sim/data/PL/PL_25_512/fof_output_0032.hdf5
PL-25-512,0032,8.519850605,37.11401427,1.5123500489e+07,1.2416666667e+01,0.0000000000e+00,0.0000000000e+00,0,1.2333333333e+01,1.2500000000e+01,/oss06/data/project/tkcastrosim/HNHuang/project_big_sim/data/PL/PL_25_512/fof_output_0032.hdf5
PL-25-512,0032,8.519850605,37.11401427,1.5123500489e+07,1.2583333333e+01,0.0000000000e+00,0.0000000000e+00,0,1.2500000000e+01,1.2666666667e+01,/oss06/data/project/tkcastrosim/HNHuang/project_big_sim/data/PL/PL_25_512/fof_output_0032.hdf5
PL-25-512,0032,8.519850605,37.11401427,1.5123500489e+07,1.2750000000e+01,0.0000000000e+00,0.0000000000e+00,0,1.2666666667e+01,1.2833333333e+01,/oss06/data/project/tkcastrosim/HNHuang/project_big_sim/data/PL/PL_25_512/fof_output_0032.hdf5
PL-25-512,0032,8.519850605,37.11401427,1.5123500489e+07,1.2916666667e+01,0.0000000000e+00,0.0000000000e+00,0,1.2833333333e+01,1.3000000000e+01,/oss06/data/project/tkcastrosim/HNHuang/project_big_sim/data/PL/PL_25_512/fof_output_0032.hdf5
PL-25-512,0032,8.519850605,37.11401427,1.5123500489e+07,1.3083333333e+01,0.0000000000e+00,0.0000000000e+00,0,1.3000000000e+01,1.3166666667e+01,/oss06/data/project/tkcastrosim/HNHuang/project_big_sim/data/PL/PL_25_512/fof_output_0032.hdf5
PL-25-512,0032,8.519850605,37.11401427,1.5123500489e+07,1.3250000000e+01,0.0000000000e+00,0.0000000000e+00,0,1.3166666667e+01,1.3333333333e+01,/oss06/data/project/tkcastrosim/HNHuang/project_big_sim/data/PL/PL_25_512/fof_output_0032.hdf5
PL-25-512,0032,8.519850605,37.11401427,1.5123500489e+07,1.3416666667e+01,0.0000000000e+00,0.0000000000e+00,0,1.3333333333e+01,1.3500000000e+01,/oss06/data/project/tkcastrosim/HNHuang/project_big_sim/data/PL/PL_25_512/fof_output_0032.hdf5
PL-25-512,0032,8.519850605,37.11401427,1.5123500489e+07,1.3583333333e+01,0.0000000000e+00,0.0000000000e+00,0,1.3500000000e+01,1.3666666667e+01,/oss06/data/project/tkcastrosim/HNHuang/project_big_sim/data/PL/PL_25_512/fof_output_0032.hdf5
PL-25-512,0032,8.519850605,37.11401427,1.5123500489e+07,1.3750000000e+01,0.0000000000e+00,0.0000000000e+00,0,1.3666666667e+01,1.3833333333e+01,/oss06/data/project/tkcastrosim/HNHuang/project_big_sim/data/PL/PL_25_512/fof_output_0032.hdf5
PL-25-512,0032,8.519850605,37.11401427,1.5123500489e+07,1.3916666667e+01,0.0000000000e+00,0.0000000000e+00,0,1.3833333333e+01,1.4000000000e+01,/oss06/data/project/tkcastrosim/HNHuang/project_big_sim/data/PL/PL_25_512/fof_output_0032.hdf5
PL-25-512,0032,8.519850605,37.11401427,1.5123500489e+07,1.4083333333e+01,0.0000000000e+00,0.0000000000e+00,0,1.4000000000e+01,1.4166666667e+01,/oss06/data/project/tkcastrosim/HNHuang/project_big_sim/data/PL/PL_25_512/fof_output_0032.hdf5
PL-25-512,0032,8.519850605,37.11401427,1.5123500489e+07,1.4250000000e+01,0.0000000000e+00,0.0000000000e+00,0,1.4166666667e+01,1.4333333333e+01,/oss06/data/project/tkcastrosim/HNHuang/project_big_sim/data/PL/PL_25_512/fof_output_0032.hdf5
PL-25-512,0032,8.519850605,37.11401427,1.5123500489e+07,1.4416666667e+01,0.0000000000e+00,0.0000000000e+00,0,1.4333333333e+01,1.4500000000e+01,/oss06/data/project/tkcastrosim/HNHuang/project_big_sim/data/PL/PL_25_512/fof_output_0032.hdf5
PL-25-256,0032,8.519850605,37.11401427,1.2098800391e+08,7.0833333333e+00,0.0000000000e+00,0.0000000000e+00,0,7.0000000000e+00,7.1666666667e+00,/oss06/data/project/tkcastrosim/HNHuang/project_big_sim/data/PL/PL_25_256/fof_output_0032.hdf5
PL-25-256,0032,8.519850605,37.11401427,1.2098800391e+08,7.2500000000e+00,0.0000000000e+00,0.0000000000e+00,0,7.1666666667e+00,7.3333333333e+00,/oss06/data/project/tkcastrosim/HNHuang/project_big_sim/data/PL/PL_25_256/fof_output_0032.hdf5
PL-25-256,0032,8.519850605,37.11401427,1.2098800391e+08,7.4166666667e+00,0.0000000000e+00,0.0000000000e+00,0,7.3333333333e+00,7.5000000000e+00,/oss06/data/project/tkcastrosim/HNHuang/project_big_sim/data/PL/PL_25_256/fof_output_0032.hdf5
PL-25-256,0032,8.519850605,37.11401427,1.2098800391e+08,7.5833333333e+00,0.0000000000e+00,0.0000000000e+00,0,7.5000000000e+00,7.6666666667e+00,/oss06/data/project/tkcastrosim/HNHuang/project_big_sim/data/PL/PL_25_256/fof_output_0032.hdf5
PL-25-256,0032,8.519850605,37.11401427,1.2098800391e+08,7.7500000000e+00,0.0000000000e+00,0.0000000000e+00,0,7.6666666667e+00,7.8333333333e+00,/oss06/data/project/tkcastrosim/HNHuang/project_big_sim/data/PL/PL_25_256/fof_output_0032.hdf5
PL-25-256,0032,8.519850605,37.11401427,1.2098800391e+08,7.9155653925e+00,4.1679253211e+01,6.9940493771e-02,355126,7.8333333333e+00,8.0000000000e+00,/oss06/data/project/tkcastrosim/HNHuang/project_big_sim/data/PL/PL_25_256/fof_output_0032.hdf5
PL-25-256,0032,8.519850605,37.11401427,1.2098800391e+08,8.0833333333e+00,0.0000000000e+00,0.0000000000e+00,0,8.0000000000e+00,8.1666666667e+00,/oss06/data/project/tkcastrosim/HNHuang/project_big_sim/data/PL/PL_25_256/fof_output_0032.hdf5
PL-25-256,0032,8.519850605,37.11401427,1.2098800391e+08,8.2435571877e+00,6.7477655370e+00,2.8141595838e-02,57494,8.1666666667e+00,8.3333333333e+00,/oss06/data/project/tkcastrosim/HNHuang/project_big_sim/data/PL/PL_25_256/fof_output_0032.hdf5
PL-25-256,0032,8.519850605,37.11401427,1.2098800391e+08,8.4366391005e+00,2.8982036764e+00,1.8443068578e-02,24694,8.3333333333e+00,8.5000000000e+00,/oss06/data/project/tkcastrosim/HNHuang/project_big_sim/data/PL/PL_25_256/fof_output_0032.hdf5
PL-25-256,0032,8.519850605,37.11401427,1.2098800391e+08,8.5735918051e+00,1.3455861809e+00,1.2566793790e-02,11465,8.5000000000e+00,8.6666666667e+00,/oss06/data/project/tkcastrosim/HNHuang/project_big_sim/data/PL/PL_25_256/fof_output_0032.hdf5
PL-25-256,0032,8.519850605,37.11401427,1.2098800391e+08,8.7136504951e+00,1.2845565416e+00,1.2278500780e-02,10945,8.6666666667e+00,8.8333333333e+00,/oss06/data/project/tkcastrosim/HNHuang/project_big_sim/data/PL/PL_25_256/fof_output_0032.hdf5
PL-25-256,0032,8.519850605,37.11401427,1.2098800391e+08,8.8892539223e+00,7.9080328710e-01,9.6339183789e-03,6738,8.8333333333e+00,9.0000000000e+00,/oss06/data/project/tkcastrosim/HNHuang/project_big_sim/data/PL/PL_25_256/fof_output_0032.hdf5
PL-25-256,0032,8.519850605,37.11401427,1.2098800391e+08,9.0764255356e+00,4.9574845424e-01,7.6278020480e-03,4224,9.0000000000e+00,9.1666666667e+00,/oss06/data/project/tkcastrosim/HNHuang/project_big_sim/data/PL/PL_25_256/fof_output_0032.hdf5
PL-25-256,0032,8.519850605,37.11401427,1.2098800391e+08,9.2584727051e+00,2.5010415625e-01,5.4178775350e-03,2131,9.1666666667e+00,9.3333333333e+00,/oss06/data/project/tkcastrosim/HNHuang/project_big_sim/data/PL/PL_25_256/fof_output_0032.hdf5
PL-25-256,0032,8.519850605,37.11401427,1.2098800391e+08,9.4182891725e+00,1.6337164969e-01,4.3788198369e-03,1392,9.3333333333e+00,9.5000000000e+00,/oss06/data/project/tkcastrosim/HNHuang/project_big_sim/data/PL/PL_25_256/fof_output_0032.hdf5
PL-25-256,0032,8.519850605,37.11401427,1.2098800391e+08,9.5823879338e+00,9.9055799096e-02,3.4096412187e-03,844,9.5000000000e+00,9.6666666667e+00,/oss06/data/project/tkcastrosim/HNHuang/project_big_sim/data/PL/PL_25_256/fof_output_0032.hdf5
PL-25-256,0032,8.519850605,37.11401427,1.2098800391e+08,9.7426357904e+00,6.2790109617e-02,2.7146531648e-03,535,9.6666666667e+00,9.8333333333e+00,/oss06/data/project/tkcastrosim/HNHuang/project_big_sim/data/PL/PL_25_256/fof_output_0032.hdf5
PL-25-256,0032,8.519850605,37.11401427,1.2098800391e+08,9.9118178405e+00,3.9082442060e-02,2.1417046321e-03,333,9.8333333333e+00,1.0000000000e+01,/oss06/data/project/tkcastrosim/HNHuang/project_big_sim/data/PL/PL_25_256/fof_output_0032.hdf5
PL-25-256,0032,8.519850605,37.11401427,1.2098800391e+08,1.0079237743e+01,1.9717268067e-02,1.5212202574e-03,168,1.0000000000e+01,1.0166666667e+01,/oss06/data/project/tkcastrosim/HNHuang/project_big_sim/data/PL/PL_25_256/fof_output_0032.hdf5
PL-25-256,0032,8.519850605,37.11401427,1.2098800391e+08,1.0250435163e+01,1.2323292542e-02,1.2026302090e-03,105,1.0166666667e+01,1.0333333333e+01,/oss06/data/project/tkcastrosim/HNHuang/project_big_sim/data/PL/PL_25_256/fof_output_0032.hdf5
PL-25-256,0032,8.519850605,37.11401427,1.2098800391e+08,1.0402178970e+01,5.9855992345e-03,8.3815153990e-04,51,1.0333333333e+01,1.0500000000e+01,/oss06/data/project/tkcastrosim/HNHuang/project_big_sim/data/PL/PL_25_256/fof_output_0032.hdf5
PL-25-256,0032,8.519850605,37.11401427,1.2098800391e+08,1.0581548091e+01,3.0514819627e-03,5.9844484896e-04,26,1.0500000000e+01,1.0666666667e+01,/oss06/data/project/tkcastrosim/HNHuang/project_big_sim/data/PL/PL_25_256/fof_output_0032.hdf5
PL-25-256,0032,8.519850605,37.11401427,1.2098800391e+08,1.0738438053e+01,1.5257409813e-03,4.2316441087e-04,13,1.0666666667e+01,1.0833333333e+01,/oss06/data/project/tkcastrosim/HNHuang/project_big_sim/data/PL/PL_25_256/fof_output_0032.hdf5
PL-25-256,0032,8.519850605,37.11401427,1.2098800391e+08,1.0898009188e+01,4.6945876349e-04,2.3472938174e-04,4,1.0833333333e+01,1.1000000000e+01,/oss06/data/project/tkcastrosim/HNHuang/project_big_sim/data/PL/PL_25_256/fof_output_0032.hdf5
PL-25-256,0032,8.519850605,37.11401427,1.2098800391e+08,1.1059967241e+01,4.6945876349e-04,2.3472938174e-04,4,1.1000000000e+01,1.1166666667e+01,/oss06/data/project/tkcastrosim/HNHuang/project_big_sim/data/PL/PL_25_256/fof_output_0032.hdf5
PL-25-256,0032,8.519850605,37.11401427,1.2098800391e+08,1.1250000000e+01,0.0000000000e+00,0.0000000000e+00,0,1.1166666667e+01,1.1333333333e+01,/oss06/data/project/tkcastrosim/HNHuang/project_big_sim/data/PL/PL_25_256/fof_output_0032.hdf5
PL-25-256,0032,8.519850605,37.11401427,1.2098800391e+08,1.1416666667e+01,0.0000000000e+00,0.0000000000e+00,0,1.1333333333e+01,1.1500000000e+01,/oss06/data/project/tkcastrosim/HNHuang/project_big_sim/data/PL/PL_25_256/fof_output_0032.hdf5
PL-25-256,0032,8.519850605,37.11401427,1.2098800391e+08,1.1583333333e+01,0.0000000000e+00,0.0000000000e+00,0,1.1500000000e+01,1.1666666667e+01,/oss06/data/project/tkcastrosim/HNHuang/project_big_sim/data/PL/PL_25_256/fof_output_0032.hdf5
PL-25-256,0032,8.519850605,37.11401427,1.2098800391e+08,1.1750000000e+01,0.0000000000e+00,0.0000000000e+00,0,1.1666666667e+01,1.1833333333e+01,/oss06/data/project/tkcastrosim/HNHuang/project_big_sim/data/PL/PL_25_256/fof_output_0032.hdf5
PL-25-256,0032,8.519850605,37.11401427,1.2098800391e+08,1.1916666667e+01,0.0000000000e+00,0.0000000000e+00,0,1.1833333333e+01,1.2000000000e+01,/oss06/data/project/tkcastrosim/HNHuang/project_big_sim/data/PL/PL_25_256/fof_output_0032.hdf5
PL-25-256,0032,8.519850605,37.11401427,1.2098800391e+08,1.2083333333e+01,0.0000000000e+00,0.0000000000e+00,0,1.2000000000e+01,1.2166666667e+01,/oss06/data/project/tkcastrosim/HNHuang/project_big_sim/data/PL/PL_25_256/fof_output_0032.hdf5
PL-25-256,0032,8.519850605,37.11401427,1.2098800391e+08,1.2250000000e+01,0.0000000000e+00,0.0000000000e+00,0,1.2166666667e+01,1.2333333333e+01,/oss06/data/project/tkcastrosim/HNHuang/project_big_sim/data/PL/PL_25_256/fof_output_0032.hdf5
PL-25-256,0032,8.519850605,37.11401427,1.2098800391e+08,1.2416666667e+01,0.0000000000e+00,0.0000000000e+00,0,1.2333333333e+01,1.2500000000e+01,/oss06/data/project/tkcastrosim/HNHuang/project_big_sim/data/PL/PL_25_256/fof_output_0032.hdf5
PL-25-256,0032,8.519850605,37.11401427,1.2098800391e+08,1.2583333333e+01,0.0000000000e+00,0.0000000000e+00,0,1.2500000000e+01,1.2666666667e+01,/oss06/data/project/tkcastrosim/HNHuang/project_big_sim/data/PL/PL_25_256/fof_output_0032.hdf5
PL-25-256,0032,8.519850605,37.11401427,1.2098800391e+08,1.2750000000e+01,0.0000000000e+00,0.0000000000e+00,0,1.2666666667e+01,1.2833333333e+01,/oss06/data/project/tkcastrosim/HNHuang/project_big_sim/data/PL/PL_25_256/fof_output_0032.hdf5
PL-25-256,0032,8.519850605,37.11401427,1.2098800391e+08,1.2916666667e+01,0.0000000000e+00,0.0000000000e+00,0,1.2833333333e+01,1.3000000000e+01,/oss06/data/project/tkcastrosim/HNHuang/project_big_sim/data/PL/PL_25_256/fof_output_0032.hdf5
PL-25-256,0032,8.519850605,37.11401427,1.2098800391e+08,1.3083333333e+01,0.0000000000e+00,0.0000000000e+00,0,1.3000000000e+01,1.3166666667e+01,/oss06/data/project/tkcastrosim/HNHuang/project_big_sim/data/PL/PL_25_256/fof_output_0032.hdf5
PL-25-256,0032,8.519850605,37.11401427,1.2098800391e+08,1.3250000000e+01,0.0000000000e+00,0.0000000000e+00,0,1.3166666667e+01,1.3333333333e+01,/oss06/data/project/tkcastrosim/HNHuang/project_big_sim/data/PL/PL_25_256/fof_output_0032.hdf5
PL-25-256,0032,8.519850605,37.11401427,1.2098800391e+08,1.3416666667e+01,0.0000000000e+00,0.0000000000e+00,0,1.3333333333e+01,1.3500000000e+01,/oss06/data/project/tkcastrosim/HNHuang/project_big_sim/data/PL/PL_25_256/fof_output_0032.hdf5
PL-25-256,0032,8.519850605,37.11401427,1.2098800391e+08,1.3583333333e+01,0.0000000000e+00,0.0000000000e+00,0,1.3500000000e+01,1.3666666667e+01,/oss06/data/project/tkcastrosim/HNHuang/project_big_sim/data/PL/PL_25_256/fof_output_0032.hdf5
PL-25-256,0032,8.519850605,37.11401427,1.2098800391e+08,1.3750000000e+01,0.0000000000e+00,0.0000000000e+00,0,1.3666666667e+01,1.3833333333e+01,/oss06/data/project/tkcastrosim/HNHuang/project_big_sim/data/PL/PL_25_256/fof_output_0032.hdf5
PL-25-256,0032,8.519850605,37.11401427,1.2098800391e+08,1.3916666667e+01,0.0000000000e+00,0.0000000000e+00,0,1.3833333333e+01,1.4000000000e+01,/oss06/data/project/tkcastrosim/HNHuang/project_big_sim/data/PL/PL_25_256/fof_output_0032.hdf5
PL-25-256,0032,8.519850605,37.11401427,1.2098800391e+08,1.4083333333e+01,0.0000000000e+00,0.0000000000e+00,0,1.4000000000e+01,1.4166666667e+01,/oss06/data/project/tkcastrosim/HNHuang/project_big_sim/data/PL/PL_25_256/fof_output_0032.hdf5
PL-25-256,0032,8.519850605,37.11401427,1.2098800391e+08,1.4250000000e+01,0.0000000000e+00,0.0000000000e+00,0,1.4166666667e+01,1.4333333333e+01,/oss06/data/project/tkcastrosim/HNHuang/project_big_sim/data/PL/PL_25_256/fof_output_0032.hdf5
PL-25-256,0032,8.519850605,37.11401427,1.2098800391e+08,1.4416666667e+01,0.0000000000e+00,0.0000000000e+00,0,1.4333333333e+01,1.4500000000e+01,/oss06/data/project/tkcastrosim/HNHuang/project_big_sim/data/PL/PL_25_256/fof_output_0032.hdf5
PL-50-512,0032,8.519850605,74.22802854,1.2098800391e+08,7.0833333333e+00,0.0000000000e+00,0.0000000000e+00,0,7.0000000000e+00,7.1666666667e+00,/oss06/data/project/tkcastrosim/HNHuang/project_big_sim/data/PL/PL_50_512/fof_output_0032.hdf5
PL-50-512,0032,8.519850605,74.22802854,1.2098800391e+08,7.2500000000e+00,0.0000000000e+00,0.0000000000e+00,0,7.1666666667e+00,7.3333333333e+00,/oss06/data/project/tkcastrosim/HNHuang/project_big_sim/data/PL/PL_50_512/fof_output_0032.hdf5
PL-50-512,0032,8.519850605,74.22802854,1.2098800391e+08,7.4166666667e+00,0.0000000000e+00,0.0000000000e+00,0,7.3333333333e+00,7.5000000000e+00,/oss06/data/project/tkcastrosim/HNHuang/project_big_sim/data/PL/PL_50_512/fof_output_0032.hdf5
PL-50-512,0032,8.519850605,74.22802854,1.2098800391e+08,7.5833333333e+00,0.0000000000e+00,0.0000000000e+00,0,7.5000000000e+00,7.6666666667e+00,/oss06/data/project/tkcastrosim/HNHuang/project_big_sim/data/PL/PL_50_512/fof_output_0032.hdf5
PL-50-512,0032,8.519850605,74.22802854,1.2098800391e+08,7.7500000000e+00,0.0000000000e+00,0.0000000000e+00,0,7.6666666667e+00,7.8333333333e+00,/oss06/data/project/tkcastrosim/HNHuang/project_big_sim/data/PL/PL_50_512/fof_output_0032.hdf5
PL-50-512,0032,8.519850605,74.22802854,1.2098800391e+08,7.9155653925e+00,4.1644997392e+01,2.4717534882e-02,2838673,7.8333333333e+00,8.0000000000e+00,/oss06/data/project/tkcastrosim/HNHuang/project_big_sim/data/PL/PL_50_512/fof_output_0032.hdf5
PL-50-512,0032,8.519850605,74.22802854,1.2098800391e+08,8.0833333333e+00,0.0000000000e+00,0.0000000000e+00,0,8.0000000000e+00,8.1666666667e+00,/oss06/data/project/tkcastrosim/HNHuang/project_big_sim/data/PL/PL_50_512/fof_output_0032.hdf5
PL-50-512,0032,8.519850605,74.22802854,1.2098800391e+08,8.2435571877e+00,6.8117879759e+00,9.9966456254e-03,464316,8.1666666667e+00,8.3333333333e+00,/oss06/data/project/tkcastrosim/HNHuang/project_big_sim/data/PL/PL_50_512/fof_output_0032.hdf5
PL-50-512,0032,8.519850605,74.22802854,1.2098800391e+08,8.4366391005e+00,2.9470273878e+00,6.5753037797e-03,200880,8.3333333333e+00,8.5000000000e+00,/oss06/data/project/tkcastrosim/HNHuang/project_big_sim/data/PL/PL_50_512/fof_output_0032.hdf5
PL-50-512,0032,8.519850605,74.22802854,1.2098800391e+08,8.5735918051e+00,1.3716118011e+00,4.4857941748e-03,93494,8.5000000000e+00,8.6666666667e+00,/oss06/data/project/tkcastrosim/HNHuang/project_big_sim/data/PL/PL_50_512/fof_output_0032.hdf5
PL-50-512,0032,8.519850605,74.22802854,1.2098800391e+08,8.7141195472e+00,1.3046112331e+00,4.3748613419e-03,88927,8.6666666667e+00,8.8333333333e+00,/oss06/data/project/tkcastrosim/HNHuang/project_big_sim/data/PL/PL_50_512/fof_output_0032.hdf5
PL-50-512,0032,8.519850605,74.22802854,1.2098800391e+08,8.8897841989e+00,8.0300921495e-01,3.4322902026e-03,54736,8.8333333333e+00,9.0000000000e+00,/oss06/data/project/tkcastrosim/HNHuang/project_big_sim/data/PL/PL_50_512/fof_output_0032.hdf5
PL-50-512,0032,8.519850605,74.22802854,1.2098800391e+08,9.0763107059e+00,5.1314776967e-01,2.7437526619e-03,34978,9.0000000000e+00,9.1666666667e+00,/oss06/data/project/tkcastrosim/HNHuang/project_big_sim/data/PL/PL_50_512/fof_output_0032.hdf5
PL-50-512,0032,8.519850605,74.22802854,1.2098800391e+08,9.2563064950e+00,2.5129247374e-01,1.9200541496e-03,17129,9.1666666667e+00,9.3333333333e+00,/oss06/data/project/tkcastrosim/HNHuang/project_big_sim/data/PL/PL_50_512/fof_output_0032.hdf5
PL-50-512,0032,8.519850605,74.22802854,1.2098800391e+08,9.4195380452e+00,1.6972401359e-01,1.5779577936e-03,11569,9.3333333333e+00,9.5000000000e+00,/oss06/data/project/tkcastrosim/HNHuang/project_big_sim/data/PL/PL_50_512/fof_output_0032.hdf5
PL-50-512,0032,8.519850605,74.22802854,1.2098800391e+08,9.5820998089e+00,1.0178452816e-01,1.2219814689e-03,6938,9.5000000000e+00,9.6666666667e+00,/oss06/data/project/tkcastrosim/HNHuang/project_big_sim/data/PL/PL_50_512/fof_output_0032.hdf5
PL-50-512,0032,8.519850605,74.22802854,1.2098800391e+08,9.7439397483e+00,6.9876002828e-02,1.0124830536e-03,4763,9.6666666667e+00,9.8333333333e+00,/oss06/data/project/tkcastrosim/HNHuang/project_big_sim/data/PL/PL_50_512/fof_output_0032.hdf5
PL-50-512,0032,8.519850605,74.22802854,1.2098800391e+08,9.9123162835e+00,3.8965077370e-02,7.5606913212e-04,2656,9.8333333333e+00,1.0000000000e+01,/oss06/data/project/tkcastrosim/HNHuang/project_big_sim/data/PL/PL_50_512/fof_output_0032.hdf5
PL-50-512,0032,8.519850605,74.22802854,1.2098800391e+08,1.0078301518e+01,2.2284620679e-02,5.7177657538e-04,1519,1.0000000000e+01,1.0166666667e+01,/oss06/data/project/tkcastrosim/HNHuang/project_big_sim/data/PL/PL_50_512/fof_output_0032.hdf5
PL-50-512,0032,8.519850605,74.22802854,1.2098800391e+08,1.0244868715e+01,1.2103233746e-02,4.2138051200e-04,825,1.0166666667e+01,1.0333333333e+01,/oss06/data/project/tkcastrosim/HNHuang/project_big_sim/data/PL/PL_50_512/fof_output_0032.hdf5
PL-50-512,0032,8.519850605,74.22802854,1.2098800391e+08,1.0410506053e+01,6.2496697889e-03,3.0279749067e-04,426,1.0333333333e+01,1.0500000000e+01,/oss06/data/project/tkcastrosim/HNHuang/project_big_sim/data/PL/PL_50_512/fof_output_0032.hdf5
PL-50-512,0032,8.519850605,74.22802854,1.2098800391e+08,1.0577036800e+01,3.2715407581e-03,2.1907857316e-04,223,1.0500000000e+01,1.0666666667e+01,/oss06/data/project/tkcastrosim/HNHuang/project_big_sim/data/PL/PL_50_512/fof_output_0032.hdf5
PL-50-512,0032,8.519850605,74.22802854,1.2098800391e+08,1.0747117471e+01,1.5257409813e-03,1.4961121224e-04,104,1.0666666667e+01,1.0833333333e+01,/oss06/data/project/tkcastrosim/HNHuang/project_big_sim/data/PL/PL_50_512/fof_output_0032.hdf5
PL-50-512,0032,8.519850605,74.22802854,1.2098800391e+08,1.0894147899e+01,6.6017638616e-04,9.8413285106e-05,45,1.0833333333e+01,1.1000000000e+01,/oss06/data/project/tkcastrosim/HNHuang/project_big_sim/data/PL/PL_50_512/fof_output_0032.hdf5
PL-50-512,0032,8.519850605,74.22802854,1.2098800391e+08,1.1077515707e+01,2.4939996810e-04,6.0488377148e-05,17,1.1000000000e+01,1.1166666667e+01,/oss06/data/project/tkcastrosim/HNHuang/project_big_sim/data/PL/PL_50_512/fof_output_0032.hdf5
PL-50-512,0032,8.519850605,74.22802854,1.2098800391e+08,1.1259822205e+01,1.0269410451e-04,3.8814723094e-05,7,1.1166666667e+01,1.1333333333e+01,/oss06/data/project/tkcastrosim/HNHuang/project_big_sim/data/PL/PL_50_512/fof_output_0032.hdf5
PL-50-512,0032,8.519850605,74.22802854,1.2098800391e+08,1.1446456136e+01,5.8682345436e-05,2.9341172718e-05,4,1.1333333333e+01,1.1500000000e+01,/oss06/data/project/tkcastrosim/HNHuang/project_big_sim/data/PL/PL_50_512/fof_output_0032.hdf5
PL-50-512,0032,8.519850605,74.22802854,1.2098800391e+08,1.1577032886e+01,2.9341172718e-05,2.0747342197e-05,2,1.1500000000e+01,1.1666666667e+01,/oss06/data/project/tkcastrosim/HNHuang/project_big_sim/data/PL/PL_50_512/fof_output_0032.hdf5
PL-50-512,0032,8.519850605,74.22802854,1.2098800391e+08,1.1750000000e+01,0.0000000000e+00,0.0000000000e+00,0,1.1666666667e+01,1.1833333333e+01,/oss06/data/project/tkcastrosim/HNHuang/project_big_sim/data/PL/PL_50_512/fof_output_0032.hdf5
PL-50-512,0032,8.519850605,74.22802854,1.2098800391e+08,1.1916666667e+01,0.0000000000e+00,0.0000000000e+00,0,1.1833333333e+01,1.2000000000e+01,/oss06/data/project/tkcastrosim/HNHuang/project_big_sim/data/PL/PL_50_512/fof_output_0032.hdf5
PL-50-512,0032,8.519850605,74.22802854,1.2098800391e+08,1.2083333333e+01,0.0000000000e+00,0.0000000000e+00,0,1.2000000000e+01,1.2166666667e+01,/oss06/data/project/tkcastrosim/HNHuang/project_big_sim/data/PL/PL_50_512/fof_output_0032.hdf5
PL-50-512,0032,8.519850605,74.22802854,1.2098800391e+08,1.2250000000e+01,0.0000000000e+00,0.0000000000e+00,0,1.2166666667e+01,1.2333333333e+01,/oss06/data/project/tkcastrosim/HNHuang/project_big_sim/data/PL/PL_50_512/fof_output_0032.hdf5
PL-50-512,0032,8.519850605,74.22802854,1.2098800391e+08,1.2416666667e+01,0.0000000000e+00,0.0000000000e+00,0,1.2333333333e+01,1.2500000000e+01,/oss06/data/project/tkcastrosim/HNHuang/project_big_sim/data/PL/PL_50_512/fof_output_0032.hdf5
PL-50-512,0032,8.519850605,74.22802854,1.2098800391e+08,1.2583333333e+01,0.0000000000e+00,0.0000000000e+00,0,1.2500000000e+01,1.2666666667e+01,/oss06/data/project/tkcastrosim/HNHuang/project_big_sim/data/PL/PL_50_512/fof_output_0032.hdf5
PL-50-512,0032,8.519850605,74.22802854,1.2098800391e+08,1.2750000000e+01,0.0000000000e+00,0.0000000000e+00,0,1.2666666667e+01,1.2833333333e+01,/oss06/data/project/tkcastrosim/HNHuang/project_big_sim/data/PL/PL_50_512/fof_output_0032.hdf5
PL-50-512,0032,8.519850605,74.22802854,1.2098800391e+08,1.2916666667e+01,0.0000000000e+00,0.0000000000e+00,0,1.2833333333e+01,1.3000000000e+01,/oss06/data/project/tkcastrosim/HNHuang/project_big_sim/data/PL/PL_50_512/fof_output_0032.hdf5
PL-50-512,0032,8.519850605,74.22802854,1.2098800391e+08,1.3083333333e+01,0.0000000000e+00,0.0000000000e+00,0,1.3000000000e+01,1.3166666667e+01,/oss06/data/project/tkcastrosim/HNHuang/project_big_sim/data/PL/PL_50_512/fof_output_0032.hdf5
PL-50-512,0032,8.519850605,74.22802854,1.2098800391e+08,1.3250000000e+01,0.0000000000e+00,0.0000000000e+00,0,1.3166666667e+01,1.3333333333e+01,/oss06/data/project/tkcastrosim/HNHuang/project_big_sim/data/PL/PL_50_512/fof_output_0032.hdf5
PL-50-512,0032,8.519850605,74.22802854,1.2098800391e+08,1.3416666667e+01,0.0000000000e+00,0.0000000000e+00,0,1.3333333333e+01,1.3500000000e+01,/oss06/data/project/tkcastrosim/HNHuang/project_big_sim/data/PL/PL_50_512/fof_output_0032.hdf5
PL-50-512,0032,8.519850605,74.22802854,1.2098800391e+08,1.3583333333e+01,0.0000000000e+00,0.0000000000e+00,0,1.3500000000e+01,1.3666666667e+01,/oss06/data/project/tkcastrosim/HNHuang/project_big_sim/data/PL/PL_50_512/fof_output_0032.hdf5
PL-50-512,0032,8.519850605,74.22802854,1.2098800391e+08,1.3750000000e+01,0.0000000000e+00,0.0000000000e+00,0,1.3666666667e+01,1.3833333333e+01,/oss06/data/project/tkcastrosim/HNHuang/project_big_sim/data/PL/PL_50_512/fof_output_0032.hdf5
PL-50-512,0032,8.519850605,74.22802854,1.2098800391e+08,1.3916666667e+01,0.0000000000e+00,0.0000000000e+00,0,1.3833333333e+01,1.4000000000e+01,/oss06/data/project/tkcastrosim/HNHuang/project_big_sim/data/PL/PL_50_512/fof_output_0032.hdf5
PL-50-512,0032,8.519850605,74.22802854,1.2098800391e+08,1.4083333333e+01,0.0000000000e+00,0.0000000000e+00,0,1.4000000000e+01,1.4166666667e+01,/oss06/data/project/tkcastrosim/HNHuang/project_big_sim/data/PL/PL_50_512/fof_output_0032.hdf5
PL-50-512,0032,8.519850605,74.22802854,1.2098800391e+08,1.4250000000e+01,0.0000000000e+00,0.0000000000e+00,0,1.4166666667e+01,1.4333333333e+01,/oss06/data/project/tkcastrosim/HNHuang/project_big_sim/data/PL/PL_50_512/fof_output_0032.hdf5
PL-50-512,0032,8.519850605,74.22802854,1.2098800391e+08,1.4416666667e+01,0.0000000000e+00,0.0000000000e+00,0,1.4333333333e+01,1.4500000000e+01,/oss06/data/project/tkcastrosim/HNHuang/project_big_sim/data/PL/PL_50_512/fof_output_0032.hdf5
