model,snapshot,redshift,theory_model,selection,n_bins,log10_mass_center_min_msun,log10_mass_center_max_msun,median_sim_over_theory,median_abs_fraction,max_abs_fraction
BTKP1,0032,8.5198506050e+00,diemer19,strict_1000_particle_full_bins,6,9.625000,10.875000,9.9176825223e-01,1.3168259225e-02,7.3878582900e-02
BTKP1,0032,8.5198506050e+00,diemer19,quoted_1e9_to_1e9p5_centers,2,9.125000,9.375000,9.6263838194e-01,3.7361618055e-02,5.3281201800e-02
BTKP1,0032,8.5198506050e+00,ishiyama21_fit,strict_1000_particle_full_bins,6,9.625000,10.875000,1.1065564306e+00,1.0655643065e-01,1.1507690640e-01
BTKP1,0032,8.5198506050e+00,ishiyama21_fit,quoted_1e9_to_1e9p5_centers,2,9.125000,9.375000,1.0950375905e+00,9.5037590450e-02,1.1100666430e-01
BTKP1,0032,8.5198506050e+00,ludlow16,strict_1000_particle_full_bins,6,9.625000,10.875000,8.8403147073e-01,1.1596852927e-01,2.0923995423e-01
BTKP1,0032,8.5198506050e+00,ludlow16,quoted_1e9_to_1e9p5_centers,2,9.125000,9.375000,7.4916309651e-01,2.5083690349e-01,2.6913054336e-01
BTKP1,0040,3.4410805660e+00,diemer19,strict_1000_particle_full_bins,10,9.625000,11.875000,1.0001899520e+00,1.1106087350e-02,7.1009289050e-02
BTKP1,0040,3.4410805660e+00,diemer19,quoted_1e9_to_1e9p5_centers,2,9.125000,9.375000,9.8217285389e-01,1.7827146110e-02,2.6510352990e-02
BTKP1,0040,3.4410805660e+00,ishiyama21_fit,strict_1000_particle_full_bins,10,9.625000,11.875000,1.1388704571e+00,1.3887045710e-01,2.6577348420e-01
BTKP1,0040,3.4410805660e+00,ishiyama21_fit,quoted_1e9_to_1e9p5_centers,2,9.125000,9.375000,1.1233682447e+00,1.2336824470e-01,1.3346357880e-01
BTKP1,0040,3.4410805660e+00,ludlow16,strict_1000_particle_full_bins,10,9.625000,11.875000,7.9961014956e-01,2.0038985044e-01,2.3312137988e-01
BTKP1,0040,3.4410805660e+00,ludlow16,quoted_1e9_to_1e9p5_centers,2,9.125000,9.375000,7.9335247609e-01,2.0664752391e-01,2.1077422832e-01
BTKP1,0048,1.0717968600e+00,diemer19,strict_1000_particle_full_bins,12,9.625000,12.375000,1.0130427226e+00,3.9567362570e-02,1.2585323847e-01
BTKP1,0048,1.0717968600e+00,diemer19,quoted_1e9_to_1e9p5_centers,2,9.125000,9.375000,1.0593411665e+00,5.9341166500e-02,6.3643722600e-02
BTKP1,0048,1.0717968600e+00,ishiyama21_fit,strict_1000_particle_full_bins,12,9.625000,12.375000,1.1640961834e+00,1.6409618340e-01,3.1811821230e-01
BTKP1,0048,1.0717968600e+00,ishiyama21_fit,quoted_1e9_to_1e9p5_centers,2,9.125000,9.375000,1.2009844435e+00,2.0098444350e-01,2.0566683550e-01
BTKP1,0048,1.0717968600e+00,ludlow16,strict_1000_particle_full_bins,12,9.625000,12.375000,8.8783770802e-01,1.1216229198e-01,2.3521039416e-01
BTKP1,0048,1.0717968600e+00,ludlow16,quoted_1e9_to_1e9p5_centers,2,9.125000,9.375000,9.7278315312e-01,2.7216846875e-02,3.5123251680e-02
BTKP1,0056,0.0000000000e+00,diemer19,strict_1000_particle_full_bins,12,9.625000,12.375000,1.0381983291e+00,7.4856421280e-02,1.9265749980e-01
BTKP1,0056,0.0000000000e+00,diemer19,quoted_1e9_to_1e9p5_centers,2,9.125000,9.375000,1.2220267345e+00,2.2202673455e-01,2.3323489950e-01
BTKP1,0056,0.0000000000e+00,ishiyama21_fit,strict_1000_particle_full_bins,12,9.625000,12.375000,1.2060226858e+00,2.0602268580e-01,3.4050974210e-01
BTKP1,0056,0.0000000000e+00,ishiyama21_fit,quoted_1e9_to_1e9p5_centers,2,9.125000,9.375000,1.3820246097e+00,3.8202460970e-01,3.9473170700e-01
BTKP1,0056,0.0000000000e+00,ludlow16,strict_1000_particle_full_bins,12,9.625000,12.375000,1.0547957973e+00,7.5711081255e-02,2.2802937760e-01
BTKP1,0056,0.0000000000e+00,ludlow16,quoted_1e9_to_1e9p5_centers,2,9.125000,9.375000,1.2797971439e+00,2.7979714395e-01,2.9527211410e-01
BTKP10,0032,8.5198506050e+00,diemer19,strict_1000_particle_full_bins,4,9.625000,10.375000,8.7744262229e-01,1.2255737771e-01,1.3218523045e-01
BTKP10,0032,8.5198506050e+00,diemer19,quoted_1e9_to_1e9p5_centers,2,9.125000,9.375000,8.4209840979e-01,1.5790159020e-01,1.6976903687e-01
BTKP10,0032,8.5198506050e+00,ishiyama21_fit,strict_1000_particle_full_bins,4,9.625000,10.375000,9.8617136745e-01,2.5199548075e-02,2.9455199850e-02
BTKP10,0032,8.5198506050e+00,ishiyama21_fit,quoted_1e9_to_1e9p5_centers,2,9.125000,9.375000,9.7402669202e-01,2.5973307985e-02,3.4848212900e-02
BTKP10,0032,8.5198506050e+00,ludlow16,strict_1000_particle_full_bins,4,9.625000,10.375000,9.6560542923e-01,5.3754397675e-02,1.1803796540e-01
BTKP10,0032,8.5198506050e+00,ludlow16,quoted_1e9_to_1e9p5_centers,2,9.125000,9.375000,8.1059624897e-01,1.8940375103e-01,2.1291169191e-01
BTKP10,0040,3.4410805660e+00,diemer19,strict_1000_particle_full_bins,10,9.625000,11.875000,9.1114004962e-01,1.1623491022e-01,1.5652515902e-01
BTKP10,0040,3.4410805660e+00,diemer19,quoted_1e9_to_1e9p5_centers,2,9.125000,9.375000,8.2814576549e-01,1.7185423451e-01,1.7950700215e-01
BTKP10,0040,3.4410805660e+00,ishiyama21_fit,strict_1000_particle_full_bins,10,9.625000,11.875000,1.0355403564e+00,3.5540356450e-02,1.9756802210e-01
BTKP10,0040,3.4410805660e+00,ishiyama21_fit,quoted_1e9_to_1e9p5_centers,2,9.125000,9.375000,1.0149263560e+00,1.4926355950e-02,2.1308442200e-02
BTKP10,0040,3.4410805660e+00,ludlow16,strict_1000_particle_full_bins,10,9.625000,11.875000,7.8453085379e-01,2.1546914621e-01,2.7217530542e-01
BTKP10,0040,3.4410805660e+00,ludlow16,quoted_1e9_to_1e9p5_centers,2,9.125000,9.375000,7.2168887553e-01,2.7831112447e-01,2.8205414872e-01
BTKP10,0048,1.0717968600e+00,diemer19,strict_1000_particle_full_bins,12,9.625000,12.375000,9.4090454322e-01,7.3020845185e-02,1.6225034720e-01
BTKP10,0048,1.0717968600e+00,diemer19,quoted_1e9_to_1e9p5_centers,2,9.125000,9.375000,8.6443433154e-01,1.3556566847e-01,1.4118725945e-01
BTKP10,0048,1.0717968600e+00,ishiyama21_fit,strict_1000_particle_full_bins,12,9.625000,12.375000,1.0707801274e+00,7.0780127400e-02,1.6123869470e-01
BTKP10,0048,1.0717968600e+00,ishiyama21_fit,quoted_1e9_to_1e9p5_centers,2,9.125000,9.375000,1.0654791429e+00,6.5479142850e-02,7.0296068100e-02
BTKP10,0048,1.0717968600e+00,ludlow16,strict_1000_particle_full_bins,12,9.625000,12.375000,8.5253238151e-01,1.4746761849e-01,2.0289800378e-01
BTKP10,0048,1.0717968600e+00,ludlow16,quoted_1e9_to_1e9p5_centers,2,9.125000,9.375000,8.4781777234e-01,1.5218222766e-01,1.5225549657e-01
BTKP10,0056,0.0000000000e+00,diemer19,strict_1000_particle_full_bins,11,9.625000,12.125000,9.3188867729e-01,6.8111322710e-02,9.3792301250e-02
BTKP10,0056,0.0000000000e+00,diemer19,quoted_1e9_to_1e9p5_centers,2,9.125000,9.375000,9.1210061976e-01,8.7899380240e-02,9.1002936810e-02
BTKP10,0056,0.0000000000e+00,ishiyama21_fit,strict_1000_particle_full_bins,11,9.625000,12.125000,1.0553469738e+00,6.6331404900e-02,1.2869472710e-01
BTKP10,0056,0.0000000000e+00,ishiyama21_fit,quoted_1e9_to_1e9p5_centers,2,9.125000,9.375000,1.1238535809e+00,1.2385358090e-01,1.2551481090e-01
BTKP10,0056,0.0000000000e+00,ludlow16,strict_1000_particle_full_bins,11,9.625000,12.125000,9.9566055378e-01,1.2815332780e-02,1.0567696289e-01
BTKP10,0056,0.0000000000e+00,ludlow16,quoted_1e9_to_1e9p5_centers,2,9.125000,9.375000,1.0300166394e+00,3.0016639450e-02,3.2143609900e-02
PL,0032,8.5198506050e+00,diemer19,strict_1000_particle_full_bins,5,9.625000,10.625000,9.1780157525e-01,8.2198424750e-02,1.1595442976e-01
PL,0032,8.5198506050e+00,diemer19,quoted_1e9_to_1e9p5_centers,2,9.125000,9.375000,8.7531014383e-01,1.2468985617e-01,1.3897011298e-01
PL,0032,8.5198506050e+00,ishiyama21_fit,strict_1000_particle_full_bins,5,9.625000,10.625000,9.7721169328e-01,3.9651670780e-02,1.3724737880e-01
PL,0032,8.5198506050e+00,ishiyama21_fit,quoted_1e9_to_1e9p5_centers,2,9.125000,9.375000,9.3411143058e-01,6.5888569425e-02,8.0496017060e-02
PL,0032,8.5198506050e+00,ludlow16,strict_1000_particle_full_bins,5,9.625000,10.625000,1.0253801028e+00,5.7077084110e-02,3.1948858050e-01
PL,0032,8.5198506050e+00,ludlow16,quoted_1e9_to_1e9p5_centers,2,9.125000,9.375000,8.6015196683e-01,1.3984803316e-01,1.6549835223e-01
PL,0040,3.4410805660e+00,diemer19,strict_1000_particle_full_bins,10,9.625000,11.875000,9.7027958587e-01,5.0507748685e-02,1.5412778220e-01
PL,0040,3.4410805660e+00,diemer19,quoted_1e9_to_1e9p5_centers,2,9.125000,9.375000,8.8830900678e-01,1.1169099322e-01,1.2484010042e-01
PL,0040,3.4410805660e+00,ishiyama21_fit,strict_1000_particle_full_bins,10,9.625000,11.875000,1.0122834762e+00,2.2035617300e-02,1.9813939990e-01
PL,0040,3.4410805660e+00,ishiyama21_fit,quoted_1e9_to_1e9p5_centers,2,9.125000,9.375000,9.2768773532e-01,7.2312264675e-02,8.6260620930e-02
PL,0040,3.4410805660e+00,ludlow16,strict_1000_particle_full_bins,10,9.625000,11.875000,8.2066363452e-01,1.7933636548e-01,2.3002965946e-01
PL,0040,3.4410805660e+00,ludlow16,quoted_1e9_to_1e9p5_centers,2,9.125000,9.375000,7.5307229925e-01,2.4692770075e-01,2.5591706418e-01
PL,0048,1.0717968600e+00,diemer19,strict_1000_particle_full_bins,12,9.625000,12.375000,9.8896819576e-01,2.6191709900e-02,1.3942163830e-01
PL,0048,1.0717968600e+00,diemer19,quoted_1e9_to_1e9p5_centers,2,9.125000,9.375000,9.2001272454e-01,7.9987275460e-02,8.5577315050e-02
PL,0048,1.0717968600e+00,ishiyama21_fit,strict_1000_particle_full_bins,12,9.625000,12.375000,1.0107514912e+00,1.9799866460e-02,1.5768530670e-01
PL,0048,1.0717968600e+00,ishiyama21_fit,quoted_1e9_to_1e9p5_centers,2,9.125000,9.375000,9.4265320748e-01,5.7346792520e-02,6.2980804190e-02
PL,0048,1.0717968600e+00,ludlow16,strict_1000_particle_full_bins,12,9.625000,12.375000,8.8630210077e-01,1.1369789923e-01,2.1213113232e-01
PL,0048,1.0717968600e+00,ludlow16,quoted_1e9_to_1e9p5_centers,2,9.125000,9.375000,8.7537840784e-01,1.2462159216e-01,1.2493976084e-01
PL,0056,0.0000000000e+00,diemer19,strict_1000_particle_full_bins,11,9.625000,12.125000,9.8472397653e-01,1.9903925900e-02,7.6521678850e-02
PL,0056,0.0000000000e+00,diemer19,quoted_1e9_to_1e9p5_centers,2,9.125000,9.375000,9.4244025439e-01,5.7559745615e-02,6.5740174350e-02
PL,0056,0.0000000000e+00,ishiyama21_fit,strict_1000_particle_full_bins,11,9.625000,12.125000,9.9993210034e-01,7.5128151000e-03,7.3065997600e-02
PL,0056,0.0000000000e+00,ishiyama21_fit,quoted_1e9_to_1e9p5_centers,2,9.125000,9.375000,9.6106025982e-01,3.8939740175e-02,4.6952467220e-02
PL,0056,0.0000000000e+00,ludlow16,strict_1000_particle_full_bins,11,9.625000,12.125000,1.0331587919e+00,3.7242102600e-02,1.0713926098e-01
PL,0056,0.0000000000e+00,ludlow16,quoted_1e9_to_1e9p5_centers,2,9.125000,9.375000,1.0363306932e+00,3.6330693150e-02,4.0388084200e-02
