model,snapshot,redshift,log10_M200c_center_Msun,log10_c200c_p16,log10_c200c_p84,sigma_68_log10_c,n_halos_bin,source_file
PL,0056,0.0000000000e+00,8.3750000000e+00,9.2037522708e-01,1.4542083609e+00,2.6691656691e-01,64657,/project/tkcastrosim/HNHuang/project_big_sim/data/PL/PL_25_1024/SOAP_full_000_056/simulation_test/SOAP_uncompressed/HBTplus/halo_properties_0056.hdf5
PL,0056,0.0000000000e+00,8.6250000000e+00,9.5802563923e-01,1.4446506833e+00,2.4331252203e-01,45366,/project/tkcastrosim/HNHuang/project_big_sim/data/PL/PL_25_1024/SOAP_full_000_056/simulation_test/SOAP_uncompressed/HBTplus/halo_properties_0056.hdf5
PL,0056,0.0000000000e+00,8.8750000000e+00,9.7262544992e-01,1.4222076680e+00,2.2479110904e-01,27546,/project/tkcastrosim/HNHuang/project_big_sim/data/PL/PL_25_1024/SOAP_full_000_056/simulation_test/SOAP_uncompressed/HBTplus/halo_properties_0056.hdf5
PL,0056,0.0000000000e+00,9.1250000000e+00,9.7014497710e-01,1.4031585040e+00,2.1650676345e-01,16578,/project/tkcastrosim/HNHuang/project_big_sim/data/PL/PL_25_1024/SOAP_full_000_056/simulation_test/SOAP_uncompressed/HBTplus/halo_properties_0056.hdf5
PL,0056,0.0000000000e+00,9.3750000000e+00,9.6729290490e-01,1.3680539632e+00,2.0038052915e-01,9825,/project/tkcastrosim/HNHuang/project_big_sim/data/PL/PL_25_1024/SOAP_full_000_056/simulation_test/SOAP_uncompressed/HBTplus/halo_properties_0056.hdf5
PL,0056,0.0000000000e+00,9.6250000000e+00,9.6584680743e-01,1.3476538619e+00,1.9090352724e-01,5995,/project/tkcastrosim/HNHuang/project_big_sim/data/PL/PL_25_1024/SOAP_full_000_056/simulation_test/SOAP_uncompressed/HBTplus/halo_properties_0056.hdf5
PL,0056,0.0000000000e+00,9.8750000000e+00,9.6003721572e-01,1.3152366485e+00,1.7759971639e-01,3519,/project/tkcastrosim/HNHuang/project_big_sim/data/PL/PL_25_1024/SOAP_full_000_056/simulation_test/SOAP_uncompressed/HBTplus/halo_properties_0056.hdf5
PL,0056,0.0000000000e+00,1.0125000000e+01,9.4136381577e-01,1.2810781721e+00,1.6985717817e-01,2079,/project/tkcastrosim/HNHuang/project_big_sim/data/PL/PL_25_1024/SOAP_full_000_056/simulation_test/SOAP_uncompressed/HBTplus/halo_properties_0056.hdf5
PL,0056,0.0000000000e+00,1.0375000000e+01,9.0901026554e-01,1.2472172918e+00,1.6910351313e-01,1283,/project/tkcastrosim/HNHuang/project_big_sim/data/PL/PL_25_1024/SOAP_full_000_056/simulation_test/SOAP_uncompressed/HBTplus/halo_properties_0056.hdf5
PL,0056,0.0000000000e+00,1.0625000000e+01,9.0175208123e-01,1.2046265074e+00,1.5143721309e-01,761,/project/tkcastrosim/HNHuang/project_big_sim/data/PL/PL_25_1024/SOAP_full_000_056/simulation_test/SOAP_uncompressed/HBTplus/halo_properties_0056.hdf5
PL,0056,0.0000000000e+00,1.0875000000e+01,8.5482043512e-01,1.1894478285e+00,1.6731369669e-01,433,/project/tkcastrosim/HNHuang/project_big_sim/data/PL/PL_25_1024/SOAP_full_000_056/simulation_test/SOAP_uncompressed/HBTplus/halo_properties_0056.hdf5
PL,0056,0.0000000000e+00,1.1125000000e+01,8.6355794294e-01,1.1437207089e+00,1.4008138298e-01,286,/project/tkcastrosim/HNHuang/project_big_sim/data/PL/PL_25_1024/SOAP_full_000_056/simulation_test/SOAP_uncompressed/HBTplus/halo_properties_0056.hdf5
PL,0056,0.0000000000e+00,1.1375000000e+01,8.5666559459e-01,1.1269304661e+00,1.3513243575e-01,147,/project/tkcastrosim/HNHuang/project_big_sim/data/PL/PL_25_1024/SOAP_full_000_056/simulation_test/SOAP_uncompressed/HBTplus/halo_properties_0056.hdf5
PL,0056,0.0000000000e+00,1.1625000000e+01,8.1415461264e-01,1.0723967845e+00,1.2912108593e-01,91,/project/tkcastrosim/HNHuang/project_big_sim/data/PL/PL_25_1024/SOAP_full_000_056/simulation_test/SOAP_uncompressed/HBTplus/halo_properties_0056.hdf5
PL,0056,0.0000000000e+00,1.1875000000e+01,7.7523026384e-01,1.0518503316e+00,1.3831003388e-01,66,/project/tkcastrosim/HNHuang/project_big_sim/data/PL/PL_25_1024/SOAP_full_000_056/simulation_test/SOAP_uncompressed/HBTplus/halo_properties_0056.hdf5
PL,0056,0.0000000000e+00,1.2125000000e+01,7.1847689976e-01,1.0443645623e+00,1.6294383127e-01,35,/project/tkcastrosim/HNHuang/project_big_sim/data/PL/PL_25_1024/SOAP_full_000_056/simulation_test/SOAP_uncompressed/HBTplus/halo_properties_0056.hdf5
PL,0056,0.0000000000e+00,1.2375000000e+01,7.9074286979e-01,1.0188946490e+00,1.1407588960e-01,19,/project/tkcastrosim/HNHuang/project_big_sim/data/PL/PL_25_1024/SOAP_full_000_056/simulation_test/SOAP_uncompressed/HBTplus/halo_properties_0056.hdf5
PL,0056,0.0000000000e+00,1.2625000000e+01,7.9757575336e-01,9.3410985076e-01,6.8267048700e-02,11,/project/tkcastrosim/HNHuang/project_big_sim/data/PL/PL_25_1024/SOAP_full_000_056/simulation_test/SOAP_uncompressed/HBTplus/halo_properties_0056.hdf5
PL,0056,0.0000000000e+00,1.2875000000e+01,6.5334433812e-01,9.6916747713e-01,1.5791156950e-01,7,/project/tkcastrosim/HNHuang/project_big_sim/data/PL/PL_25_1024/SOAP_full_000_056/simulation_test/SOAP_uncompressed/HBTplus/halo_properties_0056.hdf5
PL,0056,0.0000000000e+00,1.3125000000e+01,6.1582412195e-01,8.2502626146e-01,1.0460106975e-01,14,/project/tkcastrosim/HNHuang/project_big_sim/data/PL/PL_25_1024/SOAP_full_000_056/simulation_test/SOAP_uncompressed/HBTplus/halo_properties_0056.hdf5
PL,0056,0.0000000000e+00,1.3375000000e+01,6.3210931916e-01,8.3413996121e-01,1.0101532102e-01,3,/project/tkcastrosim/HNHuang/project_big_sim/data/PL/PL_25_1024/SOAP_full_000_056/simulation_test/SOAP_uncompressed/HBTplus/halo_properties_0056.hdf5
BTKP1,0056,0.0000000000e+00,8.3750000000e+00,1.4605637794e+00,2.1215262991e+00,3.3048125985e-01,98169,/project/tkcastrosim/HNHuang/project_big_sim/data/bluetilted/kp_1_ms_1.5_25_1024/SOAP_full_000_056/simulation_test/SOAP_uncompressed/HBTplus/halo_properties_0056.hdf5
BTKP1,0056,0.0000000000e+00,8.6250000000e+00,1.4627583935e+00,2.1013114386e+00,3.1927652255e-01,69338,/project/tkcastrosim/HNHuang/project_big_sim/data/bluetilted/kp_1_ms_1.5_25_1024/SOAP_full_000_056/simulation_test/SOAP_uncompressed/HBTplus/halo_properties_0056.hdf5
BTKP1,0056,0.0000000000e+00,8.8750000000e+00,1.4601158017e+00,2.0617889634e+00,3.0083658085e-01,42209,/project/tkcastrosim/HNHuang/project_big_sim/data/bluetilted/kp_1_ms_1.5_25_1024/SOAP_full_000_056/simulation_test/SOAP_uncompressed/HBTplus/halo_properties_0056.hdf5
BTKP1,0056,0.0000000000e+00,9.1250000000e+00,1.4400701620e+00,2.0000097452e+00,2.7996979160e-01,25842,/project/tkcastrosim/HNHuang/project_big_sim/data/bluetilted/kp_1_ms_1.5_25_1024/SOAP_full_000_056/simulation_test/SOAP_uncompressed/HBTplus/halo_properties_0056.hdf5
BTKP1,0056,0.0000000000e+00,9.3750000000e+00,1.4054635629e+00,1.9303107689e+00,2.6242360300e-01,15427,/project/tkcastrosim/HNHuang/project_big_sim/data/bluetilted/kp_1_ms_1.5_25_1024/SOAP_full_000_056/simulation_test/SOAP_uncompressed/HBTplus/halo_properties_0056.hdf5
BTKP1,0056,0.0000000000e+00,9.6250000000e+00,1.3654593584e+00,1.8688901633e+00,2.5171540245e-01,9332,/project/tkcastrosim/HNHuang/project_big_sim/data/bluetilted/kp_1_ms_1.5_25_1024/SOAP_full_000_056/simulation_test/SOAP_uncompressed/HBTplus/halo_properties_0056.hdf5
BTKP1,0056,0.0000000000e+00,9.8750000000e+00,1.3432243813e+00,1.8024865069e+00,2.2963106280e-01,5696,/project/tkcastrosim/HNHuang/project_big_sim/data/bluetilted/kp_1_ms_1.5_25_1024/SOAP_full_000_056/simulation_test/SOAP_uncompressed/HBTplus/halo_properties_0056.hdf5
BTKP1,0056,0.0000000000e+00,1.0125000000e+01,1.2857494829e+00,1.7312728138e+00,2.2276166545e-01,3283,/project/tkcastrosim/HNHuang/project_big_sim/data/bluetilted/kp_1_ms_1.5_25_1024/SOAP_full_000_056/simulation_test/SOAP_uncompressed/HBTplus/halo_properties_0056.hdf5
BTKP1,0056,0.0000000000e+00,1.0375000000e+01,1.2450856225e+00,1.6335834487e+00,1.9424891310e-01,1950,/project/tkcastrosim/HNHuang/project_big_sim/data/bluetilted/kp_1_ms_1.5_25_1024/SOAP_full_000_056/simulation_test/SOAP_uncompressed/HBTplus/halo_properties_0056.hdf5
BTKP1,0056,0.0000000000e+00,1.0625000000e+01,1.1868542376e+00,1.5687209825e+00,1.9093337245e-01,1138,/project/tkcastrosim/HNHuang/project_big_sim/data/bluetilted/kp_1_ms_1.5_25_1024/SOAP_full_000_056/simulation_test/SOAP_uncompressed/HBTplus/halo_properties_0056.hdf5
BTKP1,0056,0.0000000000e+00,1.0875000000e+01,1.1305218681e+00,1.4990652597e+00,1.8427169580e-01,687,/project/tkcastrosim/HNHuang/project_big_sim/data/bluetilted/kp_1_ms_1.5_25_1024/SOAP_full_000_056/simulation_test/SOAP_uncompressed/HBTplus/halo_properties_0056.hdf5
BTKP1,0056,0.0000000000e+00,1.1125000000e+01,1.0740066276e+00,1.4064986594e+00,1.6624601590e-01,437,/project/tkcastrosim/HNHuang/project_big_sim/data/bluetilted/kp_1_ms_1.5_25_1024/SOAP_full_000_056/simulation_test/SOAP_uncompressed/HBTplus/halo_properties_0056.hdf5
BTKP1,0056,0.0000000000e+00,1.1375000000e+01,1.0270614403e+00,1.3509955422e+00,1.6196705095e-01,235,/project/tkcastrosim/HNHuang/project_big_sim/data/bluetilted/kp_1_ms_1.5_25_1024/SOAP_full_000_056/simulation_test/SOAP_uncompressed/HBTplus/halo_properties_0056.hdf5
BTKP1,0056,0.0000000000e+00,1.1625000000e+01,9.6835460242e-01,1.2890136699e+00,1.6032953374e-01,137,/project/tkcastrosim/HNHuang/project_big_sim/data/bluetilted/kp_1_ms_1.5_25_1024/SOAP_full_000_056/simulation_test/SOAP_uncompressed/HBTplus/halo_properties_0056.hdf5
BTKP1,0056,0.0000000000e+00,1.1875000000e+01,9.8822363632e-01,1.2802356700e+00,1.4600601684e-01,84,/project/tkcastrosim/HNHuang/project_big_sim/data/bluetilted/kp_1_ms_1.5_25_1024/SOAP_full_000_056/simulation_test/SOAP_uncompressed/HBTplus/halo_properties_0056.hdf5
BTKP1,0056,0.0000000000e+00,1.2125000000e+01,8.9284084154e-01,1.1810267572e+00,1.4409295783e-01,47,/project/tkcastrosim/HNHuang/project_big_sim/data/bluetilted/kp_1_ms_1.5_25_1024/SOAP_full_000_056/simulation_test/SOAP_uncompressed/HBTplus/halo_properties_0056.hdf5
BTKP1,0056,0.0000000000e+00,1.2375000000e+01,8.3600178087e-01,1.1520963462e+00,1.5804728267e-01,26,/project/tkcastrosim/HNHuang/project_big_sim/data/bluetilted/kp_1_ms_1.5_25_1024/SOAP_full_000_056/simulation_test/SOAP_uncompressed/HBTplus/halo_properties_0056.hdf5
BTKP1,0056,0.0000000000e+00,1.2625000000e+01,8.7832728734e-01,1.0322172543e+00,7.6944983480e-02,15,/project/tkcastrosim/HNHuang/project_big_sim/data/bluetilted/kp_1_ms_1.5_25_1024/SOAP_full_000_056/simulation_test/SOAP_uncompressed/HBTplus/halo_properties_0056.hdf5
BTKP1,0056,0.0000000000e+00,1.2875000000e+01,7.2773279836e-01,1.0665348049e+00,1.6940100327e-01,9,/project/tkcastrosim/HNHuang/project_big_sim/data/bluetilted/kp_1_ms_1.5_25_1024/SOAP_full_000_056/simulation_test/SOAP_uncompressed/HBTplus/halo_properties_0056.hdf5
BTKP1,0056,0.0000000000e+00,1.3125000000e+01,7.1835842843e-01,8.9102872545e-01,8.6335148510e-02,13,/project/tkcastrosim/HNHuang/project_big_sim/data/bluetilted/kp_1_ms_1.5_25_1024/SOAP_full_000_056/simulation_test/SOAP_uncompressed/HBTplus/halo_properties_0056.hdf5
BTKP1,0056,0.0000000000e+00,1.3375000000e+01,7.0229919208e-01,8.8440993514e-01,9.1055371530e-02,3,/project/tkcastrosim/HNHuang/project_big_sim/data/bluetilted/kp_1_ms_1.5_25_1024/SOAP_full_000_056/simulation_test/SOAP_uncompressed/HBTplus/halo_properties_0056.hdf5
BTKP10,0056,0.0000000000e+00,8.3750000000e+00,1.1251672910e+00,1.6758155425e+00,2.7532412575e-01,102876,/project/tkcastrosim/HNHuang/project_big_sim/data/bluetilted/kp_10_ms_1.5_25_1024/SOAP_full_000_056/simulation_test/SOAP_uncompressed/HBTplus/halo_properties_0056.hdf5
BTKP10,0056,0.0000000000e+00,8.6250000000e+00,1.1310845562e+00,1.6416019997e+00,2.5525872175e-01,69083,/project/tkcastrosim/HNHuang/project_big_sim/data/bluetilted/kp_10_ms_1.5_25_1024/SOAP_full_000_056/simulation_test/SOAP_uncompressed/HBTplus/halo_properties_0056.hdf5
BTKP10,0056,0.0000000000e+00,8.8750000000e+00,1.1196086311e+00,1.5936985233e+00,2.3704494610e-01,39215,/project/tkcastrosim/HNHuang/project_big_sim/data/bluetilted/kp_10_ms_1.5_25_1024/SOAP_full_000_056/simulation_test/SOAP_uncompressed/HBTplus/halo_properties_0056.hdf5
BTKP10,0056,0.0000000000e+00,9.1250000000e+00,1.1008651281e+00,1.5472234652e+00,2.2317916855e-01,22319,/project/tkcastrosim/HNHuang/project_big_sim/data/bluetilted/kp_10_ms_1.5_25_1024/SOAP_full_000_056/simulation_test/SOAP_uncompressed/HBTplus/halo_properties_0056.hdf5
BTKP10,0056,0.0000000000e+00,9.3750000000e+00,1.0706267100e+00,1.4890366435e+00,2.0920496675e-01,12256,/project/tkcastrosim/HNHuang/project_big_sim/data/bluetilted/kp_10_ms_1.5_25_1024/SOAP_full_000_056/simulation_test/SOAP_uncompressed/HBTplus/halo_properties_0056.hdf5
BTKP10,0056,0.0000000000e+00,9.6250000000e+00,1.0484481056e+00,1.4426390563e+00,1.9709547535e-01,6993,/project/tkcastrosim/HNHuang/project_big_sim/data/bluetilted/kp_10_ms_1.5_25_1024/SOAP_full_000_056/simulation_test/SOAP_uncompressed/HBTplus/halo_properties_0056.hdf5
BTKP10,0056,0.0000000000e+00,9.8750000000e+00,1.0045662895e+00,1.3868638446e+00,1.9114877755e-01,3907,/project/tkcastrosim/HNHuang/project_big_sim/data/bluetilted/kp_10_ms_1.5_25_1024/SOAP_full_000_056/simulation_test/SOAP_uncompressed/HBTplus/halo_properties_0056.hdf5
BTKP10,0056,0.0000000000e+00,1.0125000000e+01,9.8026266276e-01,1.3286223144e+00,1.7417982582e-01,2241,/project/tkcastrosim/HNHuang/project_big_sim/data/bluetilted/kp_10_ms_1.5_25_1024/SOAP_full_000_056/simulation_test/SOAP_uncompressed/HBTplus/halo_properties_0056.hdf5
BTKP10,0056,0.0000000000e+00,1.0375000000e+01,9.3502467661e-01,1.2836091772e+00,1.7429225030e-01,1282,/project/tkcastrosim/HNHuang/project_big_sim/data/bluetilted/kp_10_ms_1.5_25_1024/SOAP_full_000_056/simulation_test/SOAP_uncompressed/HBTplus/halo_properties_0056.hdf5
BTKP10,0056,0.0000000000e+00,1.0625000000e+01,9.1825237484e-01,1.2336477913e+00,1.5769770823e-01,775,/project/tkcastrosim/HNHuang/project_big_sim/data/bluetilted/kp_10_ms_1.5_25_1024/SOAP_full_000_056/simulation_test/SOAP_uncompressed/HBTplus/halo_properties_0056.hdf5
BTKP10,0056,0.0000000000e+00,1.0875000000e+01,8.9336321014e-01,1.2091411980e+00,1.5788899393e-01,438,/project/tkcastrosim/HNHuang/project_big_sim/data/bluetilted/kp_10_ms_1.5_25_1024/SOAP_full_000_056/simulation_test/SOAP_uncompressed/HBTplus/halo_properties_0056.hdf5
BTKP10,0056,0.0000000000e+00,1.1125000000e+01,8.7061290085e-01,1.1374679126e+00,1.3342750588e-01,276,/project/tkcastrosim/HNHuang/project_big_sim/data/bluetilted/kp_10_ms_1.5_25_1024/SOAP_full_000_056/simulation_test/SOAP_uncompressed/HBTplus/halo_properties_0056.hdf5
BTKP10,0056,0.0000000000e+00,1.1375000000e+01,8.6391623355e-01,1.1291974227e+00,1.3264059457e-01,154,/project/tkcastrosim/HNHuang/project_big_sim/data/bluetilted/kp_10_ms_1.5_25_1024/SOAP_full_000_056/simulation_test/SOAP_uncompressed/HBTplus/halo_properties_0056.hdf5
BTKP10,0056,0.0000000000e+00,1.1625000000e+01,8.3360834885e-01,1.0909713900e+00,1.2868152057e-01,91,/project/tkcastrosim/HNHuang/project_big_sim/data/bluetilted/kp_10_ms_1.5_25_1024/SOAP_full_000_056/simulation_test/SOAP_uncompressed/HBTplus/halo_properties_0056.hdf5
BTKP10,0056,0.0000000000e+00,1.1875000000e+01,7.9805445414e-01,1.0708322251e+00,1.3638888548e-01,64,/project/tkcastrosim/HNHuang/project_big_sim/data/bluetilted/kp_10_ms_1.5_25_1024/SOAP_full_000_056/simulation_test/SOAP_uncompressed/HBTplus/halo_properties_0056.hdf5
BTKP10,0056,0.0000000000e+00,1.2125000000e+01,7.3901967301e-01,1.0070575499e+00,1.3401893845e-01,37,/project/tkcastrosim/HNHuang/project_big_sim/data/bluetilted/kp_10_ms_1.5_25_1024/SOAP_full_000_056/simulation_test/SOAP_uncompressed/HBTplus/halo_properties_0056.hdf5
BTKP10,0056,0.0000000000e+00,1.2375000000e+01,7.7980025117e-01,1.0240281905e+00,1.2211396966e-01,19,/project/tkcastrosim/HNHuang/project_big_sim/data/bluetilted/kp_10_ms_1.5_25_1024/SOAP_full_000_056/simulation_test/SOAP_uncompressed/HBTplus/halo_properties_0056.hdf5
BTKP10,0056,0.0000000000e+00,1.2625000000e+01,7.9895193432e-01,9.3512427396e-01,6.8086169820e-02,11,/project/tkcastrosim/HNHuang/project_big_sim/data/bluetilted/kp_10_ms_1.5_25_1024/SOAP_full_000_056/simulation_test/SOAP_uncompressed/HBTplus/halo_properties_0056.hdf5
BTKP10,0056,0.0000000000e+00,1.2875000000e+01,6.4500383912e-01,9.7703112519e-01,1.6601364303e-01,7,/project/tkcastrosim/HNHuang/project_big_sim/data/bluetilted/kp_10_ms_1.5_25_1024/SOAP_full_000_056/simulation_test/SOAP_uncompressed/HBTplus/halo_properties_0056.hdf5
BTKP10,0056,0.0000000000e+00,1.3125000000e+01,6.2524039349e-01,8.4833242239e-01,1.1154601445e-01,14,/project/tkcastrosim/HNHuang/project_big_sim/data/bluetilted/kp_10_ms_1.5_25_1024/SOAP_full_000_056/simulation_test/SOAP_uncompressed/HBTplus/halo_properties_0056.hdf5
BTKP10,0056,0.0000000000e+00,1.3375000000e+01,6.3652246003e-01,8.3061362997e-01,9.7045584970e-02,3,/project/tkcastrosim/HNHuang/project_big_sim/data/bluetilted/kp_10_ms_1.5_25_1024/SOAP_full_000_056/simulation_test/SOAP_uncompressed/HBTplus/halo_properties_0056.hdf5
PL,0048,1.0717968600e+00,8.3750000000e+00,6.4000360427e-01,1.1044861878e+00,2.3224129177e-01,84037,/project/tkcastrosim/HNHuang/project_big_sim/data/PL/PL_25_1024/SOAP_full_000_056/simulation_test/SOAP_uncompressed/HBTplus/halo_properties_0048.hdf5
PL,0048,1.0717968600e+00,8.6250000000e+00,6.8443520274e-01,1.1015494319e+00,2.0855711458e-01,58818,/project/tkcastrosim/HNHuang/project_big_sim/data/PL/PL_25_1024/SOAP_full_000_056/simulation_test/SOAP_uncompressed/HBTplus/halo_properties_0048.hdf5
PL,0048,1.0717968600e+00,8.8750000000e+00,7.0415535909e-01,1.0888788930e+00,1.9236176695e-01,35440,/project/tkcastrosim/HNHuang/project_big_sim/data/PL/PL_25_1024/SOAP_full_000_056/simulation_test/SOAP_uncompressed/HBTplus/halo_properties_0048.hdf5
PL,0048,1.0717968600e+00,9.1250000000e+00,7.1448838543e-01,1.0737156479e+00,1.7961363124e-01,20799,/project/tkcastrosim/HNHuang/project_big_sim/data/PL/PL_25_1024/SOAP_full_000_056/simulation_test/SOAP_uncompressed/HBTplus/halo_properties_0048.hdf5
PL,0048,1.0717968600e+00,9.3750000000e+00,7.0239363381e-01,1.0559446007e+00,1.7677548344e-01,12329,/project/tkcastrosim/HNHuang/project_big_sim/data/PL/PL_25_1024/SOAP_full_000_056/simulation_test/SOAP_uncompressed/HBTplus/halo_properties_0048.hdf5
PL,0048,1.0717968600e+00,9.6250000000e+00,6.9797895348e-01,1.0409439246e+00,1.7148248556e-01,7331,/project/tkcastrosim/HNHuang/project_big_sim/data/PL/PL_25_1024/SOAP_full_000_056/simulation_test/SOAP_uncompressed/HBTplus/halo_properties_0048.hdf5
PL,0048,1.0717968600e+00,9.8750000000e+00,6.8627555204e-01,1.0314731167e+00,1.7259878233e-01,4298,/project/tkcastrosim/HNHuang/project_big_sim/data/PL/PL_25_1024/SOAP_full_000_056/simulation_test/SOAP_uncompressed/HBTplus/halo_properties_0048.hdf5
PL,0048,1.0717968600e+00,1.0125000000e+01,6.6022279019e-01,1.0033172909e+00,1.7154725036e-01,2625,/project/tkcastrosim/HNHuang/project_big_sim/data/PL/PL_25_1024/SOAP_full_000_056/simulation_test/SOAP_uncompressed/HBTplus/halo_properties_0048.hdf5
PL,0048,1.0717968600e+00,1.0375000000e+01,6.3701654589e-01,9.7739217166e-01,1.7018781289e-01,1534,/project/tkcastrosim/HNHuang/project_big_sim/data/PL/PL_25_1024/SOAP_full_000_056/simulation_test/SOAP_uncompressed/HBTplus/halo_properties_0048.hdf5
PL,0048,1.0717968600e+00,1.0625000000e+01,6.1338497845e-01,9.6710421338e-01,1.7685961747e-01,873,/project/tkcastrosim/HNHuang/project_big_sim/data/PL/PL_25_1024/SOAP_full_000_056/simulation_test/SOAP_uncompressed/HBTplus/halo_properties_0048.hdf5
PL,0048,1.0717968600e+00,1.0875000000e+01,6.0360056655e-01,9.3732022847e-01,1.6685983096e-01,515,/project/tkcastrosim/HNHuang/project_big_sim/data/PL/PL_25_1024/SOAP_full_000_056/simulation_test/SOAP_uncompressed/HBTplus/halo_properties_0048.hdf5
PL,0048,1.0717968600e+00,1.1125000000e+01,5.8569348640e-01,9.2574367019e-01,1.7002509190e-01,313,/project/tkcastrosim/HNHuang/project_big_sim/data/PL/PL_25_1024/SOAP_full_000_056/simulation_test/SOAP_uncompressed/HBTplus/halo_properties_0048.hdf5
PL,0048,1.0717968600e+00,1.1375000000e+01,5.8158277042e-01,9.1085525936e-01,1.6463624447e-01,186,/project/tkcastrosim/HNHuang/project_big_sim/data/PL/PL_25_1024/SOAP_full_000_056/simulation_test/SOAP_uncompressed/HBTplus/halo_properties_0048.hdf5
PL,0048,1.0717968600e+00,1.1625000000e+01,5.4777747210e-01,8.5279273903e-01,1.5250763346e-01,94,/project/tkcastrosim/HNHuang/project_big_sim/data/PL/PL_25_1024/SOAP_full_000_056/simulation_test/SOAP_uncompressed/HBTplus/halo_properties_0048.hdf5
PL,0048,1.0717968600e+00,1.1875000000e+01,4.4497780959e-01,8.9174726506e-01,2.2338472774e-01,64,/project/tkcastrosim/HNHuang/project_big_sim/data/PL/PL_25_1024/SOAP_full_000_056/simulation_test/SOAP_uncompressed/HBTplus/halo_properties_0048.hdf5
PL,0048,1.0717968600e+00,1.2125000000e+01,4.2540959936e-01,8.9319005359e-01,2.3389022712e-01,41,/project/tkcastrosim/HNHuang/project_big_sim/data/PL/PL_25_1024/SOAP_full_000_056/simulation_test/SOAP_uncompressed/HBTplus/halo_properties_0048.hdf5
PL,0048,1.0717968600e+00,1.2375000000e+01,5.8800284588e-01,8.2921386074e-01,1.2060550743e-01,23,/project/tkcastrosim/HNHuang/project_big_sim/data/PL/PL_25_1024/SOAP_full_000_056/simulation_test/SOAP_uncompressed/HBTplus/halo_properties_0048.hdf5
PL,0048,1.0717968600e+00,1.2625000000e+01,5.4034052000e-01,8.1352339369e-01,1.3659143685e-01,12,/project/tkcastrosim/HNHuang/project_big_sim/data/PL/PL_25_1024/SOAP_full_000_056/simulation_test/SOAP_uncompressed/HBTplus/halo_properties_0048.hdf5
PL,0048,1.0717968600e+00,1.2875000000e+01,4.7504518166e-01,7.4109129076e-01,1.3302305455e-01,9,/project/tkcastrosim/HNHuang/project_big_sim/data/PL/PL_25_1024/SOAP_full_000_056/simulation_test/SOAP_uncompressed/HBTplus/halo_properties_0048.hdf5
PL,0048,1.0717968600e+00,1.3125000000e+01,6.2328210430e-01,7.2903128033e-01,5.2874588015e-02,2,/project/tkcastrosim/HNHuang/project_big_sim/data/PL/PL_25_1024/SOAP_full_000_056/simulation_test/SOAP_uncompressed/HBTplus/halo_properties_0048.hdf5
PL,0048,1.0717968600e+00,1.3375000000e+01,5.9320611217e-01,5.9320611217e-01,0.0000000000e+00,1,/project/tkcastrosim/HNHuang/project_big_sim/data/PL/PL_25_1024/SOAP_full_000_056/simulation_test/SOAP_uncompressed/HBTplus/halo_properties_0048.hdf5
BTKP1,0048,1.0717968600e+00,8.3750000000e+00,1.1875849294e+00,1.7410620375e+00,2.7673855405e-01,139351,/project/tkcastrosim/HNHuang/project_big_sim/data/bluetilted/kp_1_ms_1.5_25_1024/SOAP_full_000_056/simulation_test/SOAP_uncompressed/HBTplus/halo_properties_0048.hdf5
BTKP1,0048,1.0717968600e+00,8.6250000000e+00,1.1894244144e+00,1.6990336276e+00,2.5480460660e-01,96880,/project/tkcastrosim/HNHuang/project_big_sim/data/bluetilted/kp_1_ms_1.5_25_1024/SOAP_full_000_056/simulation_test/SOAP_uncompressed/HBTplus/halo_properties_0048.hdf5
BTKP1,0048,1.0717968600e+00,8.8750000000e+00,1.1808486012e+00,1.6492782018e+00,2.3421480030e-01,58207,/project/tkcastrosim/HNHuang/project_big_sim/data/bluetilted/kp_1_ms_1.5_25_1024/SOAP_full_000_056/simulation_test/SOAP_uncompressed/HBTplus/halo_properties_0048.hdf5
BTKP1,0048,1.0717968600e+00,9.1250000000e+00,1.1579779071e+00,1.5893407142e+00,2.1568140355e-01,34884,/project/tkcastrosim/HNHuang/project_big_sim/data/bluetilted/kp_1_ms_1.5_25_1024/SOAP_full_000_056/simulation_test/SOAP_uncompressed/HBTplus/halo_properties_0048.hdf5
BTKP1,0048,1.0717968600e+00,9.3750000000e+00,1.1205821933e+00,1.5294468171e+00,2.0443231190e-01,20850,/project/tkcastrosim/HNHuang/project_big_sim/data/bluetilted/kp_1_ms_1.5_25_1024/SOAP_full_000_056/simulation_test/SOAP_uncompressed/HBTplus/halo_properties_0048.hdf5
BTKP1,0048,1.0717968600e+00,9.6250000000e+00,1.0807654938e+00,1.4707341283e+00,1.9498431725e-01,12283,/project/tkcastrosim/HNHuang/project_big_sim/data/bluetilted/kp_1_ms_1.5_25_1024/SOAP_full_000_056/simulation_test/SOAP_uncompressed/HBTplus/halo_properties_0048.hdf5
BTKP1,0048,1.0717968600e+00,9.8750000000e+00,1.0377180110e+00,1.4200287192e+00,1.9115535410e-01,7304,/project/tkcastrosim/HNHuang/project_big_sim/data/bluetilted/kp_1_ms_1.5_25_1024/SOAP_full_000_056/simulation_test/SOAP_uncompressed/HBTplus/halo_properties_0048.hdf5
BTKP1,0048,1.0717968600e+00,1.0125000000e+01,9.9922678367e-01,1.3619394474e+00,1.8135633186e-01,4258,/project/tkcastrosim/HNHuang/project_big_sim/data/bluetilted/kp_1_ms_1.5_25_1024/SOAP_full_000_056/simulation_test/SOAP_uncompressed/HBTplus/halo_properties_0048.hdf5
BTKP1,0048,1.0717968600e+00,1.0375000000e+01,9.5957828988e-01,1.3119363586e+00,1.7617903436e-01,2496,/project/tkcastrosim/HNHuang/project_big_sim/data/bluetilted/kp_1_ms_1.5_25_1024/SOAP_full_000_056/simulation_test/SOAP_uncompressed/HBTplus/halo_properties_0048.hdf5
BTKP1,0048,1.0717968600e+00,1.0625000000e+01,9.0441766673e-01,1.2537691059e+00,1.7467571958e-01,1502,/project/tkcastrosim/HNHuang/project_big_sim/data/bluetilted/kp_1_ms_1.5_25_1024/SOAP_full_000_056/simulation_test/SOAP_uncompressed/HBTplus/halo_properties_0048.hdf5
BTKP1,0048,1.0717968600e+00,1.0875000000e+01,8.3284679941e-01,1.2085522741e+00,1.8785273735e-01,864,/project/tkcastrosim/HNHuang/project_big_sim/data/bluetilted/kp_1_ms_1.5_25_1024/SOAP_full_000_056/simulation_test/SOAP_uncompressed/HBTplus/halo_properties_0048.hdf5
BTKP1,0048,1.0717968600e+00,1.1125000000e+01,8.4177517176e-01,1.1645199911e+00,1.6137240967e-01,488,/project/tkcastrosim/HNHuang/project_big_sim/data/bluetilted/kp_1_ms_1.5_25_1024/SOAP_full_000_056/simulation_test/SOAP_uncompressed/HBTplus/halo_properties_0048.hdf5
BTKP1,0048,1.0717968600e+00,1.1375000000e+01,7.8808619816e-01,1.1050249964e+00,1.5846939912e-01,279,/project/tkcastrosim/HNHuang/project_big_sim/data/bluetilted/kp_1_ms_1.5_25_1024/SOAP_full_000_056/simulation_test/SOAP_uncompressed/HBTplus/halo_properties_0048.hdf5
BTKP1,0048,1.0717968600e+00,1.1625000000e+01,6.7267455229e-01,1.0682364965e+00,1.9778097211e-01,163,/project/tkcastrosim/HNHuang/project_big_sim/data/bluetilted/kp_1_ms_1.5_25_1024/SOAP_full_000_056/simulation_test/SOAP_uncompressed/HBTplus/halo_properties_0048.hdf5
BTKP1,0048,1.0717968600e+00,1.1875000000e+01,6.3992106575e-01,1.0151621152e+00,1.8762052473e-01,94,/project/tkcastrosim/HNHuang/project_big_sim/data/bluetilted/kp_1_ms_1.5_25_1024/SOAP_full_000_056/simulation_test/SOAP_uncompressed/HBTplus/halo_properties_0048.hdf5
BTKP1,0048,1.0717968600e+00,1.2125000000e+01,5.4998220155e-01,9.8513278009e-01,2.1757528927e-01,50,/project/tkcastrosim/HNHuang/project_big_sim/data/bluetilted/kp_1_ms_1.5_25_1024/SOAP_full_000_056/simulation_test/SOAP_uncompressed/HBTplus/halo_properties_0048.hdf5
BTKP1,0048,1.0717968600e+00,1.2375000000e+01,6.4995925776e-01,9.7841952271e-01,1.6423013248e-01,27,/project/tkcastrosim/HNHuang/project_big_sim/data/bluetilted/kp_1_ms_1.5_25_1024/SOAP_full_000_056/simulation_test/SOAP_uncompressed/HBTplus/halo_properties_0048.hdf5
BTKP1,0048,1.0717968600e+00,1.2625000000e+01,6.0919945841e-01,9.4364398865e-01,1.6722226512e-01,15,/project/tkcastrosim/HNHuang/project_big_sim/data/bluetilted/kp_1_ms_1.5_25_1024/SOAP_full_000_056/simulation_test/SOAP_uncompressed/HBTplus/halo_properties_0048.hdf5
BTKP1,0048,1.0717968600e+00,1.2875000000e+01,4.9174511187e-01,8.5968315140e-01,1.8396901976e-01,9,/project/tkcastrosim/HNHuang/project_big_sim/data/bluetilted/kp_1_ms_1.5_25_1024/SOAP_full_000_056/simulation_test/SOAP_uncompressed/HBTplus/halo_properties_0048.hdf5
BTKP1,0048,1.0717968600e+00,1.3125000000e+01,5.9120709286e-01,7.1848209669e-01,6.3637501915e-02,3,/project/tkcastrosim/HNHuang/project_big_sim/data/bluetilted/kp_1_ms_1.5_25_1024/SOAP_full_000_056/simulation_test/SOAP_uncompressed/HBTplus/halo_properties_0048.hdf5
BTKP10,0048,1.0717968600e+00,8.3750000000e+00,8.3998988233e-01,1.3125363313e+00,2.3627322448e-01,135804,/project/tkcastrosim/HNHuang/project_big_sim/data/bluetilted/kp_10_ms_1.5_25_1024/SOAP_full_000_056/simulation_test/SOAP_uncompressed/HBTplus/halo_properties_0048.hdf5
BTKP10,0048,1.0717968600e+00,8.6250000000e+00,8.4917016681e-01,1.2813961219e+00,2.1611297755e-01,89775,/project/tkcastrosim/HNHuang/project_big_sim/data/bluetilted/kp_10_ms_1.5_25_1024/SOAP_full_000_056/simulation_test/SOAP_uncompressed/HBTplus/halo_properties_0048.hdf5
BTKP10,0048,1.0717968600e+00,8.8750000000e+00,8.3984568669e-01,1.2416303734e+00,2.0089234336e-01,50790,/project/tkcastrosim/HNHuang/project_big_sim/data/bluetilted/kp_10_ms_1.5_25_1024/SOAP_full_000_056/simulation_test/SOAP_uncompressed/HBTplus/halo_properties_0048.hdf5
BTKP10,0048,1.0717968600e+00,9.1250000000e+00,8.2294025268e-01,1.2059715961e+00,1.9151567171e-01,28147,/project/tkcastrosim/HNHuang/project_big_sim/data/bluetilted/kp_10_ms_1.5_25_1024/SOAP_full_000_056/simulation_test/SOAP_uncompressed/HBTplus/halo_properties_0048.hdf5
BTKP10,0048,1.0717968600e+00,9.3750000000e+00,7.8811616161e-01,1.1613844661e+00,1.8663415224e-01,15456,/project/tkcastrosim/HNHuang/project_big_sim/data/bluetilted/kp_10_ms_1.5_25_1024/SOAP_full_000_056/simulation_test/SOAP_uncompressed/HBTplus/halo_properties_0048.hdf5
BTKP10,0048,1.0717968600e+00,9.6250000000e+00,7.5389888085e-01,1.1236587643e+00,1.8487994172e-01,8669,/project/tkcastrosim/HNHuang/project_big_sim/data/bluetilted/kp_10_ms_1.5_25_1024/SOAP_full_000_056/simulation_test/SOAP_uncompressed/HBTplus/halo_properties_0048.hdf5
BTKP10,0048,1.0717968600e+00,9.8750000000e+00,7.1954975029e-01,1.0939688763e+00,1.8720956300e-01,4769,/project/tkcastrosim/HNHuang/project_big_sim/data/bluetilted/kp_10_ms_1.5_25_1024/SOAP_full_000_056/simulation_test/SOAP_uncompressed/HBTplus/halo_properties_0048.hdf5
BTKP10,0048,1.0717968600e+00,1.0125000000e+01,6.9306943763e-01,1.0479531834e+00,1.7744187289e-01,2728,/project/tkcastrosim/HNHuang/project_big_sim/data/bluetilted/kp_10_ms_1.5_25_1024/SOAP_full_000_056/simulation_test/SOAP_uncompressed/HBTplus/halo_properties_0048.hdf5
BTKP10,0048,1.0717968600e+00,1.0375000000e+01,6.3856056944e-01,1.0141262489e+00,1.8778283973e-01,1568,/project/tkcastrosim/HNHuang/project_big_sim/data/bluetilted/kp_10_ms_1.5_25_1024/SOAP_full_000_056/simulation_test/SOAP_uncompressed/HBTplus/halo_properties_0048.hdf5
BTKP10,0048,1.0717968600e+00,1.0625000000e+01,6.3026554010e-01,9.9289324053e-01,1.8131385022e-01,850,/project/tkcastrosim/HNHuang/project_big_sim/data/bluetilted/kp_10_ms_1.5_25_1024/SOAP_full_000_056/simulation_test/SOAP_uncompressed/HBTplus/halo_properties_0048.hdf5
BTKP10,0048,1.0717968600e+00,1.0875000000e+01,6.1413957492e-01,9.5187857469e-01,1.6886949988e-01,529,/project/tkcastrosim/HNHuang/project_big_sim/data/bluetilted/kp_10_ms_1.5_25_1024/SOAP_full_000_056/simulation_test/SOAP_uncompressed/HBTplus/halo_properties_0048.hdf5
BTKP10,0048,1.0717968600e+00,1.1125000000e+01,5.7230870112e-01,9.2339029136e-01,1.7554079512e-01,316,/project/tkcastrosim/HNHuang/project_big_sim/data/bluetilted/kp_10_ms_1.5_25_1024/SOAP_full_000_056/simulation_test/SOAP_uncompressed/HBTplus/halo_properties_0048.hdf5
BTKP10,0048,1.0717968600e+00,1.1375000000e+01,6.1470955832e-01,9.1589535986e-01,1.5059290077e-01,184,/project/tkcastrosim/HNHuang/project_big_sim/data/bluetilted/kp_10_ms_1.5_25_1024/SOAP_full_000_056/simulation_test/SOAP_uncompressed/HBTplus/halo_properties_0048.hdf5
BTKP10,0048,1.0717968600e+00,1.1625000000e+01,5.6457588362e-01,8.6714763194e-01,1.5128587416e-01,97,/project/tkcastrosim/HNHuang/project_big_sim/data/bluetilted/kp_10_ms_1.5_25_1024/SOAP_full_000_056/simulation_test/SOAP_uncompressed/HBTplus/halo_properties_0048.hdf5
BTKP10,0048,1.0717968600e+00,1.1875000000e+01,4.6262065431e-01,8.9164636900e-01,2.1451285735e-01,64,/project/tkcastrosim/HNHuang/project_big_sim/data/bluetilted/kp_10_ms_1.5_25_1024/SOAP_full_000_056/simulation_test/SOAP_uncompressed/HBTplus/halo_properties_0048.hdf5
BTKP10,0048,1.0717968600e+00,1.2125000000e+01,4.4010834653e-01,9.2827362419e-01,2.4408263883e-01,40,/project/tkcastrosim/HNHuang/project_big_sim/data/bluetilted/kp_10_ms_1.5_25_1024/SOAP_full_000_056/simulation_test/SOAP_uncompressed/HBTplus/halo_properties_0048.hdf5
BTKP10,0048,1.0717968600e+00,1.2375000000e+01,5.7332016658e-01,8.2717160467e-01,1.2692571904e-01,22,/project/tkcastrosim/HNHuang/project_big_sim/data/bluetilted/kp_10_ms_1.5_25_1024/SOAP_full_000_056/simulation_test/SOAP_uncompressed/HBTplus/halo_properties_0048.hdf5
BTKP10,0048,1.0717968600e+00,1.2625000000e+01,5.3660171755e-01,8.1121133233e-01,1.3730480739e-01,12,/project/tkcastrosim/HNHuang/project_big_sim/data/bluetilted/kp_10_ms_1.5_25_1024/SOAP_full_000_056/simulation_test/SOAP_uncompressed/HBTplus/halo_properties_0048.hdf5
BTKP10,0048,1.0717968600e+00,1.2875000000e+01,4.6982728659e-01,7.3050742285e-01,1.3034006813e-01,9,/project/tkcastrosim/HNHuang/project_big_sim/data/bluetilted/kp_10_ms_1.5_25_1024/SOAP_full_000_056/simulation_test/SOAP_uncompressed/HBTplus/halo_properties_0048.hdf5
BTKP10,0048,1.0717968600e+00,1.3125000000e+01,6.2290090363e-01,7.3454512410e-01,5.5822110235e-02,2,/project/tkcastrosim/HNHuang/project_big_sim/data/bluetilted/kp_10_ms_1.5_25_1024/SOAP_full_000_056/simulation_test/SOAP_uncompressed/HBTplus/halo_properties_0048.hdf5
BTKP10,0048,1.0717968600e+00,1.3375000000e+01,5.8112915532e-01,5.8112915532e-01,0.0000000000e+00,1,/project/tkcastrosim/HNHuang/project_big_sim/data/bluetilted/kp_10_ms_1.5_25_1024/SOAP_full_000_056/simulation_test/SOAP_uncompressed/HBTplus/halo_properties_0048.hdf5
PL,0040,3.4410805660e+00,8.3750000000e+00,2.6271262497e-01,7.0464796601e-01,2.2096767052e-01,89571,/project/tkcastrosim/HNHuang/project_big_sim/data/PL/PL_25_1024/SOAP_full_000_056/simulation_test/SOAP_uncompressed/HBTplus/halo_properties_0040.hdf5
PL,0040,3.4410805660e+00,8.6250000000e+00,3.1300167659e-01,7.1467151192e-01,2.0083491767e-01,61292,/project/tkcastrosim/HNHuang/project_big_sim/data/PL/PL_25_1024/SOAP_full_000_056/simulation_test/SOAP_uncompressed/HBTplus/halo_properties_0040.hdf5
PL,0040,3.4410805660e+00,8.8750000000e+00,3.4184078856e-01,7.2050734743e-01,1.8933327944e-01,36386,/project/tkcastrosim/HNHuang/project_big_sim/data/PL/PL_25_1024/SOAP_full_000_056/simulation_test/SOAP_uncompressed/HBTplus/halo_properties_0040.hdf5
PL,0040,3.4410805660e+00,9.1250000000e+00,3.6273968453e-01,7.1877711237e-01,1.7801871392e-01,20740,/project/tkcastrosim/HNHuang/project_big_sim/data/PL/PL_25_1024/SOAP_full_000_056/simulation_test/SOAP_uncompressed/HBTplus/halo_properties_0040.hdf5
PL,0040,3.4410805660e+00,9.3750000000e+00,3.6260424660e-01,7.1947607007e-01,1.7843591174e-01,11796,/project/tkcastrosim/HNHuang/project_big_sim/data/PL/PL_25_1024/SOAP_full_000_056/simulation_test/SOAP_uncompressed/HBTplus/halo_properties_0040.hdf5
PL,0040,3.4410805660e+00,9.6250000000e+00,3.5441018095e-01,7.1791852192e-01,1.8175417049e-01,6921,/project/tkcastrosim/HNHuang/project_big_sim/data/PL/PL_25_1024/SOAP_full_000_056/simulation_test/SOAP_uncompressed/HBTplus/halo_properties_0040.hdf5
PL,0040,3.4410805660e+00,9.8750000000e+00,3.5493663030e-01,7.0958490091e-01,1.7732413531e-01,3811,/project/tkcastrosim/HNHuang/project_big_sim/data/PL/PL_25_1024/SOAP_full_000_056/simulation_test/SOAP_uncompressed/HBTplus/halo_properties_0040.hdf5
PL,0040,3.4410805660e+00,1.0125000000e+01,3.5303854640e-01,7.0062157780e-01,1.7379151570e-01,2073,/project/tkcastrosim/HNHuang/project_big_sim/data/PL/PL_25_1024/SOAP_full_000_056/simulation_test/SOAP_uncompressed/HBTplus/halo_properties_0040.hdf5
PL,0040,3.4410805660e+00,1.0375000000e+01,3.5365971290e-01,6.9380921084e-01,1.7007474897e-01,1200,/project/tkcastrosim/HNHuang/project_big_sim/data/PL/PL_25_1024/SOAP_full_000_056/simulation_test/SOAP_uncompressed/HBTplus/halo_properties_0040.hdf5
PL,0040,3.4410805660e+00,1.0625000000e+01,3.4729056848e-01,6.6992127672e-01,1.6131535412e-01,687,/project/tkcastrosim/HNHuang/project_big_sim/data/PL/PL_25_1024/SOAP_full_000_056/simulation_test/SOAP_uncompressed/HBTplus/halo_properties_0040.hdf5
PL,0040,3.4410805660e+00,1.0875000000e+01,3.1902284309e-01,6.8862011611e-01,1.8479863651e-01,308,/project/tkcastrosim/HNHuang/project_big_sim/data/PL/PL_25_1024/SOAP_full_000_056/simulation_test/SOAP_uncompressed/HBTplus/halo_properties_0040.hdf5
PL,0040,3.4410805660e+00,1.1125000000e+01,3.2349815978e-01,6.7650133281e-01,1.7650158652e-01,171,/project/tkcastrosim/HNHuang/project_big_sim/data/PL/PL_25_1024/SOAP_full_000_056/simulation_test/SOAP_uncompressed/HBTplus/halo_properties_0040.hdf5
PL,0040,3.4410805660e+00,1.1375000000e+01,3.5433661535e-01,6.5613777873e-01,1.5090058169e-01,95,/project/tkcastrosim/HNHuang/project_big_sim/data/PL/PL_25_1024/SOAP_full_000_056/simulation_test/SOAP_uncompressed/HBTplus/halo_properties_0040.hdf5
PL,0040,3.4410805660e+00,1.1625000000e+01,3.9321093685e-01,6.8968696514e-01,1.4823801415e-01,44,/project/tkcastrosim/HNHuang/project_big_sim/data/PL/PL_25_1024/SOAP_full_000_056/simulation_test/SOAP_uncompressed/HBTplus/halo_properties_0040.hdf5
PL,0040,3.4410805660e+00,1.1875000000e+01,4.1110417521e-01,6.6755954746e-01,1.2822768613e-01,23,/project/tkcastrosim/HNHuang/project_big_sim/data/PL/PL_25_1024/SOAP_full_000_056/simulation_test/SOAP_uncompressed/HBTplus/halo_properties_0040.hdf5
PL,0040,3.4410805660e+00,1.2125000000e+01,4.3680536326e-01,5.8194824038e-01,7.2571438560e-02,10,/project/tkcastrosim/HNHuang/project_big_sim/data/PL/PL_25_1024/SOAP_full_000_056/simulation_test/SOAP_uncompressed/HBTplus/halo_properties_0040.hdf5
BTKP1,0040,3.4410805660e+00,8.3750000000e+00,7.7206848346e-01,1.2252343983e+00,2.2658295742e-01,184512,/project/tkcastrosim/HNHuang/project_big_sim/data/bluetilted/kp_1_ms_1.5_25_1024/SOAP_full_000_056/simulation_test/SOAP_uncompressed/HBTplus/halo_properties_0040.hdf5
BTKP1,0040,3.4410805660e+00,8.6250000000e+00,7.8161589627e-01,1.1941126987e+00,2.0624840121e-01,125437,/project/tkcastrosim/HNHuang/project_big_sim/data/bluetilted/kp_1_ms_1.5_25_1024/SOAP_full_000_056/simulation_test/SOAP_uncompressed/HBTplus/halo_properties_0040.hdf5
BTKP1,0040,3.4410805660e+00,8.8750000000e+00,7.6970652714e-01,1.1604412056e+00,1.9536733923e-01,74430,/project/tkcastrosim/HNHuang/project_big_sim/data/bluetilted/kp_1_ms_1.5_25_1024/SOAP_full_000_056/simulation_test/SOAP_uncompressed/HBTplus/halo_properties_0040.hdf5
BTKP1,0040,3.4410805660e+00,9.1250000000e+00,7.5130631779e-01,1.1271435820e+00,1.8791863210e-01,43592,/project/tkcastrosim/HNHuang/project_big_sim/data/bluetilted/kp_1_ms_1.5_25_1024/SOAP_full_000_056/simulation_test/SOAP_uncompressed/HBTplus/halo_properties_0040.hdf5
BTKP1,0040,3.4410805660e+00,9.3750000000e+00,7.1738391963e-01,1.0897321065e+00,1.8617409344e-01,25001,/project/tkcastrosim/HNHuang/project_big_sim/data/bluetilted/kp_1_ms_1.5_25_1024/SOAP_full_000_056/simulation_test/SOAP_uncompressed/HBTplus/halo_properties_0040.hdf5
BTKP1,0040,3.4410805660e+00,9.6250000000e+00,6.8795110846e-01,1.0542748154e+00,1.8316185347e-01,14573,/project/tkcastrosim/HNHuang/project_big_sim/data/bluetilted/kp_1_ms_1.5_25_1024/SOAP_full_000_056/simulation_test/SOAP_uncompressed/HBTplus/halo_properties_0040.hdf5
BTKP1,0040,3.4410805660e+00,9.8750000000e+00,6.4690482493e-01,1.0162937885e+00,1.8469448179e-01,8121,/project/tkcastrosim/HNHuang/project_big_sim/data/bluetilted/kp_1_ms_1.5_25_1024/SOAP_full_000_056/simulation_test/SOAP_uncompressed/HBTplus/halo_properties_0040.hdf5
BTKP1,0040,3.4410805660e+00,1.0125000000e+01,6.2727097791e-01,9.8235813907e-01,1.7754358058e-01,4607,/project/tkcastrosim/HNHuang/project_big_sim/data/bluetilted/kp_1_ms_1.5_25_1024/SOAP_full_000_056/simulation_test/SOAP_uncompressed/HBTplus/halo_properties_0040.hdf5
BTKP1,0040,3.4410805660e+00,1.0375000000e+01,5.8431067224e-01,9.4562791816e-01,1.8065862296e-01,2592,/project/tkcastrosim/HNHuang/project_big_sim/data/bluetilted/kp_1_ms_1.5_25_1024/SOAP_full_000_056/simulation_test/SOAP_uncompressed/HBTplus/halo_properties_0040.hdf5
BTKP1,0040,3.4410805660e+00,1.0625000000e+01,5.3095379516e-01,9.1467949739e-01,1.9186285112e-01,1398,/project/tkcastrosim/HNHuang/project_big_sim/data/bluetilted/kp_1_ms_1.5_25_1024/SOAP_full_000_056/simulation_test/SOAP_uncompressed/HBTplus/halo_properties_0040.hdf5
BTKP1,0040,3.4410805660e+00,1.0875000000e+01,5.1425928687e-01,8.7609552383e-01,1.8091811848e-01,707,/project/tkcastrosim/HNHuang/project_big_sim/data/bluetilted/kp_1_ms_1.5_25_1024/SOAP_full_000_056/simulation_test/SOAP_uncompressed/HBTplus/halo_properties_0040.hdf5
BTKP1,0040,3.4410805660e+00,1.1125000000e+01,4.5596997288e-01,8.3944754220e-01,1.9173878466e-01,368,/project/tkcastrosim/HNHuang/project_big_sim/data/bluetilted/kp_1_ms_1.5_25_1024/SOAP_full_000_056/simulation_test/SOAP_uncompressed/HBTplus/halo_properties_0040.hdf5
BTKP1,0040,3.4410805660e+00,1.1375000000e+01,4.0069898652e-01,8.2237942092e-01,2.1084021720e-01,158,/project/tkcastrosim/HNHuang/project_big_sim/data/bluetilted/kp_1_ms_1.5_25_1024/SOAP_full_000_056/simulation_test/SOAP_uncompressed/HBTplus/halo_properties_0040.hdf5
BTKP1,0040,3.4410805660e+00,1.1625000000e+01,3.7417605392e-01,7.6490221702e-01,1.9536308155e-01,76,/project/tkcastrosim/HNHuang/project_big_sim/data/bluetilted/kp_1_ms_1.5_25_1024/SOAP_full_000_056/simulation_test/SOAP_uncompressed/HBTplus/halo_properties_0040.hdf5
BTKP1,0040,3.4410805660e+00,1.1875000000e+01,4.1483580559e-01,7.7201869671e-01,1.7859144556e-01,36,/project/tkcastrosim/HNHuang/project_big_sim/data/bluetilted/kp_1_ms_1.5_25_1024/SOAP_full_000_056/simulation_test/SOAP_uncompressed/HBTplus/halo_properties_0040.hdf5
BTKP1,0040,3.4410805660e+00,1.2125000000e+01,4.2044757124e-01,7.5530834363e-01,1.6743038620e-01,13,/project/tkcastrosim/HNHuang/project_big_sim/data/bluetilted/kp_1_ms_1.5_25_1024/SOAP_full_000_056/simulation_test/SOAP_uncompressed/HBTplus/halo_properties_0040.hdf5
BTKP1,0040,3.4410805660e+00,1.2375000000e+01,5.7166719554e-01,7.1074488928e-01,6.9538846870e-02,2,/project/tkcastrosim/HNHuang/project_big_sim/data/bluetilted/kp_1_ms_1.5_25_1024/SOAP_full_000_056/simulation_test/SOAP_uncompressed/HBTplus/halo_properties_0040.hdf5
BTKP10,0040,3.4410805660e+00,8.3750000000e+00,4.2834328442e-01,8.8584096924e-01,2.2874884241e-01,150058,/project/tkcastrosim/HNHuang/project_big_sim/data/bluetilted/kp_10_ms_1.5_25_1024/SOAP_full_000_056/simulation_test/SOAP_uncompressed/HBTplus/halo_properties_0040.hdf5
BTKP10,0040,3.4410805660e+00,8.6250000000e+00,4.4809749605e-01,8.7076184092e-01,2.1133217243e-01,96030,/project/tkcastrosim/HNHuang/project_big_sim/data/bluetilted/kp_10_ms_1.5_25_1024/SOAP_full_000_056/simulation_test/SOAP_uncompressed/HBTplus/halo_properties_0040.hdf5
BTKP10,0040,3.4410805660e+00,8.8750000000e+00,4.4880305371e-01,8.5321224323e-01,2.0220459476e-01,52214,/project/tkcastrosim/HNHuang/project_big_sim/data/bluetilted/kp_10_ms_1.5_25_1024/SOAP_full_000_056/simulation_test/SOAP_uncompressed/HBTplus/halo_properties_0040.hdf5
BTKP10,0040,3.4410805660e+00,9.1250000000e+00,4.4181955919e-01,8.2790120453e-01,1.9304082267e-01,27956,/project/tkcastrosim/HNHuang/project_big_sim/data/bluetilted/kp_10_ms_1.5_25_1024/SOAP_full_000_056/simulation_test/SOAP_uncompressed/HBTplus/halo_properties_0040.hdf5
BTKP10,0040,3.4410805660e+00,9.3750000000e+00,4.1654195104e-01,8.0626935106e-01,1.9486370001e-01,14747,/project/tkcastrosim/HNHuang/project_big_sim/data/bluetilted/kp_10_ms_1.5_25_1024/SOAP_full_000_056/simulation_test/SOAP_uncompressed/HBTplus/halo_properties_0040.hdf5
BTKP10,0040,3.4410805660e+00,9.6250000000e+00,3.9201339723e-01,7.8045188384e-01,1.9421924330e-01,7982,/project/tkcastrosim/HNHuang/project_big_sim/data/bluetilted/kp_10_ms_1.5_25_1024/SOAP_full_000_056/simulation_test/SOAP_uncompressed/HBTplus/halo_properties_0040.hdf5
BTKP10,0040,3.4410805660e+00,9.8750000000e+00,3.7129177431e-01,7.5130419887e-01,1.9000621228e-01,4117,/project/tkcastrosim/HNHuang/project_big_sim/data/bluetilted/kp_10_ms_1.5_25_1024/SOAP_full_000_056/simulation_test/SOAP_uncompressed/HBTplus/halo_properties_0040.hdf5
BTKP10,0040,3.4410805660e+00,1.0125000000e+01,3.6126369774e-01,7.3038842009e-01,1.8456236118e-01,2132,/project/tkcastrosim/HNHuang/project_big_sim/data/bluetilted/kp_10_ms_1.5_25_1024/SOAP_full_000_056/simulation_test/SOAP_uncompressed/HBTplus/halo_properties_0040.hdf5
BTKP10,0040,3.4410805660e+00,1.0375000000e+01,3.6216422559e-01,7.1551262980e-01,1.7667420210e-01,1195,/project/tkcastrosim/HNHuang/project_big_sim/data/bluetilted/kp_10_ms_1.5_25_1024/SOAP_full_000_056/simulation_test/SOAP_uncompressed/HBTplus/halo_properties_0040.hdf5
BTKP10,0040,3.4410805660e+00,1.0625000000e+01,3.3989372540e-01,6.7624522985e-01,1.6817575223e-01,689,/project/tkcastrosim/HNHuang/project_big_sim/data/bluetilted/kp_10_ms_1.5_25_1024/SOAP_full_000_056/simulation_test/SOAP_uncompressed/HBTplus/halo_properties_0040.hdf5
BTKP10,0040,3.4410805660e+00,1.0875000000e+01,3.2320089472e-01,6.8960756191e-01,1.8320333360e-01,302,/project/tkcastrosim/HNHuang/project_big_sim/data/bluetilted/kp_10_ms_1.5_25_1024/SOAP_full_000_056/simulation_test/SOAP_uncompressed/HBTplus/halo_properties_0040.hdf5
BTKP10,0040,3.4410805660e+00,1.1125000000e+01,3.4080111366e-01,6.6361402604e-01,1.6140645619e-01,169,/project/tkcastrosim/HNHuang/project_big_sim/data/bluetilted/kp_10_ms_1.5_25_1024/SOAP_full_000_056/simulation_test/SOAP_uncompressed/HBTplus/halo_properties_0040.hdf5
BTKP10,0040,3.4410805660e+00,1.1375000000e+01,3.9499256033e-01,6.7676054729e-01,1.4088399348e-01,94,/project/tkcastrosim/HNHuang/project_big_sim/data/bluetilted/kp_10_ms_1.5_25_1024/SOAP_full_000_056/simulation_test/SOAP_uncompressed/HBTplus/halo_properties_0040.hdf5
BTKP10,0040,3.4410805660e+00,1.1625000000e+01,3.6810750908e-01,6.7103828064e-01,1.5146538578e-01,45,/project/tkcastrosim/HNHuang/project_big_sim/data/bluetilted/kp_10_ms_1.5_25_1024/SOAP_full_000_056/simulation_test/SOAP_uncompressed/HBTplus/halo_properties_0040.hdf5
BTKP10,0040,3.4410805660e+00,1.1875000000e+01,4.1615451149e-01,6.6157990492e-01,1.2271269671e-01,23,/project/tkcastrosim/HNHuang/project_big_sim/data/bluetilted/kp_10_ms_1.5_25_1024/SOAP_full_000_056/simulation_test/SOAP_uncompressed/HBTplus/halo_properties_0040.hdf5
BTKP10,0040,3.4410805660e+00,1.2125000000e+01,4.2935822493e-01,5.7169622874e-01,7.1169001905e-02,10,/project/tkcastrosim/HNHuang/project_big_sim/data/bluetilted/kp_10_ms_1.5_25_1024/SOAP_full_000_056/simulation_test/SOAP_uncompressed/HBTplus/halo_properties_0040.hdf5
PL,0032,8.5198506050e+00,8.3750000000e+00,5.7889805503e-02,5.2170415678e-01,2.3190717564e-01,37063,/project/tkcastrosim/HNHuang/project_big_sim/data/PL/PL_25_1024/SOAP_full_000_056/simulation_test/SOAP_uncompressed/HBTplus/halo_properties_0032.hdf5
PL,0032,8.5198506050e+00,8.6250000000e+00,1.2080968818e-01,5.4466275313e-01,2.1192653248e-01,22311,/project/tkcastrosim/HNHuang/project_big_sim/data/PL/PL_25_1024/SOAP_full_000_056/simulation_test/SOAP_uncompressed/HBTplus/halo_properties_0032.hdf5
PL,0032,8.5198506050e+00,8.8750000000e+00,1.6069521568e-01,5.6521655495e-01,2.0226066964e-01,11331,/project/tkcastrosim/HNHuang/project_big_sim/data/PL/PL_25_1024/SOAP_full_000_056/simulation_test/SOAP_uncompressed/HBTplus/halo_properties_0032.hdf5
PL,0032,8.5198506050e+00,9.1250000000e+00,1.9752723147e-01,5.8291499485e-01,1.9269388169e-01,5476,/project/tkcastrosim/HNHuang/project_big_sim/data/PL/PL_25_1024/SOAP_full_000_056/simulation_test/SOAP_uncompressed/HBTplus/halo_properties_0032.hdf5
PL,0032,8.5198506050e+00,9.3750000000e+00,2.1178702671e-01,5.9915419917e-01,1.9368358623e-01,2517,/project/tkcastrosim/HNHuang/project_big_sim/data/PL/PL_25_1024/SOAP_full_000_056/simulation_test/SOAP_uncompressed/HBTplus/halo_properties_0032.hdf5
PL,0032,8.5198506050e+00,9.6250000000e+00,2.3870426893e-01,6.2169784469e-01,1.9149678788e-01,1083,/project/tkcastrosim/HNHuang/project_big_sim/data/PL/PL_25_1024/SOAP_full_000_056/simulation_test/SOAP_uncompressed/HBTplus/halo_properties_0032.hdf5
PL,0032,8.5198506050e+00,9.8750000000e+00,2.1418281454e-01,6.2531654329e-01,2.0556686437e-01,447,/project/tkcastrosim/HNHuang/project_big_sim/data/PL/PL_25_1024/SOAP_full_000_056/simulation_test/SOAP_uncompressed/HBTplus/halo_properties_0032.hdf5
PL,0032,8.5198506050e+00,1.0125000000e+01,2.7586159729e-01,6.6666911624e-01,1.9540375948e-01,170,/project/tkcastrosim/HNHuang/project_big_sim/data/PL/PL_25_1024/SOAP_full_000_056/simulation_test/SOAP_uncompressed/HBTplus/halo_properties_0032.hdf5
PL,0032,8.5198506050e+00,1.0375000000e+01,2.7885145835e-01,6.6443922812e-01,1.9279388488e-01,69,/project/tkcastrosim/HNHuang/project_big_sim/data/PL/PL_25_1024/SOAP_full_000_056/simulation_test/SOAP_uncompressed/HBTplus/halo_properties_0032.hdf5
PL,0032,8.5198506050e+00,1.0625000000e+01,3.9005021492e-01,7.5471139157e-01,1.8233058832e-01,20,/project/tkcastrosim/HNHuang/project_big_sim/data/PL/PL_25_1024/SOAP_full_000_056/simulation_test/SOAP_uncompressed/HBTplus/halo_properties_0032.hdf5
PL,0032,8.5198506050e+00,1.0875000000e+01,4.1693366087e-01,7.3116563087e-01,1.5711598500e-01,6,/project/tkcastrosim/HNHuang/project_big_sim/data/PL/PL_25_1024/SOAP_full_000_056/simulation_test/SOAP_uncompressed/HBTplus/halo_properties_0032.hdf5
PL,0032,8.5198506050e+00,1.1125000000e+01,5.4436317847e-01,6.4751187709e-01,5.1574349310e-02,2,/project/tkcastrosim/HNHuang/project_big_sim/data/PL/PL_25_1024/SOAP_full_000_056/simulation_test/SOAP_uncompressed/HBTplus/halo_properties_0032.hdf5
BTKP1,0032,8.5198506050e+00,8.3750000000e+00,3.7440738416e-01,8.2361741325e-01,2.2460501455e-01,184579,/project/tkcastrosim/HNHuang/project_big_sim/data/bluetilted/kp_1_ms_1.5_25_1024/SOAP_full_000_056/simulation_test/SOAP_uncompressed/HBTplus/halo_properties_0032.hdf5
BTKP1,0032,8.5198506050e+00,8.6250000000e+00,3.9827482330e-01,8.1359328260e-01,2.0765922965e-01,118101,/project/tkcastrosim/HNHuang/project_big_sim/data/bluetilted/kp_1_ms_1.5_25_1024/SOAP_full_000_056/simulation_test/SOAP_uncompressed/HBTplus/halo_properties_0032.hdf5
BTKP1,0032,8.5198506050e+00,8.8750000000e+00,4.1013282441e-01,8.0069409880e-01,1.9528063719e-01,63117,/project/tkcastrosim/HNHuang/project_big_sim/data/bluetilted/kp_1_ms_1.5_25_1024/SOAP_full_000_056/simulation_test/SOAP_uncompressed/HBTplus/halo_properties_0032.hdf5
BTKP1,0032,8.5198506050e+00,9.1250000000e+00,4.0832266135e-01,7.8125252081e-01,1.8646492973e-01,32466,/project/tkcastrosim/HNHuang/project_big_sim/data/bluetilted/kp_1_ms_1.5_25_1024/SOAP_full_000_056/simulation_test/SOAP_uncompressed/HBTplus/halo_properties_0032.hdf5
BTKP1,0032,8.5198506050e+00,9.3750000000e+00,4.0926074920e-01,7.6793711780e-01,1.7933818430e-01,16423,/project/tkcastrosim/HNHuang/project_big_sim/data/bluetilted/kp_1_ms_1.5_25_1024/SOAP_full_000_056/simulation_test/SOAP_uncompressed/HBTplus/halo_properties_0032.hdf5
BTKP1,0032,8.5198506050e+00,9.6250000000e+00,4.0054843826e-01,7.5195584649e-01,1.7570370412e-01,7736,/project/tkcastrosim/HNHuang/project_big_sim/data/bluetilted/kp_1_ms_1.5_25_1024/SOAP_full_000_056/simulation_test/SOAP_uncompressed/HBTplus/halo_properties_0032.hdf5
BTKP1,0032,8.5198506050e+00,9.8750000000e+00,3.8828804080e-01,7.3658922210e-01,1.7415059065e-01,3481,/project/tkcastrosim/HNHuang/project_big_sim/data/bluetilted/kp_1_ms_1.5_25_1024/SOAP_full_000_056/simulation_test/SOAP_uncompressed/HBTplus/halo_properties_0032.hdf5
BTKP1,0032,8.5198506050e+00,1.0125000000e+01,3.9028873374e-01,7.2367025450e-01,1.6669076038e-01,1445,/project/tkcastrosim/HNHuang/project_big_sim/data/bluetilted/kp_1_ms_1.5_25_1024/SOAP_full_000_056/simulation_test/SOAP_uncompressed/HBTplus/halo_properties_0032.hdf5
BTKP1,0032,8.5198506050e+00,1.0375000000e+01,3.7308056775e-01,7.0978276456e-01,1.6835109841e-01,509,/project/tkcastrosim/HNHuang/project_big_sim/data/bluetilted/kp_1_ms_1.5_25_1024/SOAP_full_000_056/simulation_test/SOAP_uncompressed/HBTplus/halo_properties_0032.hdf5
BTKP1,0032,8.5198506050e+00,1.0625000000e+01,3.7292282230e-01,6.8253444885e-01,1.5480581328e-01,180,/project/tkcastrosim/HNHuang/project_big_sim/data/bluetilted/kp_1_ms_1.5_25_1024/SOAP_full_000_056/simulation_test/SOAP_uncompressed/HBTplus/halo_properties_0032.hdf5
BTKP1,0032,8.5198506050e+00,1.0875000000e+01,4.4666682877e-01,6.6705345953e-01,1.1019331538e-01,48,/project/tkcastrosim/HNHuang/project_big_sim/data/bluetilted/kp_1_ms_1.5_25_1024/SOAP_full_000_056/simulation_test/SOAP_uncompressed/HBTplus/halo_properties_0032.hdf5
BTKP1,0032,8.5198506050e+00,1.1125000000e+01,5.0863555480e-01,8.3045094561e-01,1.6090769540e-01,19,/project/tkcastrosim/HNHuang/project_big_sim/data/bluetilted/kp_1_ms_1.5_25_1024/SOAP_full_000_056/simulation_test/SOAP_uncompressed/HBTplus/halo_properties_0032.hdf5
BTKP1,0032,8.5198506050e+00,1.1375000000e+01,6.6306586898e-01,6.6306586898e-01,0.0000000000e+00,1,/project/tkcastrosim/HNHuang/project_big_sim/data/bluetilted/kp_1_ms_1.5_25_1024/SOAP_full_000_056/simulation_test/SOAP_uncompressed/HBTplus/halo_properties_0032.hdf5
BTKP10,0032,8.5198506050e+00,8.3750000000e+00,1.5985481250e-01,6.0257611143e-01,2.2136064947e-01,73300,/project/tkcastrosim/HNHuang/project_big_sim/data/bluetilted/kp_10_ms_1.5_25_1024/SOAP_full_000_056/simulation_test/SOAP_uncompressed/HBTplus/halo_properties_0032.hdf5
BTKP10,0032,8.5198506050e+00,8.6250000000e+00,1.9898284615e-01,6.0898737362e-01,2.0500226373e-01,39953,/project/tkcastrosim/HNHuang/project_big_sim/data/bluetilted/kp_10_ms_1.5_25_1024/SOAP_full_000_056/simulation_test/SOAP_uncompressed/HBTplus/halo_properties_0032.hdf5
BTKP10,0032,8.5198506050e+00,8.8750000000e+00,2.2514759116e-01,6.1803117399e-01,1.9644179141e-01,18010,/project/tkcastrosim/HNHuang/project_big_sim/data/bluetilted/kp_10_ms_1.5_25_1024/SOAP_full_000_056/simulation_test/SOAP_uncompressed/HBTplus/halo_properties_0032.hdf5
BTKP10,0032,8.5198506050e+00,9.1250000000e+00,2.4020558344e-01,6.1627760792e-01,1.8803601224e-01,7707,/project/tkcastrosim/HNHuang/project_big_sim/data/bluetilted/kp_10_ms_1.5_25_1024/SOAP_full_000_056/simulation_test/SOAP_uncompressed/HBTplus/halo_properties_0032.hdf5
BTKP10,0032,8.5198506050e+00,9.3750000000e+00,2.2868742371e-01,6.3104023724e-01,2.0117640677e-01,3165,/project/tkcastrosim/HNHuang/project_big_sim/data/bluetilted/kp_10_ms_1.5_25_1024/SOAP_full_000_056/simulation_test/SOAP_uncompressed/HBTplus/halo_properties_0032.hdf5
BTKP10,0032,8.5198506050e+00,9.6250000000e+00,2.5787748778e-01,6.3796664685e-01,1.9004457954e-01,1237,/project/tkcastrosim/HNHuang/project_big_sim/data/bluetilted/kp_10_ms_1.5_25_1024/SOAP_full_000_056/simulation_test/SOAP_uncompressed/HBTplus/halo_properties_0032.hdf5
BTKP10,0032,8.5198506050e+00,9.8750000000e+00,2.3162399467e-01,6.3612186744e-01,2.0224893638e-01,440,/project/tkcastrosim/HNHuang/project_big_sim/data/bluetilted/kp_10_ms_1.5_25_1024/SOAP_full_000_056/simulation_test/SOAP_uncompressed/HBTplus/halo_properties_0032.hdf5
BTKP10,0032,8.5198506050e+00,1.0125000000e+01,2.7527672513e-01,6.8339467672e-01,2.0405897579e-01,178,/project/tkcastrosim/HNHuang/project_big_sim/data/bluetilted/kp_10_ms_1.5_25_1024/SOAP_full_000_056/simulation_test/SOAP_uncompressed/HBTplus/halo_properties_0032.hdf5
BTKP10,0032,8.5198506050e+00,1.0375000000e+01,2.4136612061e-01,6.8701753008e-01,2.2282570473e-01,67,/project/tkcastrosim/HNHuang/project_big_sim/data/bluetilted/kp_10_ms_1.5_25_1024/SOAP_full_000_056/simulation_test/SOAP_uncompressed/HBTplus/halo_properties_0032.hdf5
BTKP10,0032,8.5198506050e+00,1.0625000000e+01,3.9240663141e-01,7.4250072034e-01,1.7504704447e-01,16,/project/tkcastrosim/HNHuang/project_big_sim/data/bluetilted/kp_10_ms_1.5_25_1024/SOAP_full_000_056/simulation_test/SOAP_uncompressed/HBTplus/halo_properties_0032.hdf5
BTKP10,0032,8.5198506050e+00,1.0875000000e+01,4.2727444702e-01,6.8870081619e-01,1.3071318459e-01,6,/project/tkcastrosim/HNHuang/project_big_sim/data/bluetilted/kp_10_ms_1.5_25_1024/SOAP_full_000_056/simulation_test/SOAP_uncompressed/HBTplus/halo_properties_0032.hdf5
BTKP10,0032,8.5198506050e+00,1.1125000000e+01,4.5449025521e-01,6.0167951577e-01,7.3594630280e-02,2,/project/tkcastrosim/HNHuang/project_big_sim/data/bluetilted/kp_10_ms_1.5_25_1024/SOAP_full_000_056/simulation_test/SOAP_uncompressed/HBTplus/halo_properties_0032.hdf5
