model,snapshot,redshift,log10_M200c_center_Msun,log10_M200c_left_Msun,log10_M200c_right_Msun,log10_c200c_median,log10_c200c_p16,log10_c200c_p84,n_halos_bin,n_valid_snapshot,n_total_snapshot,source_file
PL,0056,0,8.3750000000e+00,8.2500000000e+00,8.5000000000e+00,1.1659949150e+00,9.2037522708e-01,1.4542083609e+00,64657,178722,1044921,/project/tkcastrosim/HNHuang/project_big_sim/data/PL/PL_25_1024/SOAP/simulation_test/SOAP_uncompressed/HBTplus/halo_properties_0056.hdf5
PL,0056,0,8.6250000000e+00,8.5000000000e+00,8.7500000000e+00,1.1746612859e+00,9.5802563923e-01,1.4446506833e+00,45366,178722,1044921,/project/tkcastrosim/HNHuang/project_big_sim/data/PL/PL_25_1024/SOAP/simulation_test/SOAP_uncompressed/HBTplus/halo_properties_0056.hdf5
PL,0056,0,8.8750000000e+00,8.7500000000e+00,9.0000000000e+00,1.1727284355e+00,9.7262544992e-01,1.4222076680e+00,27546,178722,1044921,/project/tkcastrosim/HNHuang/project_big_sim/data/PL/PL_25_1024/SOAP/simulation_test/SOAP_uncompressed/HBTplus/halo_properties_0056.hdf5
PL,0056,0,9.1250000000e+00,9.0000000000e+00,9.2500000000e+00,1.1639536979e+00,9.7014497710e-01,1.4031585040e+00,16578,178722,1044921,/project/tkcastrosim/HNHuang/project_big_sim/data/PL/PL_25_1024/SOAP/simulation_test/SOAP_uncompressed/HBTplus/halo_properties_0056.hdf5
PL,0056,0,9.3750000000e+00,9.2500000000e+00,9.5000000000e+00,1.1524075872e+00,9.6729290490e-01,1.3680539632e+00,9825,178722,1044921,/project/tkcastrosim/HNHuang/project_big_sim/data/PL/PL_25_1024/SOAP/simulation_test/SOAP_uncompressed/HBTplus/halo_properties_0056.hdf5
PL,0056,0,9.6250000000e+00,9.5000000000e+00,9.7500000000e+00,1.1459531592e+00,9.6584680743e-01,1.3476538619e+00,5995,178722,1044921,/project/tkcastrosim/HNHuang/project_big_sim/data/PL/PL_25_1024/SOAP/simulation_test/SOAP_uncompressed/HBTplus/halo_properties_0056.hdf5
PL,0056,0,9.8750000000e+00,9.7500000000e+00,1.0000000000e+01,1.1195833874e+00,9.6003721572e-01,1.3152366485e+00,3519,178722,1044921,/project/tkcastrosim/HNHuang/project_big_sim/data/PL/PL_25_1024/SOAP/simulation_test/SOAP_uncompressed/HBTplus/halo_properties_0056.hdf5
PL,0056,0,1.0125000000e+01,1.0000000000e+01,1.0250000000e+01,1.1039629308e+00,9.4136381577e-01,1.2810781721e+00,2079,178722,1044921,/project/tkcastrosim/HNHuang/project_big_sim/data/PL/PL_25_1024/SOAP/simulation_test/SOAP_uncompressed/HBTplus/halo_properties_0056.hdf5
PL,0056,0,1.0375000000e+01,1.0250000000e+01,1.0500000000e+01,1.0843822232e+00,9.0901026554e-01,1.2472172918e+00,1283,178722,1044921,/project/tkcastrosim/HNHuang/project_big_sim/data/PL/PL_25_1024/SOAP/simulation_test/SOAP_uncompressed/HBTplus/halo_properties_0056.hdf5
PL,0056,0,1.0625000000e+01,1.0500000000e+01,1.0750000000e+01,1.0654803839e+00,9.0175208123e-01,1.2046265074e+00,761,178722,1044921,/project/tkcastrosim/HNHuang/project_big_sim/data/PL/PL_25_1024/SOAP/simulation_test/SOAP_uncompressed/HBTplus/halo_properties_0056.hdf5
PL,0056,0,1.0875000000e+01,1.0750000000e+01,1.1000000000e+01,1.0419570654e+00,8.5482043512e-01,1.1894478285e+00,433,178722,1044921,/project/tkcastrosim/HNHuang/project_big_sim/data/PL/PL_25_1024/SOAP/simulation_test/SOAP_uncompressed/HBTplus/halo_properties_0056.hdf5
PL,0056,0,1.1125000000e+01,1.1000000000e+01,1.1250000000e+01,1.0188201749e+00,8.6355794294e-01,1.1437207089e+00,286,178722,1044921,/project/tkcastrosim/HNHuang/project_big_sim/data/PL/PL_25_1024/SOAP/simulation_test/SOAP_uncompressed/HBTplus/halo_properties_0056.hdf5
PL,0056,0,1.1375000000e+01,1.1250000000e+01,1.1500000000e+01,1.0112032765e+00,8.5666559459e-01,1.1269304661e+00,147,178722,1044921,/project/tkcastrosim/HNHuang/project_big_sim/data/PL/PL_25_1024/SOAP/simulation_test/SOAP_uncompressed/HBTplus/halo_properties_0056.hdf5
PL,0056,0,1.1625000000e+01,1.1500000000e+01,1.1750000000e+01,9.5008357344e-01,8.1415461264e-01,1.0723967845e+00,91,178722,1044921,/project/tkcastrosim/HNHuang/project_big_sim/data/PL/PL_25_1024/SOAP/simulation_test/SOAP_uncompressed/HBTplus/halo_properties_0056.hdf5
PL,0056,0,1.1875000000e+01,1.1750000000e+01,1.2000000000e+01,9.3785325755e-01,7.7523026384e-01,1.0518503316e+00,66,178722,1044921,/project/tkcastrosim/HNHuang/project_big_sim/data/PL/PL_25_1024/SOAP/simulation_test/SOAP_uncompressed/HBTplus/halo_properties_0056.hdf5
PL,0056,0,1.2125000000e+01,1.2000000000e+01,1.2250000000e+01,8.7550119859e-01,7.1847689976e-01,1.0443645623e+00,35,178722,1044921,/project/tkcastrosim/HNHuang/project_big_sim/data/PL/PL_25_1024/SOAP/simulation_test/SOAP_uncompressed/HBTplus/halo_properties_0056.hdf5
PL,0056,0,1.2375000000e+01,1.2250000000e+01,1.2500000000e+01,9.1491324722e-01,7.9074286979e-01,1.0188946490e+00,19,178722,1044921,/project/tkcastrosim/HNHuang/project_big_sim/data/PL/PL_25_1024/SOAP/simulation_test/SOAP_uncompressed/HBTplus/halo_properties_0056.hdf5
PL,0056,0,1.2625000000e+01,1.2500000000e+01,1.2750000000e+01,8.4265866055e-01,7.9757575336e-01,9.3410985076e-01,11,178722,1044921,/project/tkcastrosim/HNHuang/project_big_sim/data/PL/PL_25_1024/SOAP/simulation_test/SOAP_uncompressed/HBTplus/halo_properties_0056.hdf5
PL,0056,0,1.2875000000e+01,1.2750000000e+01,1.3000000000e+01,7.7740360720e-01,6.5334433812e-01,9.6916747713e-01,7,178722,1044921,/project/tkcastrosim/HNHuang/project_big_sim/data/PL/PL_25_1024/SOAP/simulation_test/SOAP_uncompressed/HBTplus/halo_properties_0056.hdf5
PL,0056,0,1.3125000000e+01,1.3000000000e+01,1.3250000000e+01,7.8150850504e-01,6.1582412195e-01,8.2502626146e-01,14,178722,1044921,/project/tkcastrosim/HNHuang/project_big_sim/data/PL/PL_25_1024/SOAP/simulation_test/SOAP_uncompressed/HBTplus/halo_properties_0056.hdf5
PL,0056,0,1.3375000000e+01,1.3250000000e+01,1.3500000000e+01,7.8003177514e-01,6.3210931916e-01,8.3413996121e-01,3,178722,1044921,/project/tkcastrosim/HNHuang/project_big_sim/data/PL/PL_25_1024/SOAP/simulation_test/SOAP_uncompressed/HBTplus/halo_properties_0056.hdf5
BT_soft,0056,0,8.3750000000e+00,8.2500000000e+00,8.5000000000e+00,1.7532020900e+00,1.4605637794e+00,2.1215262991e+00,98169,274078,1595144,/project/tkcastrosim/HNHuang/project_big_sim/data/bluetilted/kp_1_ms_1.5_25_1024/SOAP/simulation_test/SOAP_uncompressed/HBTplus/halo_properties_0056.hdf5
BT_soft,0056,0,8.6250000000e+00,8.5000000000e+00,8.7500000000e+00,1.7413384593e+00,1.4627583935e+00,2.1013114386e+00,69338,274078,1595144,/project/tkcastrosim/HNHuang/project_big_sim/data/bluetilted/kp_1_ms_1.5_25_1024/SOAP/simulation_test/SOAP_uncompressed/HBTplus/halo_properties_0056.hdf5
BT_soft,0056,0,8.8750000000e+00,8.7500000000e+00,9.0000000000e+00,1.7224090737e+00,1.4601158017e+00,2.0617889634e+00,42209,274078,1595144,/project/tkcastrosim/HNHuang/project_big_sim/data/bluetilted/kp_1_ms_1.5_25_1024/SOAP/simulation_test/SOAP_uncompressed/HBTplus/halo_properties_0056.hdf5
BT_soft,0056,0,9.1250000000e+00,9.0000000000e+00,9.2500000000e+00,1.6821880953e+00,1.4400701620e+00,2.0000097452e+00,25842,274078,1595144,/project/tkcastrosim/HNHuang/project_big_sim/data/bluetilted/kp_1_ms_1.5_25_1024/SOAP/simulation_test/SOAP_uncompressed/HBTplus/halo_properties_0056.hdf5
BT_soft,0056,0,9.3750000000e+00,9.2500000000e+00,9.5000000000e+00,1.6350784788e+00,1.4054635629e+00,1.9303107689e+00,15427,274078,1595144,/project/tkcastrosim/HNHuang/project_big_sim/data/bluetilted/kp_1_ms_1.5_25_1024/SOAP/simulation_test/SOAP_uncompressed/HBTplus/halo_properties_0056.hdf5
BT_soft,0056,0,9.6250000000e+00,9.5000000000e+00,9.7500000000e+00,1.5843139191e+00,1.3654593584e+00,1.8688901633e+00,9332,274078,1595144,/project/tkcastrosim/HNHuang/project_big_sim/data/bluetilted/kp_1_ms_1.5_25_1024/SOAP/simulation_test/SOAP_uncompressed/HBTplus/halo_properties_0056.hdf5
BT_soft,0056,0,9.8750000000e+00,9.7500000000e+00,1.0000000000e+01,1.5472625055e+00,1.3432243813e+00,1.8024865069e+00,5696,274078,1595144,/project/tkcastrosim/HNHuang/project_big_sim/data/bluetilted/kp_1_ms_1.5_25_1024/SOAP/simulation_test/SOAP_uncompressed/HBTplus/halo_properties_0056.hdf5
BT_soft,0056,0,1.0125000000e+01,1.0000000000e+01,1.0250000000e+01,1.4888393762e+00,1.2857494829e+00,1.7312728138e+00,3283,274078,1595144,/project/tkcastrosim/HNHuang/project_big_sim/data/bluetilted/kp_1_ms_1.5_25_1024/SOAP/simulation_test/SOAP_uncompressed/HBTplus/halo_properties_0056.hdf5
BT_soft,0056,0,1.0375000000e+01,1.0250000000e+01,1.0500000000e+01,1.4397651866e+00,1.2450856225e+00,1.6335834487e+00,1950,274078,1595144,/project/tkcastrosim/HNHuang/project_big_sim/data/bluetilted/kp_1_ms_1.5_25_1024/SOAP/simulation_test/SOAP_uncompressed/HBTplus/halo_properties_0056.hdf5
BT_soft,0056,0,1.0625000000e+01,1.0500000000e+01,1.0750000000e+01,1.3652128420e+00,1.1868542376e+00,1.5687209825e+00,1138,274078,1595144,/project/tkcastrosim/HNHuang/project_big_sim/data/bluetilted/kp_1_ms_1.5_25_1024/SOAP/simulation_test/SOAP_uncompressed/HBTplus/halo_properties_0056.hdf5
BT_soft,0056,0,1.0875000000e+01,1.0750000000e+01,1.1000000000e+01,1.3327972766e+00,1.1305218681e+00,1.4990652597e+00,687,274078,1595144,/project/tkcastrosim/HNHuang/project_big_sim/data/bluetilted/kp_1_ms_1.5_25_1024/SOAP/simulation_test/SOAP_uncompressed/HBTplus/halo_properties_0056.hdf5
BT_soft,0056,0,1.1125000000e+01,1.1000000000e+01,1.1250000000e+01,1.2648825466e+00,1.0740066276e+00,1.4064986594e+00,437,274078,1595144,/project/tkcastrosim/HNHuang/project_big_sim/data/bluetilted/kp_1_ms_1.5_25_1024/SOAP/simulation_test/SOAP_uncompressed/HBTplus/halo_properties_0056.hdf5
BT_soft,0056,0,1.1375000000e+01,1.1250000000e+01,1.1500000000e+01,1.2226382122e+00,1.0270614403e+00,1.3509955422e+00,235,274078,1595144,/project/tkcastrosim/HNHuang/project_big_sim/data/bluetilted/kp_1_ms_1.5_25_1024/SOAP/simulation_test/SOAP_uncompressed/HBTplus/halo_properties_0056.hdf5
BT_soft,0056,0,1.1625000000e+01,1.1500000000e+01,1.1750000000e+01,1.1482895842e+00,9.6835460242e-01,1.2890136699e+00,137,274078,1595144,/project/tkcastrosim/HNHuang/project_big_sim/data/bluetilted/kp_1_ms_1.5_25_1024/SOAP/simulation_test/SOAP_uncompressed/HBTplus/halo_properties_0056.hdf5
BT_soft,0056,0,1.1875000000e+01,1.1750000000e+01,1.2000000000e+01,1.1384206785e+00,9.8822363632e-01,1.2802356700e+00,84,274078,1595144,/project/tkcastrosim/HNHuang/project_big_sim/data/bluetilted/kp_1_ms_1.5_25_1024/SOAP/simulation_test/SOAP_uncompressed/HBTplus/halo_properties_0056.hdf5
BT_soft,0056,0,1.2125000000e+01,1.2000000000e+01,1.2250000000e+01,1.0398281653e+00,8.9284084154e-01,1.1810267572e+00,47,274078,1595144,/project/tkcastrosim/HNHuang/project_big_sim/data/bluetilted/kp_1_ms_1.5_25_1024/SOAP/simulation_test/SOAP_uncompressed/HBTplus/halo_properties_0056.hdf5
BT_soft,0056,0,1.2375000000e+01,1.2250000000e+01,1.2500000000e+01,9.6625053649e-01,8.3600178087e-01,1.1520963462e+00,26,274078,1595144,/project/tkcastrosim/HNHuang/project_big_sim/data/bluetilted/kp_1_ms_1.5_25_1024/SOAP/simulation_test/SOAP_uncompressed/HBTplus/halo_properties_0056.hdf5
BT_soft,0056,0,1.2625000000e+01,1.2500000000e+01,1.2750000000e+01,9.8141102795e-01,8.7832728734e-01,1.0322172543e+00,15,274078,1595144,/project/tkcastrosim/HNHuang/project_big_sim/data/bluetilted/kp_1_ms_1.5_25_1024/SOAP/simulation_test/SOAP_uncompressed/HBTplus/halo_properties_0056.hdf5
BT_soft,0056,0,1.2875000000e+01,1.2750000000e+01,1.3000000000e+01,9.7106997951e-01,7.2773279836e-01,1.0665348049e+00,9,274078,1595144,/project/tkcastrosim/HNHuang/project_big_sim/data/bluetilted/kp_1_ms_1.5_25_1024/SOAP/simulation_test/SOAP_uncompressed/HBTplus/halo_properties_0056.hdf5
BT_soft,0056,0,1.3125000000e+01,1.3000000000e+01,1.3250000000e+01,7.6525012267e-01,7.1835842843e-01,8.9102872545e-01,13,274078,1595144,/project/tkcastrosim/HNHuang/project_big_sim/data/bluetilted/kp_1_ms_1.5_25_1024/SOAP/simulation_test/SOAP_uncompressed/HBTplus/halo_properties_0056.hdf5
BT_soft,0056,0,1.3375000000e+01,1.3250000000e+01,1.3500000000e+01,7.4409500690e-01,7.0229919208e-01,8.8440993514e-01,3,274078,1595144,/project/tkcastrosim/HNHuang/project_big_sim/data/bluetilted/kp_1_ms_1.5_25_1024/SOAP/simulation_test/SOAP_uncompressed/HBTplus/halo_properties_0056.hdf5
BT_deep,0056,0,8.3750000000e+00,8.2500000000e+00,8.5000000000e+00,1.3754818968e+00,1.1251672910e+00,1.6758155425e+00,102876,262062,1688882,/project/tkcastrosim/HNHuang/project_big_sim/data/bluetilted/kp_10_ms_1.5_25_1024/SOAP/simulation_test/SOAP_uncompressed/HBTplus/halo_properties_0056.hdf5
BT_deep,0056,0,8.6250000000e+00,8.5000000000e+00,8.7500000000e+00,1.3570744212e+00,1.1310845562e+00,1.6416019997e+00,69083,262062,1688882,/project/tkcastrosim/HNHuang/project_big_sim/data/bluetilted/kp_10_ms_1.5_25_1024/SOAP/simulation_test/SOAP_uncompressed/HBTplus/halo_properties_0056.hdf5
BT_deep,0056,0,8.8750000000e+00,8.7500000000e+00,9.0000000000e+00,1.3319405090e+00,1.1196086311e+00,1.5936985233e+00,39215,262062,1688882,/project/tkcastrosim/HNHuang/project_big_sim/data/bluetilted/kp_10_ms_1.5_25_1024/SOAP/simulation_test/SOAP_uncompressed/HBTplus/halo_properties_0056.hdf5
BT_deep,0056,0,9.1250000000e+00,9.0000000000e+00,9.2500000000e+00,1.3020406908e+00,1.1008651281e+00,1.5472234652e+00,22319,262062,1688882,/project/tkcastrosim/HNHuang/project_big_sim/data/bluetilted/kp_10_ms_1.5_25_1024/SOAP/simulation_test/SOAP_uncompressed/HBTplus/halo_properties_0056.hdf5
BT_deep,0056,0,9.3750000000e+00,9.2500000000e+00,9.5000000000e+00,1.2654380038e+00,1.0706267100e+00,1.4890366435e+00,12256,262062,1688882,/project/tkcastrosim/HNHuang/project_big_sim/data/bluetilted/kp_10_ms_1.5_25_1024/SOAP/simulation_test/SOAP_uncompressed/HBTplus/halo_properties_0056.hdf5
BT_deep,0056,0,9.6250000000e+00,9.5000000000e+00,9.7500000000e+00,1.2296381840e+00,1.0484481056e+00,1.4426390563e+00,6993,262062,1688882,/project/tkcastrosim/HNHuang/project_big_sim/data/bluetilted/kp_10_ms_1.5_25_1024/SOAP/simulation_test/SOAP_uncompressed/HBTplus/halo_properties_0056.hdf5
BT_deep,0056,0,9.8750000000e+00,9.7500000000e+00,1.0000000000e+01,1.1845341293e+00,1.0045662895e+00,1.3868638446e+00,3907,262062,1688882,/project/tkcastrosim/HNHuang/project_big_sim/data/bluetilted/kp_10_ms_1.5_25_1024/SOAP/simulation_test/SOAP_uncompressed/HBTplus/halo_properties_0056.hdf5
BT_deep,0056,0,1.0125000000e+01,1.0000000000e+01,1.0250000000e+01,1.1518932338e+00,9.8026266276e-01,1.3286223144e+00,2241,262062,1688882,/project/tkcastrosim/HNHuang/project_big_sim/data/bluetilted/kp_10_ms_1.5_25_1024/SOAP/simulation_test/SOAP_uncompressed/HBTplus/halo_properties_0056.hdf5
BT_deep,0056,0,1.0375000000e+01,1.0250000000e+01,1.0500000000e+01,1.1109543155e+00,9.3502467661e-01,1.2836091772e+00,1282,262062,1688882,/project/tkcastrosim/HNHuang/project_big_sim/data/bluetilted/kp_10_ms_1.5_25_1024/SOAP/simulation_test/SOAP_uncompressed/HBTplus/halo_properties_0056.hdf5
BT_deep,0056,0,1.0625000000e+01,1.0500000000e+01,1.0750000000e+01,1.0849385082e+00,9.1825237484e-01,1.2336477913e+00,775,262062,1688882,/project/tkcastrosim/HNHuang/project_big_sim/data/bluetilted/kp_10_ms_1.5_25_1024/SOAP/simulation_test/SOAP_uncompressed/HBTplus/halo_properties_0056.hdf5
BT_deep,0056,0,1.0875000000e+01,1.0750000000e+01,1.1000000000e+01,1.0543475035e+00,8.9336321014e-01,1.2091411980e+00,438,262062,1688882,/project/tkcastrosim/HNHuang/project_big_sim/data/bluetilted/kp_10_ms_1.5_25_1024/SOAP/simulation_test/SOAP_uncompressed/HBTplus/halo_properties_0056.hdf5
BT_deep,0056,0,1.1125000000e+01,1.1000000000e+01,1.1250000000e+01,1.0216083634e+00,8.7061290085e-01,1.1374679126e+00,276,262062,1688882,/project/tkcastrosim/HNHuang/project_big_sim/data/bluetilted/kp_10_ms_1.5_25_1024/SOAP/simulation_test/SOAP_uncompressed/HBTplus/halo_properties_0056.hdf5
BT_deep,0056,0,1.1375000000e+01,1.1250000000e+01,1.1500000000e+01,1.0056268800e+00,8.6391623355e-01,1.1291974227e+00,154,262062,1688882,/project/tkcastrosim/HNHuang/project_big_sim/data/bluetilted/kp_10_ms_1.5_25_1024/SOAP/simulation_test/SOAP_uncompressed/HBTplus/halo_properties_0056.hdf5
BT_deep,0056,0,1.1625000000e+01,1.1500000000e+01,1.1750000000e+01,9.5930644746e-01,8.3360834885e-01,1.0909713900e+00,91,262062,1688882,/project/tkcastrosim/HNHuang/project_big_sim/data/bluetilted/kp_10_ms_1.5_25_1024/SOAP/simulation_test/SOAP_uncompressed/HBTplus/halo_properties_0056.hdf5
BT_deep,0056,0,1.1875000000e+01,1.1750000000e+01,1.2000000000e+01,9.3998335753e-01,7.9805445414e-01,1.0708322251e+00,64,262062,1688882,/project/tkcastrosim/HNHuang/project_big_sim/data/bluetilted/kp_10_ms_1.5_25_1024/SOAP/simulation_test/SOAP_uncompressed/HBTplus/halo_properties_0056.hdf5
BT_deep,0056,0,1.2125000000e+01,1.2000000000e+01,1.2250000000e+01,8.7226093257e-01,7.3901967301e-01,1.0070575499e+00,37,262062,1688882,/project/tkcastrosim/HNHuang/project_big_sim/data/bluetilted/kp_10_ms_1.5_25_1024/SOAP/simulation_test/SOAP_uncompressed/HBTplus/halo_properties_0056.hdf5
BT_deep,0056,0,1.2375000000e+01,1.2250000000e+01,1.2500000000e+01,9.1138225227e-01,7.7980025117e-01,1.0240281905e+00,19,262062,1688882,/project/tkcastrosim/HNHuang/project_big_sim/data/bluetilted/kp_10_ms_1.5_25_1024/SOAP/simulation_test/SOAP_uncompressed/HBTplus/halo_properties_0056.hdf5
BT_deep,0056,0,1.2625000000e+01,1.2500000000e+01,1.2750000000e+01,8.4992007124e-01,7.9895193432e-01,9.3512427396e-01,11,262062,1688882,/project/tkcastrosim/HNHuang/project_big_sim/data/bluetilted/kp_10_ms_1.5_25_1024/SOAP/simulation_test/SOAP_uncompressed/HBTplus/halo_properties_0056.hdf5
BT_deep,0056,0,1.2875000000e+01,1.2750000000e+01,1.3000000000e+01,8.0165455855e-01,6.4500383912e-01,9.7703112519e-01,7,262062,1688882,/project/tkcastrosim/HNHuang/project_big_sim/data/bluetilted/kp_10_ms_1.5_25_1024/SOAP/simulation_test/SOAP_uncompressed/HBTplus/halo_properties_0056.hdf5
BT_deep,0056,0,1.3125000000e+01,1.3000000000e+01,1.3250000000e+01,7.7008338775e-01,6.2524039349e-01,8.4833242239e-01,14,262062,1688882,/project/tkcastrosim/HNHuang/project_big_sim/data/bluetilted/kp_10_ms_1.5_25_1024/SOAP/simulation_test/SOAP_uncompressed/HBTplus/halo_properties_0056.hdf5
BT_deep,0056,0,1.3375000000e+01,1.3250000000e+01,1.3500000000e+01,7.9285013344e-01,6.3652246003e-01,8.3061362997e-01,3,262062,1688882,/project/tkcastrosim/HNHuang/project_big_sim/data/bluetilted/kp_10_ms_1.5_25_1024/SOAP/simulation_test/SOAP_uncompressed/HBTplus/halo_properties_0056.hdf5
PL,0048,1.07179686,8.3750000000e+00,8.2500000000e+00,8.5000000000e+00,8.8652906430e-01,6.4000360427e-01,1.1044861878e+00,84037,229344,1261589,/project/tkcastrosim/HNHuang/project_big_sim/data/PL/PL_25_1024/SOAP/simulation_test/SOAP_uncompressed/HBTplus/halo_properties_0048.hdf5
PL,0048,1.07179686,8.6250000000e+00,8.5000000000e+00,8.7500000000e+00,9.0628814587e-01,6.8443520274e-01,1.1015494319e+00,58818,229344,1261589,/project/tkcastrosim/HNHuang/project_big_sim/data/PL/PL_25_1024/SOAP/simulation_test/SOAP_uncompressed/HBTplus/halo_properties_0048.hdf5
PL,0048,1.07179686,8.8750000000e+00,8.7500000000e+00,9.0000000000e+00,9.1507705693e-01,7.0415535909e-01,1.0888788930e+00,35440,229344,1261589,/project/tkcastrosim/HNHuang/project_big_sim/data/PL/PL_25_1024/SOAP/simulation_test/SOAP_uncompressed/HBTplus/halo_properties_0048.hdf5
PL,0048,1.07179686,9.1250000000e+00,9.0000000000e+00,9.2500000000e+00,9.1641062112e-01,7.1448838543e-01,1.0737156479e+00,20799,229344,1261589,/project/tkcastrosim/HNHuang/project_big_sim/data/PL/PL_25_1024/SOAP/simulation_test/SOAP_uncompressed/HBTplus/halo_properties_0048.hdf5
PL,0048,1.07179686,9.3750000000e+00,9.2500000000e+00,9.5000000000e+00,9.0270261197e-01,7.0239363381e-01,1.0559446007e+00,12329,229344,1261589,/project/tkcastrosim/HNHuang/project_big_sim/data/PL/PL_25_1024/SOAP/simulation_test/SOAP_uncompressed/HBTplus/halo_properties_0048.hdf5
PL,0048,1.07179686,9.6250000000e+00,9.5000000000e+00,9.7500000000e+00,8.9675853092e-01,6.9797895348e-01,1.0409439246e+00,7331,229344,1261589,/project/tkcastrosim/HNHuang/project_big_sim/data/PL/PL_25_1024/SOAP/simulation_test/SOAP_uncompressed/HBTplus/halo_properties_0048.hdf5
PL,0048,1.07179686,9.8750000000e+00,9.7500000000e+00,1.0000000000e+01,8.8780941904e-01,6.8627555204e-01,1.0314731167e+00,4298,229344,1261589,/project/tkcastrosim/HNHuang/project_big_sim/data/PL/PL_25_1024/SOAP/simulation_test/SOAP_uncompressed/HBTplus/halo_properties_0048.hdf5
PL,0048,1.07179686,1.0125000000e+01,1.0000000000e+01,1.0250000000e+01,8.6145994290e-01,6.6022279019e-01,1.0033172909e+00,2625,229344,1261589,/project/tkcastrosim/HNHuang/project_big_sim/data/PL/PL_25_1024/SOAP/simulation_test/SOAP_uncompressed/HBTplus/halo_properties_0048.hdf5
PL,0048,1.07179686,1.0375000000e+01,1.0250000000e+01,1.0500000000e+01,8.4569571268e-01,6.3701654589e-01,9.7739217166e-01,1534,229344,1261589,/project/tkcastrosim/HNHuang/project_big_sim/data/PL/PL_25_1024/SOAP/simulation_test/SOAP_uncompressed/HBTplus/halo_properties_0048.hdf5
PL,0048,1.07179686,1.0625000000e+01,1.0500000000e+01,1.0750000000e+01,8.3131204589e-01,6.1338497845e-01,9.6710421338e-01,873,229344,1261589,/project/tkcastrosim/HNHuang/project_big_sim/data/PL/PL_25_1024/SOAP/simulation_test/SOAP_uncompressed/HBTplus/halo_properties_0048.hdf5
PL,0048,1.07179686,1.0875000000e+01,1.0750000000e+01,1.1000000000e+01,8.0230907194e-01,6.0360056655e-01,9.3732022847e-01,515,229344,1261589,/project/tkcastrosim/HNHuang/project_big_sim/data/PL/PL_25_1024/SOAP/simulation_test/SOAP_uncompressed/HBTplus/halo_properties_0048.hdf5
PL,0048,1.07179686,1.1125000000e+01,1.1000000000e+01,1.1250000000e+01,7.9823244693e-01,5.8569348640e-01,9.2574367019e-01,313,229344,1261589,/project/tkcastrosim/HNHuang/project_big_sim/data/PL/PL_25_1024/SOAP/simulation_test/SOAP_uncompressed/HBTplus/halo_properties_0048.hdf5
PL,0048,1.07179686,1.1375000000e+01,1.1250000000e+01,1.1500000000e+01,7.7631744841e-01,5.8158277042e-01,9.1085525936e-01,186,229344,1261589,/project/tkcastrosim/HNHuang/project_big_sim/data/PL/PL_25_1024/SOAP/simulation_test/SOAP_uncompressed/HBTplus/halo_properties_0048.hdf5
PL,0048,1.07179686,1.1625000000e+01,1.1500000000e+01,1.1750000000e+01,7.4000855642e-01,5.4777747210e-01,8.5279273903e-01,94,229344,1261589,/project/tkcastrosim/HNHuang/project_big_sim/data/PL/PL_25_1024/SOAP/simulation_test/SOAP_uncompressed/HBTplus/halo_properties_0048.hdf5
PL,0048,1.07179686,1.1875000000e+01,1.1750000000e+01,1.2000000000e+01,6.8545511839e-01,4.4497780959e-01,8.9174726506e-01,64,229344,1261589,/project/tkcastrosim/HNHuang/project_big_sim/data/PL/PL_25_1024/SOAP/simulation_test/SOAP_uncompressed/HBTplus/halo_properties_0048.hdf5
PL,0048,1.07179686,1.2125000000e+01,1.2000000000e+01,1.2250000000e+01,7.0430264975e-01,4.2540959936e-01,8.9319005359e-01,41,229344,1261589,/project/tkcastrosim/HNHuang/project_big_sim/data/PL/PL_25_1024/SOAP/simulation_test/SOAP_uncompressed/HBTplus/halo_properties_0048.hdf5
PL,0048,1.07179686,1.2375000000e+01,1.2250000000e+01,1.2500000000e+01,7.2606895778e-01,5.8800284588e-01,8.2921386074e-01,23,229344,1261589,/project/tkcastrosim/HNHuang/project_big_sim/data/PL/PL_25_1024/SOAP/simulation_test/SOAP_uncompressed/HBTplus/halo_properties_0048.hdf5
PL,0048,1.07179686,1.2625000000e+01,1.2500000000e+01,1.2750000000e+01,6.4107635844e-01,5.4034052000e-01,8.1352339369e-01,12,229344,1261589,/project/tkcastrosim/HNHuang/project_big_sim/data/PL/PL_25_1024/SOAP/simulation_test/SOAP_uncompressed/HBTplus/halo_properties_0048.hdf5
PL,0048,1.07179686,1.2875000000e+01,1.2750000000e+01,1.3000000000e+01,5.8703200869e-01,4.7504518166e-01,7.4109129076e-01,9,229344,1261589,/project/tkcastrosim/HNHuang/project_big_sim/data/PL/PL_25_1024/SOAP/simulation_test/SOAP_uncompressed/HBTplus/halo_properties_0048.hdf5
PL,0048,1.07179686,1.3125000000e+01,1.3000000000e+01,1.3250000000e+01,6.7615669232e-01,6.2328210430e-01,7.2903128033e-01,2,229344,1261589,/project/tkcastrosim/HNHuang/project_big_sim/data/PL/PL_25_1024/SOAP/simulation_test/SOAP_uncompressed/HBTplus/halo_properties_0048.hdf5
PL,0048,1.07179686,1.3375000000e+01,1.3250000000e+01,1.3500000000e+01,5.9320611217e-01,5.9320611217e-01,5.9320611217e-01,1,229344,1261589,/project/tkcastrosim/HNHuang/project_big_sim/data/PL/PL_25_1024/SOAP/simulation_test/SOAP_uncompressed/HBTplus/halo_properties_0048.hdf5
BT_soft,0048,1.07179686,8.3750000000e+00,8.2500000000e+00,8.5000000000e+00,1.4605475814e+00,1.1875849294e+00,1.7410620375e+00,139351,380007,1990410,/project/tkcastrosim/HNHuang/project_big_sim/data/bluetilted/kp_1_ms_1.5_25_1024/SOAP/simulation_test/SOAP_uncompressed/HBTplus/halo_properties_0048.hdf5
BT_soft,0048,1.07179686,8.6250000000e+00,8.5000000000e+00,8.7500000000e+00,1.4421509627e+00,1.1894244144e+00,1.6990336276e+00,96880,380007,1990410,/project/tkcastrosim/HNHuang/project_big_sim/data/bluetilted/kp_1_ms_1.5_25_1024/SOAP/simulation_test/SOAP_uncompressed/HBTplus/halo_properties_0048.hdf5
BT_soft,0048,1.07179686,8.8750000000e+00,8.7500000000e+00,9.0000000000e+00,1.4153575647e+00,1.1808486012e+00,1.6492782018e+00,58207,380007,1990410,/project/tkcastrosim/HNHuang/project_big_sim/data/bluetilted/kp_1_ms_1.5_25_1024/SOAP/simulation_test/SOAP_uncompressed/HBTplus/halo_properties_0048.hdf5
BT_soft,0048,1.07179686,9.1250000000e+00,9.0000000000e+00,9.2500000000e+00,1.3788646563e+00,1.1579779071e+00,1.5893407142e+00,34884,380007,1990410,/project/tkcastrosim/HNHuang/project_big_sim/data/bluetilted/kp_1_ms_1.5_25_1024/SOAP/simulation_test/SOAP_uncompressed/HBTplus/halo_properties_0048.hdf5
BT_soft,0048,1.07179686,9.3750000000e+00,9.2500000000e+00,9.5000000000e+00,1.3351049831e+00,1.1205821933e+00,1.5294468171e+00,20850,380007,1990410,/project/tkcastrosim/HNHuang/project_big_sim/data/bluetilted/kp_1_ms_1.5_25_1024/SOAP/simulation_test/SOAP_uncompressed/HBTplus/halo_properties_0048.hdf5
BT_soft,0048,1.07179686,9.6250000000e+00,9.5000000000e+00,9.7500000000e+00,1.2914151238e+00,1.0807654938e+00,1.4707341283e+00,12283,380007,1990410,/project/tkcastrosim/HNHuang/project_big_sim/data/bluetilted/kp_1_ms_1.5_25_1024/SOAP/simulation_test/SOAP_uncompressed/HBTplus/halo_properties_0048.hdf5
BT_soft,0048,1.07179686,9.8750000000e+00,9.7500000000e+00,1.0000000000e+01,1.2506215400e+00,1.0377180110e+00,1.4200287192e+00,7304,380007,1990410,/project/tkcastrosim/HNHuang/project_big_sim/data/bluetilted/kp_1_ms_1.5_25_1024/SOAP/simulation_test/SOAP_uncompressed/HBTplus/halo_properties_0048.hdf5
BT_soft,0048,1.07179686,1.0125000000e+01,1.0000000000e+01,1.0250000000e+01,1.2038682785e+00,9.9922678367e-01,1.3619394474e+00,4258,380007,1990410,/project/tkcastrosim/HNHuang/project_big_sim/data/bluetilted/kp_1_ms_1.5_25_1024/SOAP/simulation_test/SOAP_uncompressed/HBTplus/halo_properties_0048.hdf5
BT_soft,0048,1.07179686,1.0375000000e+01,1.0250000000e+01,1.0500000000e+01,1.1571895403e+00,9.5957828988e-01,1.3119363586e+00,2496,380007,1990410,/project/tkcastrosim/HNHuang/project_big_sim/data/bluetilted/kp_1_ms_1.5_25_1024/SOAP/simulation_test/SOAP_uncompressed/HBTplus/halo_properties_0048.hdf5
BT_soft,0048,1.07179686,1.0625000000e+01,1.0500000000e+01,1.0750000000e+01,1.1083437440e+00,9.0441766673e-01,1.2537691059e+00,1502,380007,1990410,/project/tkcastrosim/HNHuang/project_big_sim/data/bluetilted/kp_1_ms_1.5_25_1024/SOAP/simulation_test/SOAP_uncompressed/HBTplus/halo_properties_0048.hdf5
BT_soft,0048,1.07179686,1.0875000000e+01,1.0750000000e+01,1.1000000000e+01,1.0567456719e+00,8.3284679941e-01,1.2085522741e+00,864,380007,1990410,/project/tkcastrosim/HNHuang/project_big_sim/data/bluetilted/kp_1_ms_1.5_25_1024/SOAP/simulation_test/SOAP_uncompressed/HBTplus/halo_properties_0048.hdf5
BT_soft,0048,1.07179686,1.1125000000e+01,1.1000000000e+01,1.1250000000e+01,1.0210246720e+00,8.4177517176e-01,1.1645199911e+00,488,380007,1990410,/project/tkcastrosim/HNHuang/project_big_sim/data/bluetilted/kp_1_ms_1.5_25_1024/SOAP/simulation_test/SOAP_uncompressed/HBTplus/halo_properties_0048.hdf5
BT_soft,0048,1.07179686,1.1375000000e+01,1.1250000000e+01,1.1500000000e+01,9.6182243699e-01,7.8808619816e-01,1.1050249964e+00,279,380007,1990410,/project/tkcastrosim/HNHuang/project_big_sim/data/bluetilted/kp_1_ms_1.5_25_1024/SOAP/simulation_test/SOAP_uncompressed/HBTplus/halo_properties_0048.hdf5
BT_soft,0048,1.07179686,1.1625000000e+01,1.1500000000e+01,1.1750000000e+01,9.1667624114e-01,6.7267455229e-01,1.0682364965e+00,163,380007,1990410,/project/tkcastrosim/HNHuang/project_big_sim/data/bluetilted/kp_1_ms_1.5_25_1024/SOAP/simulation_test/SOAP_uncompressed/HBTplus/halo_properties_0048.hdf5
BT_soft,0048,1.07179686,1.1875000000e+01,1.1750000000e+01,1.2000000000e+01,8.4572252735e-01,6.3992106575e-01,1.0151621152e+00,94,380007,1990410,/project/tkcastrosim/HNHuang/project_big_sim/data/bluetilted/kp_1_ms_1.5_25_1024/SOAP/simulation_test/SOAP_uncompressed/HBTplus/halo_properties_0048.hdf5
BT_soft,0048,1.07179686,1.2125000000e+01,1.2000000000e+01,1.2250000000e+01,7.8287235264e-01,5.4998220155e-01,9.8513278009e-01,50,380007,1990410,/project/tkcastrosim/HNHuang/project_big_sim/data/bluetilted/kp_1_ms_1.5_25_1024/SOAP/simulation_test/SOAP_uncompressed/HBTplus/halo_properties_0048.hdf5
BT_soft,0048,1.07179686,1.2375000000e+01,1.2250000000e+01,1.2500000000e+01,8.1857757501e-01,6.4995925776e-01,9.7841952271e-01,27,380007,1990410,/project/tkcastrosim/HNHuang/project_big_sim/data/bluetilted/kp_1_ms_1.5_25_1024/SOAP/simulation_test/SOAP_uncompressed/HBTplus/halo_properties_0048.hdf5
BT_soft,0048,1.07179686,1.2625000000e+01,1.2500000000e+01,1.2750000000e+01,7.7142614954e-01,6.0919945841e-01,9.4364398865e-01,15,380007,1990410,/project/tkcastrosim/HNHuang/project_big_sim/data/bluetilted/kp_1_ms_1.5_25_1024/SOAP/simulation_test/SOAP_uncompressed/HBTplus/halo_properties_0048.hdf5
BT_soft,0048,1.07179686,1.2875000000e+01,1.2750000000e+01,1.3000000000e+01,6.4849595095e-01,4.9174511187e-01,8.5968315140e-01,9,380007,1990410,/project/tkcastrosim/HNHuang/project_big_sim/data/bluetilted/kp_1_ms_1.5_25_1024/SOAP/simulation_test/SOAP_uncompressed/HBTplus/halo_properties_0048.hdf5
BT_soft,0048,1.07179686,1.3125000000e+01,1.3000000000e+01,1.3250000000e+01,6.5667530704e-01,5.9120709286e-01,7.1848209669e-01,3,380007,1990410,/project/tkcastrosim/HNHuang/project_big_sim/data/bluetilted/kp_1_ms_1.5_25_1024/SOAP/simulation_test/SOAP_uncompressed/HBTplus/halo_properties_0048.hdf5
BT_deep,0048,1.07179686,8.3750000000e+00,8.2500000000e+00,8.5000000000e+00,1.0890097957e+00,8.3998988233e-01,1.3125363313e+00,135804,339832,2069283,/project/tkcastrosim/HNHuang/project_big_sim/data/bluetilted/kp_10_ms_1.5_25_1024/SOAP/simulation_test/SOAP_uncompressed/HBTplus/halo_properties_0048.hdf5
BT_deep,0048,1.07179686,8.6250000000e+00,8.5000000000e+00,8.7500000000e+00,1.0804103656e+00,8.4917016681e-01,1.2813961219e+00,89775,339832,2069283,/project/tkcastrosim/HNHuang/project_big_sim/data/bluetilted/kp_10_ms_1.5_25_1024/SOAP/simulation_test/SOAP_uncompressed/HBTplus/halo_properties_0048.hdf5
BT_deep,0048,1.07179686,8.8750000000e+00,8.7500000000e+00,9.0000000000e+00,1.0606827316e+00,8.3984568669e-01,1.2416303734e+00,50790,339832,2069283,/project/tkcastrosim/HNHuang/project_big_sim/data/bluetilted/kp_10_ms_1.5_25_1024/SOAP/simulation_test/SOAP_uncompressed/HBTplus/halo_properties_0048.hdf5
BT_deep,0048,1.07179686,9.1250000000e+00,9.0000000000e+00,9.2500000000e+00,1.0358933824e+00,8.2294025268e-01,1.2059715961e+00,28147,339832,2069283,/project/tkcastrosim/HNHuang/project_big_sim/data/bluetilted/kp_10_ms_1.5_25_1024/SOAP/simulation_test/SOAP_uncompressed/HBTplus/halo_properties_0048.hdf5
BT_deep,0048,1.07179686,9.3750000000e+00,9.2500000000e+00,9.5000000000e+00,1.0020312046e+00,7.8811616161e-01,1.1613844661e+00,15456,339832,2069283,/project/tkcastrosim/HNHuang/project_big_sim/data/bluetilted/kp_10_ms_1.5_25_1024/SOAP/simulation_test/SOAP_uncompressed/HBTplus/halo_properties_0048.hdf5
BT_deep,0048,1.07179686,9.6250000000e+00,9.5000000000e+00,9.7500000000e+00,9.6915456010e-01,7.5389888085e-01,1.1236587643e+00,8669,339832,2069283,/project/tkcastrosim/HNHuang/project_big_sim/data/bluetilted/kp_10_ms_1.5_25_1024/SOAP/simulation_test/SOAP_uncompressed/HBTplus/halo_properties_0048.hdf5
BT_deep,0048,1.07179686,9.8750000000e+00,9.7500000000e+00,1.0000000000e+01,9.4204890064e-01,7.1954975029e-01,1.0939688763e+00,4769,339832,2069283,/project/tkcastrosim/HNHuang/project_big_sim/data/bluetilted/kp_10_ms_1.5_25_1024/SOAP/simulation_test/SOAP_uncompressed/HBTplus/halo_properties_0048.hdf5
BT_deep,0048,1.07179686,1.0125000000e+01,1.0000000000e+01,1.0250000000e+01,9.0061668493e-01,6.9306943763e-01,1.0479531834e+00,2728,339832,2069283,/project/tkcastrosim/HNHuang/project_big_sim/data/bluetilted/kp_10_ms_1.5_25_1024/SOAP/simulation_test/SOAP_uncompressed/HBTplus/halo_properties_0048.hdf5
BT_deep,0048,1.07179686,1.0375000000e+01,1.0250000000e+01,1.0500000000e+01,8.5688731770e-01,6.3856056944e-01,1.0141262489e+00,1568,339832,2069283,/project/tkcastrosim/HNHuang/project_big_sim/data/bluetilted/kp_10_ms_1.5_25_1024/SOAP/simulation_test/SOAP_uncompressed/HBTplus/halo_properties_0048.hdf5
BT_deep,0048,1.07179686,1.0625000000e+01,1.0500000000e+01,1.0750000000e+01,8.5200228995e-01,6.3026554010e-01,9.9289324053e-01,850,339832,2069283,/project/tkcastrosim/HNHuang/project_big_sim/data/bluetilted/kp_10_ms_1.5_25_1024/SOAP/simulation_test/SOAP_uncompressed/HBTplus/halo_properties_0048.hdf5
BT_deep,0048,1.07179686,1.0875000000e+01,1.0750000000e+01,1.1000000000e+01,8.0321105697e-01,6.1413957492e-01,9.5187857469e-01,529,339832,2069283,/project/tkcastrosim/HNHuang/project_big_sim/data/bluetilted/kp_10_ms_1.5_25_1024/SOAP/simulation_test/SOAP_uncompressed/HBTplus/halo_properties_0048.hdf5
BT_deep,0048,1.07179686,1.1125000000e+01,1.1000000000e+01,1.1250000000e+01,8.0149972844e-01,5.7230870112e-01,9.2339029136e-01,316,339832,2069283,/project/tkcastrosim/HNHuang/project_big_sim/data/bluetilted/kp_10_ms_1.5_25_1024/SOAP/simulation_test/SOAP_uncompressed/HBTplus/halo_properties_0048.hdf5
BT_deep,0048,1.07179686,1.1375000000e+01,1.1250000000e+01,1.1500000000e+01,7.9217753892e-01,6.1470955832e-01,9.1589535986e-01,184,339832,2069283,/project/tkcastrosim/HNHuang/project_big_sim/data/bluetilted/kp_10_ms_1.5_25_1024/SOAP/simulation_test/SOAP_uncompressed/HBTplus/halo_properties_0048.hdf5
BT_deep,0048,1.07179686,1.1625000000e+01,1.1500000000e+01,1.1750000000e+01,7.3971624546e-01,5.6457588362e-01,8.6714763194e-01,97,339832,2069283,/project/tkcastrosim/HNHuang/project_big_sim/data/bluetilted/kp_10_ms_1.5_25_1024/SOAP/simulation_test/SOAP_uncompressed/HBTplus/halo_properties_0048.hdf5
BT_deep,0048,1.07179686,1.1875000000e+01,1.1750000000e+01,1.2000000000e+01,6.8828155754e-01,4.6262065431e-01,8.9164636900e-01,64,339832,2069283,/project/tkcastrosim/HNHuang/project_big_sim/data/bluetilted/kp_10_ms_1.5_25_1024/SOAP/simulation_test/SOAP_uncompressed/HBTplus/halo_properties_0048.hdf5
BT_deep,0048,1.07179686,1.2125000000e+01,1.2000000000e+01,1.2250000000e+01,6.9615690292e-01,4.4010834653e-01,9.2827362419e-01,40,339832,2069283,/project/tkcastrosim/HNHuang/project_big_sim/data/bluetilted/kp_10_ms_1.5_25_1024/SOAP/simulation_test/SOAP_uncompressed/HBTplus/halo_properties_0048.hdf5
BT_deep,0048,1.07179686,1.2375000000e+01,1.2250000000e+01,1.2500000000e+01,7.2856337587e-01,5.7332016658e-01,8.2717160467e-01,22,339832,2069283,/project/tkcastrosim/HNHuang/project_big_sim/data/bluetilted/kp_10_ms_1.5_25_1024/SOAP/simulation_test/SOAP_uncompressed/HBTplus/halo_properties_0048.hdf5
BT_deep,0048,1.07179686,1.2625000000e+01,1.2500000000e+01,1.2750000000e+01,6.6678587360e-01,5.3660171755e-01,8.1121133233e-01,12,339832,2069283,/project/tkcastrosim/HNHuang/project_big_sim/data/bluetilted/kp_10_ms_1.5_25_1024/SOAP/simulation_test/SOAP_uncompressed/HBTplus/halo_properties_0048.hdf5
BT_deep,0048,1.07179686,1.2875000000e+01,1.2750000000e+01,1.3000000000e+01,5.9133916106e-01,4.6982728659e-01,7.3050742285e-01,9,339832,2069283,/project/tkcastrosim/HNHuang/project_big_sim/data/bluetilted/kp_10_ms_1.5_25_1024/SOAP/simulation_test/SOAP_uncompressed/HBTplus/halo_properties_0048.hdf5
BT_deep,0048,1.07179686,1.3125000000e+01,1.3000000000e+01,1.3250000000e+01,6.7872301386e-01,6.2290090363e-01,7.3454512410e-01,2,339832,2069283,/project/tkcastrosim/HNHuang/project_big_sim/data/bluetilted/kp_10_ms_1.5_25_1024/SOAP/simulation_test/SOAP_uncompressed/HBTplus/halo_properties_0048.hdf5
BT_deep,0048,1.07179686,1.3375000000e+01,1.3250000000e+01,1.3500000000e+01,5.8112915532e-01,5.8112915532e-01,5.8112915532e-01,1,339832,2069283,/project/tkcastrosim/HNHuang/project_big_sim/data/bluetilted/kp_10_ms_1.5_25_1024/SOAP/simulation_test/SOAP_uncompressed/HBTplus/halo_properties_0048.hdf5
PL,0040,3.441080566,8.3750000000e+00,8.2500000000e+00,8.5000000000e+00,5.0423372345e-01,2.6271262497e-01,7.0464796601e-01,89571,235128,1471021,/project/tkcastrosim/HNHuang/project_big_sim/data/PL/PL_25_1024/SOAP/simulation_test/SOAP_uncompressed/HBTplus/halo_properties_0040.hdf5
PL,0040,3.441080566,8.6250000000e+00,8.5000000000e+00,8.7500000000e+00,5.3588855533e-01,3.1300167659e-01,7.1467151192e-01,61292,235128,1471021,/project/tkcastrosim/HNHuang/project_big_sim/data/PL/PL_25_1024/SOAP/simulation_test/SOAP_uncompressed/HBTplus/halo_properties_0040.hdf5
PL,0040,3.441080566,8.8750000000e+00,8.7500000000e+00,9.0000000000e+00,5.5504824464e-01,3.4184078856e-01,7.2050734743e-01,36386,235128,1471021,/project/tkcastrosim/HNHuang/project_big_sim/data/PL/PL_25_1024/SOAP/simulation_test/SOAP_uncompressed/HBTplus/halo_properties_0040.hdf5
PL,0040,3.441080566,9.1250000000e+00,9.0000000000e+00,9.2500000000e+00,5.6457475037e-01,3.6273968453e-01,7.1877711237e-01,20740,235128,1471021,/project/tkcastrosim/HNHuang/project_big_sim/data/PL/PL_25_1024/SOAP/simulation_test/SOAP_uncompressed/HBTplus/halo_properties_0040.hdf5
PL,0040,3.441080566,9.3750000000e+00,9.2500000000e+00,9.5000000000e+00,5.6347586078e-01,3.6260424660e-01,7.1947607007e-01,11796,235128,1471021,/project/tkcastrosim/HNHuang/project_big_sim/data/PL/PL_25_1024/SOAP/simulation_test/SOAP_uncompressed/HBTplus/halo_properties_0040.hdf5
PL,0040,3.441080566,9.6250000000e+00,9.5000000000e+00,9.7500000000e+00,5.5622692442e-01,3.5441018095e-01,7.1791852192e-01,6921,235128,1471021,/project/tkcastrosim/HNHuang/project_big_sim/data/PL/PL_25_1024/SOAP/simulation_test/SOAP_uncompressed/HBTplus/halo_properties_0040.hdf5
PL,0040,3.441080566,9.8750000000e+00,9.7500000000e+00,1.0000000000e+01,5.5800741097e-01,3.5493663030e-01,7.0958490091e-01,3811,235128,1471021,/project/tkcastrosim/HNHuang/project_big_sim/data/PL/PL_25_1024/SOAP/simulation_test/SOAP_uncompressed/HBTplus/halo_properties_0040.hdf5
PL,0040,3.441080566,1.0125000000e+01,1.0000000000e+01,1.0250000000e+01,5.4527283531e-01,3.5303854640e-01,7.0062157780e-01,2073,235128,1471021,/project/tkcastrosim/HNHuang/project_big_sim/data/PL/PL_25_1024/SOAP/simulation_test/SOAP_uncompressed/HBTplus/halo_properties_0040.hdf5
PL,0040,3.441080566,1.0375000000e+01,1.0250000000e+01,1.0500000000e+01,5.3987483549e-01,3.5365971290e-01,6.9380921084e-01,1200,235128,1471021,/project/tkcastrosim/HNHuang/project_big_sim/data/PL/PL_25_1024/SOAP/simulation_test/SOAP_uncompressed/HBTplus/halo_properties_0040.hdf5
PL,0040,3.441080566,1.0625000000e+01,1.0500000000e+01,1.0750000000e+01,5.2411149586e-01,3.4729056848e-01,6.6992127672e-01,687,235128,1471021,/project/tkcastrosim/HNHuang/project_big_sim/data/PL/PL_25_1024/SOAP/simulation_test/SOAP_uncompressed/HBTplus/halo_properties_0040.hdf5
PL,0040,3.441080566,1.0875000000e+01,1.0750000000e+01,1.1000000000e+01,5.2813789344e-01,3.1902284309e-01,6.8862011611e-01,308,235128,1471021,/project/tkcastrosim/HNHuang/project_big_sim/data/PL/PL_25_1024/SOAP/simulation_test/SOAP_uncompressed/HBTplus/halo_properties_0040.hdf5
PL,0040,3.441080566,1.1125000000e+01,1.1000000000e+01,1.1250000000e+01,5.1936291606e-01,3.2349815978e-01,6.7650133281e-01,171,235128,1471021,/project/tkcastrosim/HNHuang/project_big_sim/data/PL/PL_25_1024/SOAP/simulation_test/SOAP_uncompressed/HBTplus/halo_properties_0040.hdf5
PL,0040,3.441080566,1.1375000000e+01,1.1250000000e+01,1.1500000000e+01,5.1064215290e-01,3.5433661535e-01,6.5613777873e-01,95,235128,1471021,/project/tkcastrosim/HNHuang/project_big_sim/data/PL/PL_25_1024/SOAP/simulation_test/SOAP_uncompressed/HBTplus/halo_properties_0040.hdf5
PL,0040,3.441080566,1.1625000000e+01,1.1500000000e+01,1.1750000000e+01,5.4720564627e-01,3.9321093685e-01,6.8968696514e-01,44,235128,1471021,/project/tkcastrosim/HNHuang/project_big_sim/data/PL/PL_25_1024/SOAP/simulation_test/SOAP_uncompressed/HBTplus/halo_properties_0040.hdf5
PL,0040,3.441080566,1.1875000000e+01,1.1750000000e+01,1.2000000000e+01,5.7601694504e-01,4.1110417521e-01,6.6755954746e-01,23,235128,1471021,/project/tkcastrosim/HNHuang/project_big_sim/data/PL/PL_25_1024/SOAP/simulation_test/SOAP_uncompressed/HBTplus/halo_properties_0040.hdf5
PL,0040,3.441080566,1.2125000000e+01,1.2000000000e+01,1.2250000000e+01,5.0706542331e-01,4.3680536326e-01,5.8194824038e-01,10,235128,1471021,/project/tkcastrosim/HNHuang/project_big_sim/data/PL/PL_25_1024/SOAP/simulation_test/SOAP_uncompressed/HBTplus/halo_properties_0040.hdf5
BT_soft,0040,3.441080566,8.3750000000e+00,8.2500000000e+00,8.5000000000e+00,1.0212246603e+00,7.7206848346e-01,1.2252343983e+00,184512,485623,2677445,/project/tkcastrosim/HNHuang/project_big_sim/data/bluetilted/kp_1_ms_1.5_25_1024/SOAP/simulation_test/SOAP_uncompressed/HBTplus/halo_properties_0040.hdf5
BT_soft,0040,3.441080566,8.6250000000e+00,8.5000000000e+00,8.7500000000e+00,1.0135872878e+00,7.8161589627e-01,1.1941126987e+00,125437,485623,2677445,/project/tkcastrosim/HNHuang/project_big_sim/data/bluetilted/kp_1_ms_1.5_25_1024/SOAP/simulation_test/SOAP_uncompressed/HBTplus/halo_properties_0040.hdf5
BT_soft,0040,3.441080566,8.8750000000e+00,8.7500000000e+00,9.0000000000e+00,9.9327916862e-01,7.6970652714e-01,1.1604412056e+00,74430,485623,2677445,/project/tkcastrosim/HNHuang/project_big_sim/data/bluetilted/kp_1_ms_1.5_25_1024/SOAP/simulation_test/SOAP_uncompressed/HBTplus/halo_properties_0040.hdf5
BT_soft,0040,3.441080566,9.1250000000e+00,9.0000000000e+00,9.2500000000e+00,9.7108095833e-01,7.5130631779e-01,1.1271435820e+00,43592,485623,2677445,/project/tkcastrosim/HNHuang/project_big_sim/data/bluetilted/kp_1_ms_1.5_25_1024/SOAP/simulation_test/SOAP_uncompressed/HBTplus/halo_properties_0040.hdf5
BT_soft,0040,3.441080566,9.3750000000e+00,9.2500000000e+00,9.5000000000e+00,9.3927695427e-01,7.1738391963e-01,1.0897321065e+00,25001,485623,2677445,/project/tkcastrosim/HNHuang/project_big_sim/data/bluetilted/kp_1_ms_1.5_25_1024/SOAP/simulation_test/SOAP_uncompressed/HBTplus/halo_properties_0040.hdf5
BT_soft,0040,3.441080566,9.6250000000e+00,9.5000000000e+00,9.7500000000e+00,9.0386246169e-01,6.8795110846e-01,1.0542748154e+00,14573,485623,2677445,/project/tkcastrosim/HNHuang/project_big_sim/data/bluetilted/kp_1_ms_1.5_25_1024/SOAP/simulation_test/SOAP_uncompressed/HBTplus/halo_properties_0040.hdf5
BT_soft,0040,3.441080566,9.8750000000e+00,9.7500000000e+00,1.0000000000e+01,8.6726585392e-01,6.4690482493e-01,1.0162937885e+00,8121,485623,2677445,/project/tkcastrosim/HNHuang/project_big_sim/data/bluetilted/kp_1_ms_1.5_25_1024/SOAP/simulation_test/SOAP_uncompressed/HBTplus/halo_properties_0040.hdf5
BT_soft,0040,3.441080566,1.0125000000e+01,1.0000000000e+01,1.0250000000e+01,8.3110852269e-01,6.2727097791e-01,9.8235813907e-01,4607,485623,2677445,/project/tkcastrosim/HNHuang/project_big_sim/data/bluetilted/kp_1_ms_1.5_25_1024/SOAP/simulation_test/SOAP_uncompressed/HBTplus/halo_properties_0040.hdf5
BT_soft,0040,3.441080566,1.0375000000e+01,1.0250000000e+01,1.0500000000e+01,7.9063789453e-01,5.8431067224e-01,9.4562791816e-01,2592,485623,2677445,/project/tkcastrosim/HNHuang/project_big_sim/data/bluetilted/kp_1_ms_1.5_25_1024/SOAP/simulation_test/SOAP_uncompressed/HBTplus/halo_properties_0040.hdf5
BT_soft,0040,3.441080566,1.0625000000e+01,1.0500000000e+01,1.0750000000e+01,7.5044285328e-01,5.3095379516e-01,9.1467949739e-01,1398,485623,2677445,/project/tkcastrosim/HNHuang/project_big_sim/data/bluetilted/kp_1_ms_1.5_25_1024/SOAP/simulation_test/SOAP_uncompressed/HBTplus/halo_properties_0040.hdf5
BT_soft,0040,3.441080566,1.0875000000e+01,1.0750000000e+01,1.1000000000e+01,7.1917968020e-01,5.1425928687e-01,8.7609552383e-01,707,485623,2677445,/project/tkcastrosim/HNHuang/project_big_sim/data/bluetilted/kp_1_ms_1.5_25_1024/SOAP/simulation_test/SOAP_uncompressed/HBTplus/halo_properties_0040.hdf5
BT_soft,0040,3.441080566,1.1125000000e+01,1.1000000000e+01,1.1250000000e+01,6.6339188026e-01,4.5596997288e-01,8.3944754220e-01,368,485623,2677445,/project/tkcastrosim/HNHuang/project_big_sim/data/bluetilted/kp_1_ms_1.5_25_1024/SOAP/simulation_test/SOAP_uncompressed/HBTplus/halo_properties_0040.hdf5
BT_soft,0040,3.441080566,1.1375000000e+01,1.1250000000e+01,1.1500000000e+01,6.5341563561e-01,4.0069898652e-01,8.2237942092e-01,158,485623,2677445,/project/tkcastrosim/HNHuang/project_big_sim/data/bluetilted/kp_1_ms_1.5_25_1024/SOAP/simulation_test/SOAP_uncompressed/HBTplus/halo_properties_0040.hdf5
BT_soft,0040,3.441080566,1.1625000000e+01,1.1500000000e+01,1.1750000000e+01,6.0621067794e-01,3.7417605392e-01,7.6490221702e-01,76,485623,2677445,/project/tkcastrosim/HNHuang/project_big_sim/data/bluetilted/kp_1_ms_1.5_25_1024/SOAP/simulation_test/SOAP_uncompressed/HBTplus/halo_properties_0040.hdf5
BT_soft,0040,3.441080566,1.1875000000e+01,1.1750000000e+01,1.2000000000e+01,6.4158931539e-01,4.1483580559e-01,7.7201869671e-01,36,485623,2677445,/project/tkcastrosim/HNHuang/project_big_sim/data/bluetilted/kp_1_ms_1.5_25_1024/SOAP/simulation_test/SOAP_uncompressed/HBTplus/halo_properties_0040.hdf5
BT_soft,0040,3.441080566,1.2125000000e+01,1.2000000000e+01,1.2250000000e+01,6.8867093834e-01,4.2044757124e-01,7.5530834363e-01,13,485623,2677445,/project/tkcastrosim/HNHuang/project_big_sim/data/bluetilted/kp_1_ms_1.5_25_1024/SOAP/simulation_test/SOAP_uncompressed/HBTplus/halo_properties_0040.hdf5
BT_soft,0040,3.441080566,1.2375000000e+01,1.2250000000e+01,1.2500000000e+01,6.4120604241e-01,5.7166719554e-01,7.1074488928e-01,2,485623,2677445,/project/tkcastrosim/HNHuang/project_big_sim/data/bluetilted/kp_1_ms_1.5_25_1024/SOAP/simulation_test/SOAP_uncompressed/HBTplus/halo_properties_0040.hdf5
BT_deep,0040,3.441080566,8.3750000000e+00,8.2500000000e+00,8.5000000000e+00,6.8361093712e-01,4.2834328442e-01,8.8584096924e-01,150058,357763,2524937,/project/tkcastrosim/HNHuang/project_big_sim/data/bluetilted/kp_10_ms_1.5_25_1024/SOAP/simulation_test/SOAP_uncompressed/HBTplus/halo_properties_0040.hdf5
BT_deep,0040,3.441080566,8.6250000000e+00,8.5000000000e+00,8.7500000000e+00,6.8818110635e-01,4.4809749605e-01,8.7076184092e-01,96030,357763,2524937,/project/tkcastrosim/HNHuang/project_big_sim/data/bluetilted/kp_10_ms_1.5_25_1024/SOAP/simulation_test/SOAP_uncompressed/HBTplus/halo_properties_0040.hdf5
BT_deep,0040,3.441080566,8.8750000000e+00,8.7500000000e+00,9.0000000000e+00,6.7952012058e-01,4.4880305371e-01,8.5321224323e-01,52214,357763,2524937,/project/tkcastrosim/HNHuang/project_big_sim/data/bluetilted/kp_10_ms_1.5_25_1024/SOAP/simulation_test/SOAP_uncompressed/HBTplus/halo_properties_0040.hdf5
BT_deep,0040,3.441080566,9.1250000000e+00,9.0000000000e+00,9.2500000000e+00,6.6378455093e-01,4.4181955919e-01,8.2790120453e-01,27956,357763,2524937,/project/tkcastrosim/HNHuang/project_big_sim/data/bluetilted/kp_10_ms_1.5_25_1024/SOAP/simulation_test/SOAP_uncompressed/HBTplus/halo_properties_0040.hdf5
BT_deep,0040,3.441080566,9.3750000000e+00,9.2500000000e+00,9.5000000000e+00,6.3812685934e-01,4.1654195104e-01,8.0626935106e-01,14747,357763,2524937,/project/tkcastrosim/HNHuang/project_big_sim/data/bluetilted/kp_10_ms_1.5_25_1024/SOAP/simulation_test/SOAP_uncompressed/HBTplus/halo_properties_0040.hdf5
BT_deep,0040,3.441080566,9.6250000000e+00,9.5000000000e+00,9.7500000000e+00,6.1055171840e-01,3.9201339723e-01,7.8045188384e-01,7982,357763,2524937,/project/tkcastrosim/HNHuang/project_big_sim/data/bluetilted/kp_10_ms_1.5_25_1024/SOAP/simulation_test/SOAP_uncompressed/HBTplus/halo_properties_0040.hdf5
BT_deep,0040,3.441080566,9.8750000000e+00,9.7500000000e+00,1.0000000000e+01,5.8974673679e-01,3.7129177431e-01,7.5130419887e-01,4117,357763,2524937,/project/tkcastrosim/HNHuang/project_big_sim/data/bluetilted/kp_10_ms_1.5_25_1024/SOAP/simulation_test/SOAP_uncompressed/HBTplus/halo_properties_0040.hdf5
BT_deep,0040,3.441080566,1.0125000000e+01,1.0000000000e+01,1.0250000000e+01,5.6949473028e-01,3.6126369774e-01,7.3038842009e-01,2132,357763,2524937,/project/tkcastrosim/HNHuang/project_big_sim/data/bluetilted/kp_10_ms_1.5_25_1024/SOAP/simulation_test/SOAP_uncompressed/HBTplus/halo_properties_0040.hdf5
BT_deep,0040,3.441080566,1.0375000000e+01,1.0250000000e+01,1.0500000000e+01,5.4394685153e-01,3.6216422559e-01,7.1551262980e-01,1195,357763,2524937,/project/tkcastrosim/HNHuang/project_big_sim/data/bluetilted/kp_10_ms_1.5_25_1024/SOAP/simulation_test/SOAP_uncompressed/HBTplus/halo_properties_0040.hdf5
BT_deep,0040,3.441080566,1.0625000000e+01,1.0500000000e+01,1.0750000000e+01,5.3079246976e-01,3.3989372540e-01,6.7624522985e-01,689,357763,2524937,/project/tkcastrosim/HNHuang/project_big_sim/data/bluetilted/kp_10_ms_1.5_25_1024/SOAP/simulation_test/SOAP_uncompressed/HBTplus/halo_properties_0040.hdf5
BT_deep,0040,3.441080566,1.0875000000e+01,1.0750000000e+01,1.1000000000e+01,5.2681138718e-01,3.2320089472e-01,6.8960756191e-01,302,357763,2524937,/project/tkcastrosim/HNHuang/project_big_sim/data/bluetilted/kp_10_ms_1.5_25_1024/SOAP/simulation_test/SOAP_uncompressed/HBTplus/halo_properties_0040.hdf5
BT_deep,0040,3.441080566,1.1125000000e+01,1.1000000000e+01,1.1250000000e+01,5.3210534402e-01,3.4080111366e-01,6.6361402604e-01,169,357763,2524937,/project/tkcastrosim/HNHuang/project_big_sim/data/bluetilted/kp_10_ms_1.5_25_1024/SOAP/simulation_test/SOAP_uncompressed/HBTplus/halo_properties_0040.hdf5
BT_deep,0040,3.441080566,1.1375000000e+01,1.1250000000e+01,1.1500000000e+01,5.1935287500e-01,3.9499256033e-01,6.7676054729e-01,94,357763,2524937,/project/tkcastrosim/HNHuang/project_big_sim/data/bluetilted/kp_10_ms_1.5_25_1024/SOAP/simulation_test/SOAP_uncompressed/HBTplus/halo_properties_0040.hdf5
BT_deep,0040,3.441080566,1.1625000000e+01,1.1500000000e+01,1.1750000000e+01,5.3242526294e-01,3.6810750908e-01,6.7103828064e-01,45,357763,2524937,/project/tkcastrosim/HNHuang/project_big_sim/data/bluetilted/kp_10_ms_1.5_25_1024/SOAP/simulation_test/SOAP_uncompressed/HBTplus/halo_properties_0040.hdf5
BT_deep,0040,3.441080566,1.1875000000e+01,1.1750000000e+01,1.2000000000e+01,5.7486197147e-01,4.1615451149e-01,6.6157990492e-01,23,357763,2524937,/project/tkcastrosim/HNHuang/project_big_sim/data/bluetilted/kp_10_ms_1.5_25_1024/SOAP/simulation_test/SOAP_uncompressed/HBTplus/halo_properties_0040.hdf5
BT_deep,0040,3.441080566,1.2125000000e+01,1.2000000000e+01,1.2250000000e+01,5.0424234400e-01,4.2935822493e-01,5.7169622874e-01,10,357763,2524937,/project/tkcastrosim/HNHuang/project_big_sim/data/bluetilted/kp_10_ms_1.5_25_1024/SOAP/simulation_test/SOAP_uncompressed/HBTplus/halo_properties_0040.hdf5
PL,0032,8.519850605,8.3750000000e+00,8.2500000000e+00,8.5000000000e+00,3.0373276085e-01,5.7889805503e-02,5.2170415678e-01,37063,80495,785802,/project/tkcastrosim/HNHuang/project_big_sim/data/PL/PL_25_1024/SOAP/simulation_test/SOAP_uncompressed/HBTplus/halo_properties_0032.hdf5
PL,0032,8.519850605,8.6250000000e+00,8.5000000000e+00,8.7500000000e+00,3.4412734360e-01,1.2080968818e-01,5.4466275313e-01,22311,80495,785802,/project/tkcastrosim/HNHuang/project_big_sim/data/PL/PL_25_1024/SOAP/simulation_test/SOAP_uncompressed/HBTplus/halo_properties_0032.hdf5
PL,0032,8.519850605,8.8750000000e+00,8.7500000000e+00,9.0000000000e+00,3.7276353078e-01,1.6069521568e-01,5.6521655495e-01,11331,80495,785802,/project/tkcastrosim/HNHuang/project_big_sim/data/PL/PL_25_1024/SOAP/simulation_test/SOAP_uncompressed/HBTplus/halo_properties_0032.hdf5
PL,0032,8.519850605,9.1250000000e+00,9.0000000000e+00,9.2500000000e+00,3.9547081929e-01,1.9752723147e-01,5.8291499485e-01,5476,80495,785802,/project/tkcastrosim/HNHuang/project_big_sim/data/PL/PL_25_1024/SOAP/simulation_test/SOAP_uncompressed/HBTplus/halo_properties_0032.hdf5
PL,0032,8.519850605,9.3750000000e+00,9.2500000000e+00,9.5000000000e+00,4.1478133519e-01,2.1178702671e-01,5.9915419917e-01,2517,80495,785802,/project/tkcastrosim/HNHuang/project_big_sim/data/PL/PL_25_1024/SOAP/simulation_test/SOAP_uncompressed/HBTplus/halo_properties_0032.hdf5
PL,0032,8.519850605,9.6250000000e+00,9.5000000000e+00,9.7500000000e+00,4.3519828079e-01,2.3870426893e-01,6.2169784469e-01,1083,80495,785802,/project/tkcastrosim/HNHuang/project_big_sim/data/PL/PL_25_1024/SOAP/simulation_test/SOAP_uncompressed/HBTplus/halo_properties_0032.hdf5
PL,0032,8.519850605,9.8750000000e+00,9.7500000000e+00,1.0000000000e+01,4.3730195751e-01,2.1418281454e-01,6.2531654329e-01,447,80495,785802,/project/tkcastrosim/HNHuang/project_big_sim/data/PL/PL_25_1024/SOAP/simulation_test/SOAP_uncompressed/HBTplus/halo_properties_0032.hdf5
PL,0032,8.519850605,1.0125000000e+01,1.0000000000e+01,1.0250000000e+01,4.7347603646e-01,2.7586159729e-01,6.6666911624e-01,170,80495,785802,/project/tkcastrosim/HNHuang/project_big_sim/data/PL/PL_25_1024/SOAP/simulation_test/SOAP_uncompressed/HBTplus/halo_properties_0032.hdf5
PL,0032,8.519850605,1.0375000000e+01,1.0250000000e+01,1.0500000000e+01,4.5131147224e-01,2.7885145835e-01,6.6443922812e-01,69,80495,785802,/project/tkcastrosim/HNHuang/project_big_sim/data/PL/PL_25_1024/SOAP/simulation_test/SOAP_uncompressed/HBTplus/halo_properties_0032.hdf5
PL,0032,8.519850605,1.0625000000e+01,1.0500000000e+01,1.0750000000e+01,5.5400246778e-01,3.9005021492e-01,7.5471139157e-01,20,80495,785802,/project/tkcastrosim/HNHuang/project_big_sim/data/PL/PL_25_1024/SOAP/simulation_test/SOAP_uncompressed/HBTplus/halo_properties_0032.hdf5
PL,0032,8.519850605,1.0875000000e+01,1.0750000000e+01,1.1000000000e+01,5.6111070603e-01,4.1693366087e-01,7.3116563087e-01,6,80495,785802,/project/tkcastrosim/HNHuang/project_big_sim/data/PL/PL_25_1024/SOAP/simulation_test/SOAP_uncompressed/HBTplus/halo_properties_0032.hdf5
PL,0032,8.519850605,1.1125000000e+01,1.1000000000e+01,1.1250000000e+01,5.9593752778e-01,5.4436317847e-01,6.4751187709e-01,2,80495,785802,/project/tkcastrosim/HNHuang/project_big_sim/data/PL/PL_25_1024/SOAP/simulation_test/SOAP_uncompressed/HBTplus/halo_properties_0032.hdf5
BT_soft,0032,8.519850605,8.3750000000e+00,8.2500000000e+00,8.5000000000e+00,6.2336832981e-01,3.7440738416e-01,8.2361741325e-01,184579,428105,3054506,/project/tkcastrosim/HNHuang/project_big_sim/data/bluetilted/kp_1_ms_1.5_25_1024/SOAP/simulation_test/SOAP_uncompressed/HBTplus/halo_properties_0032.hdf5
BT_soft,0032,8.519850605,8.6250000000e+00,8.5000000000e+00,8.7500000000e+00,6.3065056868e-01,3.9827482330e-01,8.1359328260e-01,118101,428105,3054506,/project/tkcastrosim/HNHuang/project_big_sim/data/bluetilted/kp_1_ms_1.5_25_1024/SOAP/simulation_test/SOAP_uncompressed/HBTplus/halo_properties_0032.hdf5
BT_soft,0032,8.519850605,8.8750000000e+00,8.7500000000e+00,9.0000000000e+00,6.2979392580e-01,4.1013282441e-01,8.0069409880e-01,63117,428105,3054506,/project/tkcastrosim/HNHuang/project_big_sim/data/bluetilted/kp_1_ms_1.5_25_1024/SOAP/simulation_test/SOAP_uncompressed/HBTplus/halo_properties_0032.hdf5
BT_soft,0032,8.519850605,9.1250000000e+00,9.0000000000e+00,9.2500000000e+00,6.1626106027e-01,4.0832266135e-01,7.8125252081e-01,32466,428105,3054506,/project/tkcastrosim/HNHuang/project_big_sim/data/bluetilted/kp_1_ms_1.5_25_1024/SOAP/simulation_test/SOAP_uncompressed/HBTplus/halo_properties_0032.hdf5
BT_soft,0032,8.519850605,9.3750000000e+00,9.2500000000e+00,9.5000000000e+00,6.0638720454e-01,4.0926074920e-01,7.6793711780e-01,16423,428105,3054506,/project/tkcastrosim/HNHuang/project_big_sim/data/bluetilted/kp_1_ms_1.5_25_1024/SOAP/simulation_test/SOAP_uncompressed/HBTplus/halo_properties_0032.hdf5
BT_soft,0032,8.519850605,9.6250000000e+00,9.5000000000e+00,9.7500000000e+00,5.8896013477e-01,4.0054843826e-01,7.5195584649e-01,7736,428105,3054506,/project/tkcastrosim/HNHuang/project_big_sim/data/bluetilted/kp_1_ms_1.5_25_1024/SOAP/simulation_test/SOAP_uncompressed/HBTplus/halo_properties_0032.hdf5
BT_soft,0032,8.519850605,9.8750000000e+00,9.7500000000e+00,1.0000000000e+01,5.7661857582e-01,3.8828804080e-01,7.3658922210e-01,3481,428105,3054506,/project/tkcastrosim/HNHuang/project_big_sim/data/bluetilted/kp_1_ms_1.5_25_1024/SOAP/simulation_test/SOAP_uncompressed/HBTplus/halo_properties_0032.hdf5
BT_soft,0032,8.519850605,1.0125000000e+01,1.0000000000e+01,1.0250000000e+01,5.6475095967e-01,3.9028873374e-01,7.2367025450e-01,1445,428105,3054506,/project/tkcastrosim/HNHuang/project_big_sim/data/bluetilted/kp_1_ms_1.5_25_1024/SOAP/simulation_test/SOAP_uncompressed/HBTplus/halo_properties_0032.hdf5
BT_soft,0032,8.519850605,1.0375000000e+01,1.0250000000e+01,1.0500000000e+01,5.6514510145e-01,3.7308056775e-01,7.0978276456e-01,509,428105,3054506,/project/tkcastrosim/HNHuang/project_big_sim/data/bluetilted/kp_1_ms_1.5_25_1024/SOAP/simulation_test/SOAP_uncompressed/HBTplus/halo_properties_0032.hdf5
BT_soft,0032,8.519850605,1.0625000000e+01,1.0500000000e+01,1.0750000000e+01,5.3770745228e-01,3.7292282230e-01,6.8253444885e-01,180,428105,3054506,/project/tkcastrosim/HNHuang/project_big_sim/data/bluetilted/kp_1_ms_1.5_25_1024/SOAP/simulation_test/SOAP_uncompressed/HBTplus/halo_properties_0032.hdf5
BT_soft,0032,8.519850605,1.0875000000e+01,1.0750000000e+01,1.1000000000e+01,5.3276675860e-01,4.4666682877e-01,6.6705345953e-01,48,428105,3054506,/project/tkcastrosim/HNHuang/project_big_sim/data/bluetilted/kp_1_ms_1.5_25_1024/SOAP/simulation_test/SOAP_uncompressed/HBTplus/halo_properties_0032.hdf5
BT_soft,0032,8.519850605,1.1125000000e+01,1.1000000000e+01,1.1250000000e+01,6.1556133701e-01,5.0863555480e-01,8.3045094561e-01,19,428105,3054506,/project/tkcastrosim/HNHuang/project_big_sim/data/bluetilted/kp_1_ms_1.5_25_1024/SOAP/simulation_test/SOAP_uncompressed/HBTplus/halo_properties_0032.hdf5
BT_soft,0032,8.519850605,1.1375000000e+01,1.1250000000e+01,1.1500000000e+01,6.6306586898e-01,6.6306586898e-01,6.6306586898e-01,1,428105,3054506,/project/tkcastrosim/HNHuang/project_big_sim/data/bluetilted/kp_1_ms_1.5_25_1024/SOAP/simulation_test/SOAP_uncompressed/HBTplus/halo_properties_0032.hdf5
BT_deep,0032,8.519850605,8.3750000000e+00,8.2500000000e+00,8.5000000000e+00,3.9789156815e-01,1.5985481250e-01,6.0257611143e-01,73300,144081,1694246,/project/tkcastrosim/HNHuang/project_big_sim/data/bluetilted/kp_10_ms_1.5_25_1024/SOAP/simulation_test/SOAP_uncompressed/HBTplus/halo_properties_0032.hdf5
BT_deep,0032,8.519850605,8.6250000000e+00,8.5000000000e+00,8.7500000000e+00,4.2066688165e-01,1.9898284615e-01,6.0898737362e-01,39953,144081,1694246,/project/tkcastrosim/HNHuang/project_big_sim/data/bluetilted/kp_10_ms_1.5_25_1024/SOAP/simulation_test/SOAP_uncompressed/HBTplus/halo_properties_0032.hdf5
BT_deep,0032,8.519850605,8.8750000000e+00,8.7500000000e+00,9.0000000000e+00,4.3539799035e-01,2.2514759116e-01,6.1803117399e-01,18010,144081,1694246,/project/tkcastrosim/HNHuang/project_big_sim/data/bluetilted/kp_10_ms_1.5_25_1024/SOAP/simulation_test/SOAP_uncompressed/HBTplus/halo_properties_0032.hdf5
BT_deep,0032,8.519850605,9.1250000000e+00,9.0000000000e+00,9.2500000000e+00,4.4202591713e-01,2.4020558344e-01,6.1627760792e-01,7707,144081,1694246,/project/tkcastrosim/HNHuang/project_big_sim/data/bluetilted/kp_10_ms_1.5_25_1024/SOAP/simulation_test/SOAP_uncompressed/HBTplus/halo_properties_0032.hdf5
BT_deep,0032,8.519850605,9.3750000000e+00,9.2500000000e+00,9.5000000000e+00,4.4728151944e-01,2.2868742371e-01,6.3104023724e-01,3165,144081,1694246,/project/tkcastrosim/HNHuang/project_big_sim/data/bluetilted/kp_10_ms_1.5_25_1024/SOAP/simulation_test/SOAP_uncompressed/HBTplus/halo_properties_0032.hdf5
BT_deep,0032,8.519850605,9.6250000000e+00,9.5000000000e+00,9.7500000000e+00,4.5303086109e-01,2.5787748778e-01,6.3796664685e-01,1237,144081,1694246,/project/tkcastrosim/HNHuang/project_big_sim/data/bluetilted/kp_10_ms_1.5_25_1024/SOAP/simulation_test/SOAP_uncompressed/HBTplus/halo_properties_0032.hdf5
BT_deep,0032,8.519850605,9.8750000000e+00,9.7500000000e+00,1.0000000000e+01,4.5132024721e-01,2.3162399467e-01,6.3612186744e-01,440,144081,1694246,/project/tkcastrosim/HNHuang/project_big_sim/data/bluetilted/kp_10_ms_1.5_25_1024/SOAP/simulation_test/SOAP_uncompressed/HBTplus/halo_properties_0032.hdf5
BT_deep,0032,8.519850605,1.0125000000e+01,1.0000000000e+01,1.0250000000e+01,4.8219096330e-01,2.7527672513e-01,6.8339467672e-01,178,144081,1694246,/project/tkcastrosim/HNHuang/project_big_sim/data/bluetilted/kp_10_ms_1.5_25_1024/SOAP/simulation_test/SOAP_uncompressed/HBTplus/halo_properties_0032.hdf5
BT_deep,0032,8.519850605,1.0375000000e+01,1.0250000000e+01,1.0500000000e+01,4.6946944466e-01,2.4136612061e-01,6.8701753008e-01,67,144081,1694246,/project/tkcastrosim/HNHuang/project_big_sim/data/bluetilted/kp_10_ms_1.5_25_1024/SOAP/simulation_test/SOAP_uncompressed/HBTplus/halo_properties_0032.hdf5
BT_deep,0032,8.519850605,1.0625000000e+01,1.0500000000e+01,1.0750000000e+01,5.6096594968e-01,3.9240663141e-01,7.4250072034e-01,16,144081,1694246,/project/tkcastrosim/HNHuang/project_big_sim/data/bluetilted/kp_10_ms_1.5_25_1024/SOAP/simulation_test/SOAP_uncompressed/HBTplus/halo_properties_0032.hdf5
BT_deep,0032,8.519850605,1.0875000000e+01,1.0750000000e+01,1.1000000000e+01,5.8497229521e-01,4.2727444702e-01,6.8870081619e-01,6,144081,1694246,/project/tkcastrosim/HNHuang/project_big_sim/data/bluetilted/kp_10_ms_1.5_25_1024/SOAP/simulation_test/SOAP_uncompressed/HBTplus/halo_properties_0032.hdf5
BT_deep,0032,8.519850605,1.1125000000e+01,1.1000000000e+01,1.1250000000e+01,5.2808488549e-01,4.5449025521e-01,6.0167951577e-01,2,144081,1694246,/project/tkcastrosim/HNHuang/project_big_sim/data/bluetilted/kp_10_ms_1.5_25_1024/SOAP/simulation_test/SOAP_uncompressed/HBTplus/halo_properties_0032.hdf5
