model,target_M0_msun,selection_width_dex,z,n_halos,n_positive_mass,median_M0_Msun,median_M_main_over_M0,p16_M_main_over_M0,p84_M_main_over_M0,median_M_msun,p16_M_msun,p84_M_msun
PL_new_SOAP_direct_raw,300000000.0,0.1,0.0,76536,76536,293639000.9489291,1.0,1.0,1.0,293639000.9489291,254718224.02504882,347480023.6177631
PL_new_SOAP_direct_raw,300000000.0,0.1,0.06315937806691885,76536,71899,293639000.9489291,0.9926244936101556,0.9512276124021604,1.0284710447408911,291784219.2747771,249163636.42882627,345621896.58083546
PL_new_SOAP_direct_raw,300000000.0,0.1,0.16947531587361064,76536,69401,293639000.9489291,0.9763607579801282,0.9180996089126416,1.0269542446026616,286220673.3307366,243610570.2926401,341905948.32484627
PL_new_SOAP_direct_raw,300000000.0,0.1,0.2864228474609716,76536,69695,293639000.9489291,0.9611346034699582,0.8848633942602451,1.026461277821234,282512322.0433537,238059062.04459298,340048128.8323751
PL_new_SOAP_direct_raw,300000000.0,0.1,0.4150651322070684,76536,70698,293639000.9489291,0.945390329409253,0.8557303745612568,1.026461277821234,276950824.302368,230659624.85129887,338190413.601229
PL_new_SOAP_direct_raw,300000000.0,0.1,0.5565716454277756,76536,71528,293639000.9489291,0.928306242872266,0.8273166407053941,1.031263026867108,273243885.8628245,225112039.16566187,336332803.52492267
PL_new_SOAP_direct_raw,300000000.0,0.1,0.7122288099705543,76536,72046,293639000.9489291,0.9095654876961252,0.7958331225570056,1.0348547605385747,267684580.88517952,219566233.8347936,332617902.4736825
PL_new_SOAP_direct_raw,300000000.0,0.1,0.8834516909676096,76536,72609,293639000.9489291,0.888631410014017,0.7614094264357012,1.0341489996764917,262126637.28040692,210327355.92321134,328903433.08140916
PL_new_SOAP_direct_raw,300000000.0,0.1,1.0717968600643704,76536,73064,293639000.9489291,0.8650086448897325,0.7236140642051763,1.0280760999463052,254718224.02504882,202940205.80365622,325189367.36211973
PL_new_SOAP_direct_raw,300000000.0,0.1,1.2789765460708074,76536,73505,293639000.9489291,0.8399222647316211,0.6840566552290565,1.0198188256023564,247312442.72542843,191866497.38813382,319619163.043153
PL_new_SOAP_direct_raw,300000000.0,0.1,1.506874200677888,76536,73762,293639000.9489291,0.8133379268980236,0.6439142685388848,1.0064376131645838,239909398.027181,182645353.898241,314049992.19964784
PL_new_SOAP_direct_raw,300000000.0,0.1,1.7575616207456761,76536,74156,293639000.9489291,0.7851162805745796,0.5997489994058174,0.9874457842310569,230659624.85129887,171589030.6430127,306626088.42770153
PL_new_SOAP_direct_raw,300000000.0,0.1,2.0333177828202462,76536,74498,293639000.9489291,0.7540368712890327,0.5561201025510949,0.9628587921805807,221414633.5639678,160543559.542252,299204144.6583456
PL_new_SOAP_direct_raw,300000000.0,0.1,2.3366495611022704,76536,74847,293639000.9489291,0.7212723289127159,0.5138059379704236,0.9359311684160533,212174700.24333212,149510073.3793579,289929569.89863366
PL_new_SOAP_direct_raw,300000000.0,0.1,2.670314517212497,76536,75078,293639000.9489291,0.685542878390722,0.4722049561685758,0.9029784809106097,201093990.64036617,136654719.28922272,278804527.1936411
PL_new_SOAP_direct_raw,300000000.0,0.1,3.0373459689337468,76536,75336,293639000.9489291,0.6479841988676693,0.43143005072739915,0.8716947564525768,190021747.00733086,125652384.10962927,267684580.88517952
PL_new_SOAP_direct_raw,300000000.0,0.1,3.4410805658271224,76536,75462,293639000.9489291,0.6090980544783674,0.39308359859159475,0.8317770156765847,178958761.80905715,114667514.36097187,256570082.41103494
PL_new_SOAP_direct_raw,300000000.0,0.1,3.885188622409834,76536,75566,293639000.9489291,0.5689227977446324,0.35702353862275144,0.7921759298678052,166064872.3285408,103702746.6261076,243610570.2926401
PL_new_SOAP_direct_raw,300000000.0,0.1,4.373707484650818,76536,75484,293639000.9489291,0.5253773050284547,0.3223997898087748,0.7513486887831288,155025226.56903154,94583158.94036606,230659624.85129887
PL_new_SOAP_direct_raw,300000000.0,0.1,4.9110782331159015,76536,75233,293639000.9489291,0.4825983160942426,0.29064779794287293,0.705516006957483,142161760.97639546,85482251.45969395,215870036.17319438
PL_new_SOAP_direct_raw,300000000.0,0.1,5.502186056427491,76536,74779,293639000.9489291,0.4405641068405642,0.2606039382149554,0.6616022243181626,129317997.85796969,76403114.71281162,201093990.64036617
PL_new_SOAP_direct_raw,300000000.0,0.1,6.152404662070242,76536,74091,293639000.9489291,0.3984363679535261,0.23236698097825095,0.6122512908774231,118327049.5460298,67349771.51368964,186333020.84629923
PL_new_SOAP_direct_raw,300000000.0,0.1,6.867645128277267,76536,72854,293639000.9489291,0.35826121062810834,0.20828483633487427,0.5656107917420615,105528680.48777807,60129220.0520757,171589030.6430127
PL_new_SOAP_direct_raw,300000000.0,0.1,7.654409641104996,76536,71009,293639000.9489291,0.3208500425158467,0.18588783679237944,0.5193032914285569,94583158.94036606,54729037.5285008,156864322.17832592
PL_new_SOAP_direct_raw,1000000000.0,0.1,0.0,27144,27144,978689920.0916836,1.0,1.0,1.0,978689920.0916836,845768292.1981893,1154822527.9381032
PL_new_SOAP_direct_raw,1000000000.0,0.1,0.06315937806691885,27144,25851,978689920.0916836,0.9901172734880739,0.9614879493572283,1.0166057138487803,965580146.7768713,828927491.081066,1147324524.0517633
PL_new_SOAP_direct_raw,1000000000.0,0.1,0.16947531587361064,27144,25043,978689920.0916836,0.97227280200336,0.9271755645253104,1.0106660131494436,946853628.8338343,810217871.6210837,1130454850.185389
PL_new_SOAP_direct_raw,1000000000.0,0.1,0.2864228474609716,27144,25025,978689920.0916836,0.9537706665648179,0.8926605976640194,1.0064533022911235,928129203.2729603,787769955.1143358,1115460723.9997432
PL_new_SOAP_direct_raw,1000000000.0,0.1,0.4150651322070684,27144,25302,978689920.0916836,0.9340056582005607,0.8599180801845578,1.0042566625809977,911279064.528469,765326065.2440866,1102341710.9365978
PL_new_SOAP_direct_raw,1000000000.0,0.1,0.5565716454277756,27144,25553,978689920.0916836,0.9125765042108197,0.8243902425815802,1.0020729783845812,892558729.2308105,742886317.0522904,1089223504.3549414
PL_new_SOAP_direct_raw,1000000000.0,0.1,0.7122288099705543,27144,25744,978689920.0916836,0.8895924522039529,0.7878238506687392,0.9977739379464282,870097452.4059308,716712292.1896569,1074232275.5554538
PL_new_SOAP_direct_raw,1000000000.0,0.1,0.8834516909676096,27144,25936,978689920.0916836,0.8645311321173044,0.746603820554827,0.9904003031933205,845768292.1981893,688675762.6742479,1055494712.5496666
PL_new_SOAP_direct_raw,1000000000.0,0.1,1.0717968600643704,27144,26087,978689920.0916836,0.836524322642614,0.7021166303836118,0.9745746422640996,817701374.7800493,655042164.2136841,1033012055.6740057
PL_new_SOAP_direct_raw,1000000000.0,0.1,1.2789765460708074,27144,26286,978689920.0916836,0.8073986744509363,0.6563067355750435,0.9608983137616139,787769955.1143358,619553275.7820169,1012405258.4409949
PL_new_SOAP_direct_raw,1000000000.0,0.1,1.506874200677888,27144,26385,978689920.0916836,0.7756859263384963,0.6108471954492586,0.9405209885714088,755975676.9734017,580345883.9054505,986181730.1236271
PL_new_SOAP_direct_raw,1000000000.0,0.1,1.7575616207456761,27144,26531,978689920.0916836,0.7431858925847757,0.5647656558193855,0.9159900262446187,722320488.7082087,541158452.8859682,954343988.5614606
PL_new_SOAP_direct_raw,1000000000.0,0.1,2.0333177828202462,27144,26637,978689920.0916836,0.7081831236176825,0.5205736731599003,0.8853355915703159,686806931.6639262,500128896.8302536,918767795.92629
PL_new_SOAP_direct_raw,1000000000.0,0.1,2.3366495611022704,27144,26737,978689920.0916836,0.669259884834445,0.4720881309388554,0.850732435287365,649437728.1172724,457264021.15410244,881327669.1381834
PL_new_SOAP_direct_raw,1000000000.0,0.1,2.670314517212497,27144,26814,978689920.0916836,0.6320491073522979,0.43083933966028354,0.8147735118461965,610216489.7606963,416295356.9551181,840154463.6807424
PL_new_SOAP_direct_raw,1000000000.0,0.1,3.0373459689337468,27144,26900,978689920.0916836,0.5919023583261168,0.3894085066740731,0.7760271980787967,572880013.9682317,379082994.1686528,800864095.1935588
PL_new_SOAP_direct_raw,1000000000.0,0.1,3.4410805658271224,27144,26950,978689920.0916836,0.5499735455571633,0.3533093206930598,0.7354537050611315,533696635.0794432,343763871.1974004,755975676.9734017
PL_new_SOAP_direct_raw,1000000000.0,0.1,3.885188622409834,27144,26974,978689920.0916836,0.5044236992821566,0.31530431149709387,0.6927859713694775,490807737.0663149,306626088.42770153,709235151.6129508
PL_new_SOAP_direct_raw,1000000000.0,0.1,4.373707484650818,27144,26989,978689920.0916836,0.4582583632795118,0.279601795140096,0.648741089160057,446087371.7722402,273243885.8628245,660646936.6323768
PL_new_SOAP_direct_raw,1000000000.0,0.1,4.9110782331159015,27144,26974,978689920.0916836,0.4110860934358299,0.24547011341714353,0.6034644577017103,401406486.36306506,238059062.04459298,613951080.25005
PL_new_SOAP_direct_raw,1000000000.0,0.1,5.502186056427491,27144,26986,978689920.0916836,0.36792663670607234,0.214826168989795,0.557324709553348,362348600.280393,208480231.27331,561682561.4981976
PL_new_SOAP_direct_raw,1000000000.0,0.1,6.152404662070242,27144,26983,978689920.0916836,0.325557688965326,0.18621603144303106,0.5090979941712273,319619163.043153,180801927.90853763,509451483.38664263
PL_new_SOAP_direct_raw,1000000000.0,0.1,6.867645128277267,27144,26977,978689920.0916836,0.286050789051085,0.15962614042553136,0.46124835192287783,280658354.35199016,155025226.56903154,460990088.80598617
PL_new_SOAP_direct_raw,1000000000.0,0.1,7.654409641104996,27144,26938,978689920.0916836,0.2478447629275314,0.13447734900593789,0.412149431589606,243610570.2926401,131151505.04826368,408850313.7819224
PL_new_SOAP_direct_raw,3000000000.0,0.1,0.0,10263,10263,2930219783.2678013,1.0,1.0,1.0,2930219783.2678013,2536961969.2406673,3451460320.2466373
PL_new_SOAP_direct_raw,3000000000.0,0.1,0.06315937806691885,10263,9870,2930219783.2678013,0.9885195840715015,0.9656370577629221,1.010261126863048,2892594698.1980343,2491982390.8937206,3434521247.427246
PL_new_SOAP_direct_raw,3000000000.0,0.1,0.16947531587361064,10263,9585,2930219783.2678013,0.9682091237934913,0.926525286479483,1.0030712507432387,2826754180.2452397,2422412017.84432,3364884939.4904776
PL_new_SOAP_direct_raw,3000000000.0,0.1,0.2864228474609716,10263,9546,2930219783.2678013,0.946104580341944,0.8853348782158995,0.9953799946125181,2766561168.7970185,2347208033.9457455,3310307532.640715
PL_new_SOAP_direct_raw,3000000000.0,0.1,0.4150651322070684,10263,9636,2930219783.2678013,0.9230691320694645,0.843306930739989,0.9926427037387469,2696967974.032548,2264493024.98874,3263260251.0218577
PL_new_SOAP_direct_raw,3000000000.0,0.1,0.5565716454277756,10263,9720,2930219783.2678013,0.8972240192306071,0.7998535430999353,0.9846212812163568,2623618752.9691515,2174269975.648778,3193633338.205068
PL_new_SOAP_direct_raw,3000000000.0,0.1,0.7122288099705543,10263,9803,2930219783.2678013,0.8680962919968808,0.7580903898867478,0.9670442045449569,2540873203.2275786,2079023648.640036,3116484394.9576287
PL_new_SOAP_direct_raw,3000000000.0,0.1,0.8834516909676096,10263,9908,2930219783.2678013,0.8396173210939373,0.7089434122015665,0.9551364286329843,2452495693.751869,1975074746.9503617,3054166714.500122
PL_new_SOAP_direct_raw,3000000000.0,0.1,1.0717968600643704,10263,9978,2930219783.2678013,0.8087705352193342,0.660307220285145,0.9338174753722558,2359428163.672742,1852962438.6621077,2964083704.1191883
PL_new_SOAP_direct_raw,3000000000.0,0.1,1.2789765460708074,10263,10045,2930219783.2678013,0.7748882110021241,0.6123356973110172,0.906217424396667,2253214482.5624175,1740270409.028109,2875663947.674324
PL_new_SOAP_direct_raw,3000000000.0,0.1,1.506874200677888,10263,10070,2930219783.2678013,0.740516136222567,0.5662963952670627,0.8801697145231521,2151716239.6174245,1623852293.6741245,2777847210.735329
PL_new_SOAP_direct_raw,3000000000.0,0.1,1.7575616207456761,10263,10105,2930219783.2678013,0.7034617499927303,0.519029388978201,0.8464840112114939,2037081019.9260712,1496207570.2741065,2648067704.3844447
PL_new_SOAP_direct_raw,3000000000.0,0.1,2.0333177828202462,10263,10127,2930219783.2678013,0.6620477721198299,0.4676206159868005,0.8093770417883469,1922468999.4631758,1347974097.9712732,2533351321.8830895
PL_new_SOAP_direct_raw,3000000000.0,0.1,2.3366495611022704,10263,10165,2930219783.2678013,0.6203762541160878,0.4203668767369536,0.7771353761923044,1798491206.4589121,1227940520.0287702,2403610334.003736
PL_new_SOAP_direct_raw,3000000000.0,0.1,2.670314517212497,10263,10189,2930219783.2678013,0.5761081288225955,0.37996094369265554,0.7393510300656619,1670791179.198365,1109838192.0448458,2283291016.2167077
PL_new_SOAP_direct_raw,3000000000.0,0.1,3.0373459689337468,10263,10200,2930219783.2678013,0.5316597644813463,0.34141951311922525,0.6956131100785631,1548761902.4593835,989927716.709492,2138860915.843642
PL_new_SOAP_direct_raw,3000000000.0,0.1,3.4410805658271224,10263,10212,2930219783.2678013,0.4857789412277095,0.30645515612279933,0.6524307785021591,1412700490.4705133,888814949.8664664,2003258594.327382
PL_new_SOAP_direct_raw,3000000000.0,0.1,3.885188622409834,10263,10219,2930219783.2678013,0.440511900165888,0.26996926455453124,0.6112626622740297,1287950787.4441566,789640463.5159271,1867990048.628236
PL_new_SOAP_direct_raw,3000000000.0,0.1,4.373707484650818,10263,10206,2930219783.2678013,0.39634318450944306,0.2356846245222641,0.5675435975536361,1160446191.56236,690544628.2245889,1710223983.6879303
PL_new_SOAP_direct_raw,3000000000.0,0.1,4.9110782331159015,10263,10208,2930219783.2678013,0.3491577012681413,0.20590175876557715,0.5208235766242982,1029265199.0876726,599013691.1768304,1565655866.8333673
PL_new_SOAP_direct_raw,3000000000.0,0.1,5.502186056427491,10263,10204,2930219783.2678013,0.3046398929615852,0.1761986585261151,0.4750032251429105,900046562.9070171,513180908.3314684,1423020395.535319
PL_new_SOAP_direct_raw,3000000000.0,0.1,6.152404662070242,10263,10208,2930219783.2678013,0.2664074144601442,0.15009083841521342,0.42625460492783945,785899474.6679295,440499980.5374985,1278573238.734625
PL_new_SOAP_direct_raw,3000000000.0,0.1,6.867645128277267,10263,10204,2930219783.2678013,0.22817070169489334,0.12473214826130408,0.381706462268896,671857544.9872493,364207605.46008176,1134203540.7311423
PL_new_SOAP_direct_raw,3000000000.0,0.1,7.654409641104996,10263,10194,2930219783.2678013,0.1936180084306558,0.10415437429208511,0.3327880903252138,569147354.7954321,304770415.84150714,991800739.2865733
PL_new_SOAP_direct_raw,10000000000.0,0.1,0.0,3564,3564,9695012225.972996,1.0,1.0,1.0,9695012225.972996,8410804195.937126,11492245853.863688
PL_new_SOAP_direct_raw,10000000000.0,0.1,0.06315937806691885,3564,3438,9695012225.972996,0.9862958529903514,0.9656590523683423,1.0070207722619828,9559224918.323677,8231678525.746269,11360501180.796154
PL_new_SOAP_direct_raw,10000000000.0,0.1,0.16947531587361064,3564,3370,9695012225.972996,0.9618694452458776,0.9152614118952027,0.9988196526755707,9305573317.243668,7971486533.958781,11126519576.267342
PL_new_SOAP_direct_raw,10000000000.0,0.1,0.2864228474609716,3564,3347,9695012225.972996,0.937000365375137,0.8660373366169458,0.989573152469261,9033073954.745953,7678050923.074119,10905899519.149996
PL_new_SOAP_direct_raw,10000000000.0,0.1,0.4150651322070684,3564,3356,9695012225.972996,0.9084968933031217,0.8155215769583649,0.9785507690399018,8721930384.147083,7356884169.819863,10670496931.99447
PL_new_SOAP_direct_raw,10000000000.0,0.1,0.5565716454277756,3564,3382,9695012225.972996,0.8789452394063989,0.7721282072108921,0.9665405635383982,8439087460.065122,7034383339.906791,10400698639.35057
PL_new_SOAP_direct_raw,10000000000.0,0.1,0.7122288099705543,3564,3437,9695012225.972996,0.8458552749820039,0.7203234470058316,0.9505479991758837,8150602677.532856,6663204274.127643,10133021436.82741
PL_new_SOAP_direct_raw,10000000000.0,0.1,0.8834516909676096,3564,3467,9695012225.972996,0.8126713226774945,0.6694301695728485,0.9196052646661348,7839510002.520756,6268465986.630839,9712816011.153269
PL_new_SOAP_direct_raw,10000000000.0,0.1,1.0717968600643704,3564,3487,9695012225.972996,0.7757526981134222,0.6109991714008491,0.8928231712824638,7456798428.470248,5809026035.164729,9389946675.655584
PL_new_SOAP_direct_raw,10000000000.0,0.1,1.2789765460708074,3564,3498,9695012225.972996,0.7355465712608679,0.5576790492152579,0.8651955057472134,7088257721.959581,5348827474.389006,9050046080.62975
PL_new_SOAP_direct_raw,10000000000.0,0.1,1.506874200677888,3564,3525,9695012225.972996,0.6964821792088406,0.5053072328304168,0.8262649192442452,6661319219.799917,4838603715.418744,8633606747.175968
PL_new_SOAP_direct_raw,10000000000.0,0.1,1.7575616207456761,3564,3536,9695012225.972996,0.6529515635492851,0.4670629458664285,0.7942330776457961,6290968171.969934,4442921764.169558,8273159787.023369
PL_new_SOAP_direct_raw,10000000000.0,0.1,2.0333177828202462,3564,3539,9695012225.972996,0.6116499026843812,0.41950857405281805,0.7548212005610961,5854703045.685918,4012599659.2509503,7798032297.542428
PL_new_SOAP_direct_raw,10000000000.0,0.1,2.3366495611022704,3564,3541,9695012225.972996,0.5639642369598266,0.37831751475832226,0.7195968863652726,5443936432.409354,3621616711.4392266,7347835199.664908
PL_new_SOAP_direct_raw,10000000000.0,0.1,2.670314517212497,3564,3549,9695012225.972996,0.5145089997954341,0.3285028297321457,0.6721753072369075,4948461205.268231,3198676527.826505,6842870639.474624
PL_new_SOAP_direct_raw,10000000000.0,0.1,3.0373459689337468,3564,3551,9695012225.972996,0.4656726918872687,0.2921753925551433,0.6220117906632967,4492641608.58151,2839921985.0834146,6291910601.484369
PL_new_SOAP_direct_raw,10000000000.0,0.1,3.4410805658271224,3564,3551,9695012225.972996,0.4138154335181381,0.2530607117914363,0.5735692680195243,4010565964.668867,2465657603.328492,5833974829.935328
PL_new_SOAP_direct_raw,10000000000.0,0.1,3.885188622409834,3564,3548,9695012225.972996,0.37262010146343527,0.21913339768988718,0.5296394645507977,3611451912.4156556,2155475138.888686,5317703079.716431
PL_new_SOAP_direct_raw,10000000000.0,0.1,4.373707484650818,3564,3553,9695012225.972996,0.3305301895641117,0.19280269177171322,0.48873561099206675,3208687409.0904336,1877983613.6790714,4841090088.756689
PL_new_SOAP_direct_raw,10000000000.0,0.1,4.9110782331159015,3564,3542,9695012225.972996,0.2877236203629592,0.16615987216581585,0.43970028719885385,2815467844.9974766,1591937144.044468,4319155253.046583
PL_new_SOAP_direct_raw,10000000000.0,0.1,5.502186056427491,3564,3540,9695012225.972996,0.24990479475894684,0.13736499327966237,0.38889615680723477,2447795004.334526,1340920689.541561,3853844997.8345327
PL_new_SOAP_direct_raw,10000000000.0,0.1,6.152404662070242,3564,3544,9695012225.972996,0.2114899888698483,0.11360926443605428,0.3404120423647536,2079361921.1022284,1106089918.7505193,3395223343.236855
PL_new_SOAP_direct_raw,10000000000.0,0.1,6.867645128277267,3564,3530,9695012225.972996,0.1753356031791426,0.09360854219245564,0.295047436440761,1725246937.0261087,898174570.3080337,2946624814.62277
PL_new_SOAP_direct_raw,10000000000.0,0.1,7.654409641104996,3564,3537,9695012225.972996,0.14551228716116554,0.0744683693573475,0.25259000359087114,1438031960.5794306,722320488.7082087,2466108928.672409
PL_new_SOAP_direct_raw,30000000000.0,0.1,0.0,1261,1261,29446231013.800106,1.0,1.0,1.0,29446231013.800106,25220071023.695652,34667985270.47623
PL_new_SOAP_direct_raw,30000000000.0,0.1,0.06315937806691885,1261,1234,29446231013.800106,0.9841403565111262,0.9650505714106484,1.0040205042675592,28863744188.364784,24630142237.092247,34225963659.752453
PL_new_SOAP_direct_raw,30000000000.0,0.1,0.16947531587361064,1261,1204,29446231013.800106,0.9562788790047085,0.9107734029613764,0.9956767410628714,27958408719.747585,23568797642.839775,33491784159.233055
PL_new_SOAP_direct_raw,30000000000.0,0.1,0.2864228474609716,1261,1187,29446231013.800106,0.9250534623923589,0.8391009824765481,0.982531594321342,26984181955.042294,22549174826.790928,32371429181.71898
PL_new_SOAP_direct_raw,30000000000.0,0.1,0.4150651322070684,1261,1193,29446231013.800106,0.8937495703060124,0.7807511836953985,0.9664924296156795,26034526220.18753,21425243185.23565,31406688127.844604
PL_new_SOAP_direct_raw,30000000000.0,0.1,0.5565716454277756,1261,1209,29446231013.800106,0.8595709154552719,0.7130276547971789,0.9486854502451215,24964072344.510834,20384112220.338398,30486076318.479847
PL_new_SOAP_direct_raw,30000000000.0,0.1,0.7122288099705543,1261,1222,29446231013.800106,0.8203031034914475,0.6618464954097454,0.9200213267098091,23820028852.903828,19207283987.27259,29484522125.184654
PL_new_SOAP_direct_raw,30000000000.0,0.1,0.8834516909676096,1261,1240,29446231013.800106,0.7806288637473107,0.6063724176141431,0.8848028467094844,22521237271.78911,17750368238.689594,28584495381.136745
PL_new_SOAP_direct_raw,30000000000.0,0.1,1.0717968600643704,1261,1245,29446231013.800106,0.7408143033205381,0.5583599272206262,0.8496328746426415,21303678463.567783,16431484856.56509,26993018880.61207
PL_new_SOAP_direct_raw,30000000000.0,0.1,1.2789765460708074,1261,1248,29446231013.800106,0.6958386344419853,0.5108837936466387,0.813026536923836,20018229213.20217,14920540204.554111,25681479136.414875
PL_new_SOAP_direct_raw,30000000000.0,0.1,1.506874200677888,1261,1255,29446231013.800106,0.6453987742067693,0.4489072018362189,0.7708431470328699,18564878279.16716,13285012926.939322,24090139624.21784
PL_new_SOAP_direct_raw,30000000000.0,0.1,1.7575616207456761,1261,1257,29446231013.800106,0.5996858869802218,0.41496992408157746,0.7269051929337972,17226758966.783047,12023242625.549894,22836942595.344563
PL_new_SOAP_direct_raw,30000000000.0,0.1,2.0333177828202462,1261,1260,29446231013.800106,0.5519227281644092,0.36540157385169253,0.6955475891415883,15961397841.249851,10564568430.0969,21664220146.8818
PL_new_SOAP_direct_raw,30000000000.0,0.1,2.3366495611022704,1261,1258,29446231013.800106,0.49845441008292896,0.32459651919348437,0.6464524211658027,14542357857.315586,9215996043.07622,19983952621.027264
PL_new_SOAP_direct_raw,30000000000.0,0.1,2.670314517212497,1261,1257,29446231013.800106,0.43959501205655216,0.27894436527978295,0.6039606378292711,12858393561.938549,8223910574.066525,18053096453.84407
PL_new_SOAP_direct_raw,30000000000.0,0.1,3.0373459689337468,1261,1258,29446231013.800106,0.3895543182794037,0.23992988366277687,0.554936213776676,11599129539.81691,7065071792.14881,16630922266.046597
PL_new_SOAP_direct_raw,30000000000.0,0.1,3.4410805658271224,1261,1256,29446231013.800106,0.3459254269804177,0.20884168791656282,0.5102945526750229,10215556766.93295,6107974740.169219,15206382575.451488
PL_new_SOAP_direct_raw,30000000000.0,0.1,3.885188622409834,1261,1254,29446231013.800106,0.3057653915807328,0.18087858731593032,0.45471180161259406,8984987114.079405,5197957621.906829,13660931062.754131
PL_new_SOAP_direct_raw,30000000000.0,0.1,4.373707484650818,1261,1251,29446231013.800106,0.262714258123641,0.1501566302124791,0.40855593727373907,7660404572.212234,4353278754.807235,12016979507.758976
PL_new_SOAP_direct_raw,30000000000.0,0.1,4.9110782331159015,1261,1255,29446231013.800106,0.22151239813418117,0.13086503790876483,0.35549415304343485,6525613798.157941,3793374906.366348,10541481186.255598
PL_new_SOAP_direct_raw,30000000000.0,0.1,5.502186056427491,1261,1256,29446231013.800106,0.18950312732650354,0.1066192646913118,0.3060891444844273,5600322136.543575,3166912947.50816,9167719352.41962
PL_new_SOAP_direct_raw,30000000000.0,0.1,6.152404662070242,1261,1249,29446231013.800106,0.16035626716758544,0.08534575390358068,0.26081008606435596,4778930392.135902,2539669746.453984,7923371221.254757
PL_new_SOAP_direct_raw,30000000000.0,0.1,6.867645128277267,1261,1252,29446231013.800106,0.1346218060853623,0.07038329758910648,0.22239095820441665,4010566116.4334183,2070229035.1707182,6577181519.2042465
PL_new_SOAP_direct_raw,30000000000.0,0.1,7.654409641104996,1261,1253,29446231013.800106,0.10901515593014997,0.05564988416789053,0.18553395143579138,3235032645.885336,1618220079.1176398,5555327212.064703
PL_new_SOAP_direct_raw,100000000000.0,0.1,0.0,417,417,98642774181.72794,1.0,1.0,1.0,98642774181.72794,83645325515.75845,115843416142.32439
PL_new_SOAP_direct_raw,100000000000.0,0.1,0.06315937806691885,417,404,98642774181.72794,0.9824461464221179,0.9597775439344595,1.003224040597586,95949561923.04294,81969986308.01773,112750517991.27438
PL_new_SOAP_direct_raw,100000000000.0,0.1,0.16947531587361064,417,404,98642774181.72794,0.9515719575423398,0.8999904947438709,0.9984708460926269,92647080235.87091,77863609399.5468,109555470782.50084
PL_new_SOAP_direct_raw,100000000000.0,0.1,0.2864228474609716,417,400,98642774181.72794,0.9178903561928926,0.8183956214418597,0.9825975469198255,89334253316.2681,74770262293.16252,105589135020.41002
PL_new_SOAP_direct_raw,100000000000.0,0.1,0.4150651322070684,417,404,98642774181.72794,0.877961904779041,0.72050385008664,0.9550426523798665,84744357453.73718,68505906344.62328,101079103611.21062
PL_new_SOAP_direct_raw,100000000000.0,0.1,0.5565716454277756,417,408,98642774181.72794,0.8357395583173153,0.6503284514133115,0.9221899290412473,80199898842.70453,62700443030.28033,97258739282.98515
PL_new_SOAP_direct_raw,100000000000.0,0.1,0.7122288099705543,417,406,98642774181.72794,0.7847933437383949,0.6149076853938557,0.8775033236211641,75600759569.31683,57989204547.995766,93123748477.45044
PL_new_SOAP_direct_raw,100000000000.0,0.1,0.8834516909676096,417,413,98642774181.72794,0.7360814016251915,0.5634838698024747,0.837082123090729,69866407206.30302,53348642063.87115,88446300443.52814
PL_new_SOAP_direct_raw,100000000000.0,0.1,1.0717968600643704,417,414,98642774181.72794,0.688998647011136,0.4951682608267522,0.8049058765229197,65534838856.2923,46569587901.66482,85907857028.39206
PL_new_SOAP_direct_raw,100000000000.0,0.1,1.2789765460708074,417,415,98642774181.72794,0.6479051732413269,0.456717734781445,0.7695614386648477,60831278259.41614,43355708947.84539,80701967131.2069
PL_new_SOAP_direct_raw,100000000000.0,0.1,1.506874200677888,417,415,98642774181.72794,0.5836913432727113,0.40209082105587324,0.7181306830403232,55770899817.29457,40764809071.646935,72379864083.99312
PL_new_SOAP_direct_raw,100000000000.0,0.1,1.7575616207456761,417,417,98642774181.72794,0.522568729998556,0.3396983419592579,0.6628893685079221,50125225838.35528,34176110720.574944,66699835698.93687
PL_new_SOAP_direct_raw,100000000000.0,0.1,2.0333177828202462,417,416,98642774181.72794,0.4739848638918628,0.3119778456143367,0.6247490654317918,45782119665.59393,30443177344.247116,63371560390.337524
PL_new_SOAP_direct_raw,100000000000.0,0.1,2.3366495611022704,417,417,98642774181.72794,0.4237029334670527,0.2687092278917125,0.5878185032989046,40899122425.89062,27084624159.519226,56704834242.63989
PL_new_SOAP_direct_raw,100000000000.0,0.1,2.670314517212497,417,414,98642774181.72794,0.36434620289938435,0.2327228149601231,0.5440240550470782,35412190363.24629,22209913369.017326,52531087236.7186
PL_new_SOAP_direct_raw,100000000000.0,0.1,3.0373459689337468,417,414,98642774181.72794,0.32125907240463814,0.19344351047018393,0.4962055338079723,31415601581.129433,19037941805.25102,48197652517.44587
PL_new_SOAP_direct_raw,100000000000.0,0.1,3.4410805658271224,417,414,98642774181.72794,0.27466754962589907,0.16341194057964478,0.43121907146047594,26674550171.826805,15974569834.578032,43063879646.01864
PL_new_SOAP_direct_raw,100000000000.0,0.1,3.885188622409834,417,415,98642774181.72794,0.24417971151354698,0.13510133385010564,0.38026479140366665,23265013656.122116,13011063253.978159,37677039468.922325
PL_new_SOAP_direct_raw,100000000000.0,0.1,4.373707484650818,417,415,98642774181.72794,0.2015553640425744,0.10801934521482484,0.3265707509923605,19989917634.992367,10462790097.86076,32175729073.800583
PL_new_SOAP_direct_raw,100000000000.0,0.1,4.9110782331159015,417,413,98642774181.72794,0.16520166846083945,0.09313322988519022,0.27805244248073757,16971980294.353008,8779406350.076576,27305523679.79162
PL_new_SOAP_direct_raw,100000000000.0,0.1,5.502186056427491,417,417,98642774181.72794,0.13537076191824315,0.07136647309058627,0.24011830881813595,13435725205.832783,7076834294.73764,23178403913.43695
PL_new_SOAP_direct_raw,100000000000.0,0.1,6.152404662070242,417,414,98642774181.72794,0.10491799379764205,0.05433080657541236,0.1916372341428804,10315521557.028782,5348978448.221593,19139562399.459534
PL_new_SOAP_direct_raw,100000000000.0,0.1,6.867645128277267,417,415,98642774181.72794,0.08325944777565807,0.042427083122648916,0.16347746692835796,8256189979.260745,4018549509.5155487,16818661964.979742
PL_new_SOAP_direct_raw,100000000000.0,0.1,7.654409641104996,417,415,98642774181.72794,0.06592766930551236,0.033350787648828664,0.12873197841843784,6570848383.160481,3171052903.1684694,12867449670.110514
PL_new_SOAP_direct_raw,300000000000.0,0.1,0.0,167,167,286127049092.62915,1.0,1.0,1.0,286127049092.62915,250989383423.54803,345034493954.70593
PL_new_SOAP_direct_raw,300000000000.0,0.1,0.06315937806691885,167,166,286127049092.62915,0.9785807052724298,0.960566713643856,1.0040045214549091,278006387095.0123,245876492807.17944,342619721853.6716
PL_new_SOAP_direct_raw,300000000000.0,0.1,0.16947531587361064,167,165,286127049092.62915,0.9492490976376599,0.8773716436250727,1.0047374905246884,269498360299.42502,224225206863.85776,329323263859.6966
PL_new_SOAP_direct_raw,300000000000.0,0.1,0.2864228474609716,167,164,286127049092.62915,0.8971791344819074,0.7799464201873704,0.9701373551309683,253114615928.56912,213023555754.262,319400515758.2673
PL_new_SOAP_direct_raw,300000000000.0,0.1,0.4150651322070684,167,163,286127049092.62915,0.8596624293332188,0.7014934288498588,0.9429097211697355,237439741910.71277,199619163034.6179,311305463897.2388
PL_new_SOAP_direct_raw,300000000000.0,0.1,0.5565716454277756,167,165,286127049092.62915,0.8058049647656428,0.6030764739306815,0.9015850290116109,222183672113.165,174779663052.6239,291302143572.0444
PL_new_SOAP_direct_raw,300000000000.0,0.1,0.7122288099705543,167,163,286127049092.62915,0.7560299718084156,0.5087416979414984,0.8451433628468268,203184291980.96603,147971525557.08804,262673764994.98984
PL_new_SOAP_direct_raw,300000000000.0,0.1,0.8834516909676096,167,166,286127049092.62915,0.6976102909457245,0.4810467976538248,0.8170080066035057,190302207282.69678,135228857837.36137,250343595558.5874
PL_new_SOAP_direct_raw,300000000000.0,0.1,1.0717968600643704,167,166,286127049092.62915,0.6503498603539659,0.43144640101824544,0.7578155166165165,179272191076.76468,124151534207.15268,233369167394.66614
PL_new_SOAP_direct_raw,300000000000.0,0.1,1.2789765460708074,167,167,286127049092.62915,0.5757427615262756,0.39215086765652163,0.691810708114661,166827031285.53195,110834285370.16696,217873986259.09976
PL_new_SOAP_direct_raw,300000000000.0,0.1,1.506874200677888,167,167,286127049092.62915,0.5215622689806166,0.33651979260256076,0.6482004745290996,147880073653.061,97157771022.03497,201276666700.24203
PL_new_SOAP_direct_raw,300000000000.0,0.1,1.7575616207456761,167,166,286127049092.62915,0.443379950635002,0.2928202457259412,0.5985970575585495,128788308326.73944,82621832856.85771,193293205132.60544
PL_new_SOAP_direct_raw,300000000000.0,0.1,2.0333177828202462,167,165,286127049092.62915,0.3982952237205246,0.24545734610634287,0.555707491788069,116242310102.26598,70945064918.5791,172704993739.03076
PL_new_SOAP_direct_raw,300000000000.0,0.1,2.3366495611022704,167,163,286127049092.62915,0.33508548335903854,0.20835093022384513,0.5404889935902029,100250591650.68942,62121888694.43706,153827006028.58548
PL_new_SOAP_direct_raw,300000000000.0,0.1,2.670314517212497,167,167,286127049092.62915,0.2917608272184919,0.19048066250027454,0.45890487894925636,86426710608.78844,53282608284.0507,135209512367.59924
PL_new_SOAP_direct_raw,300000000000.0,0.1,3.0373459689337468,167,167,286127049092.62915,0.25389122206447967,0.16815332627682475,0.39389277544971274,72694357769.32607,46350574229.705826,118423622914.73651
PL_new_SOAP_direct_raw,300000000000.0,0.1,3.4410805658271224,167,166,286127049092.62915,0.22583057161264306,0.13533583285658274,0.3398905860389852,64562944632.97005,37196166834.39219,102589219748.61378
PL_new_SOAP_direct_raw,300000000000.0,0.1,3.885188622409834,167,167,286127049092.62915,0.18619128890670436,0.11200737766068675,0.2900043880106937,56307335436.59884,32405340823.9813,90659683497.03302
PL_new_SOAP_direct_raw,300000000000.0,0.1,4.373707484650818,167,166,286127049092.62915,0.15962093120954013,0.08153175941635739,0.2534995557752977,47509327128.53615,24471334890.121094,75237102310.75827
PL_new_SOAP_direct_raw,300000000000.0,0.1,4.9110782331159015,167,167,286127049092.62915,0.12993191831799022,0.07299142311419572,0.2065159330707012,38655566928.597115,20618851841.01,63371938645.26379
PL_new_SOAP_direct_raw,300000000000.0,0.1,5.502186056427491,167,167,286127049092.62915,0.11197733711112172,0.05342470958682108,0.17403260621212058,30428071090.591698,15597981670.561695,50179550810.411
PL_new_SOAP_direct_raw,300000000000.0,0.1,6.152404662070242,167,167,286127049092.62915,0.08284649604843511,0.040093701922278,0.1394593735851422,22857254855.343075,11841839260.738573,42358303555.65744
PL_new_SOAP_direct_raw,300000000000.0,0.1,6.867645128277267,167,164,286127049092.62915,0.0667008733406195,0.032819765761520535,0.11712066810187907,18629993219.26781,8980959587.568327,34448636336.33757
PL_new_SOAP_direct_raw,300000000000.0,0.1,7.654409641104996,167,166,286127049092.62915,0.051287906821696275,0.024217670062650316,0.08927526088682608,15197136097.892178,6624000039.383409,25951455484.790966
