model,z,x,y,lo,hi
kp1,0,119983034.50969091,1.3333636396204938,1.3280450942981112,1.3386821849428763
kp1,0,176759090.53341413,1.3500710627718482,1.3435487473265317,1.3565933782171646
kp1,0,259833076.36549956,1.3741368017163793,1.3663231338173627,1.381950469615396
kp1,0,381411862.41089785,1.381942771497149,1.3725560686582134,1.3913294743360847
kp1,0,560055743.9764661,1.4215498819181884,1.410189528847283,1.4329102349890939
kp1,0,822748744.6113247,1.4127820349048983,1.399313817281024,1.4262502525287726
kp1,0,1206788534.883781,1.4207601689501979,1.4047970538501826,1.436723284050213
kp1,0,1769823535.713531,1.4775736864883964,1.4578013878389597,1.497345985137833
kp1,0,2603995232.662226,1.4508582712816738,1.4276170114407905,1.474099531122557
kp1,0,3815358883.1876817,1.4345386533576197,1.407598401274149,1.4614789054410904
kp1,0,5593182815.42922,1.4826968974014552,1.449558154082133,1.5158356407207774
kp1,0,8210828981.289826,1.4778100373522298,1.4388387542607184,1.5167813204437413
kp1,0,12063333641.974836,1.465102286379377,1.4184861865024234,1.5117183862563306
kp1,0,17699538391.579556,1.440762220431934,1.3867856536947953,1.4947387871690725
kp1,0,25967690900.254787,1.4171632896572872,1.3532660699752677,1.4810605093393068
kp1,0,38280046486.200356,1.4140752863640855,1.3393287511911938,1.4888218215369773
kp1,0,55755871306.718605,1.371882086164427,1.2859835732409763,1.4577805990878776
kp1,0,81472477407.95776,1.4479166666836165,1.3369803213783864,1.5588530119888466
kp1,0,120524742003.27454,1.352173913014325,1.2345793959158455,1.4697684301128047
kp1,0,174947581454.74008,1.5576923077007103,1.3978827729645331,1.7175018424368875
kp1,0,258013108739.2268,1.6562499999889058,1.4421770455714122,1.8703229544063993
kp1,0,380803208566.152,1.368421052662262,1.1619151195910762,1.5749269857334478
kp1,0,564490028911.8058,1.3275862069000977,1.0967678971201338,1.5584045166800615
kp1,0,836085888595.2013,1.106382978730347,0.8837074551186077,1.3290585023420862
kp1,0,1188897637354.9587,1.4444444444163937,1.0828192958845833,1.8060695929482042
kp1,0,1748416404095.3823,1.0434782608421838,0.7389954390484138,1.3479610826359538
kp1,0,2571637988029.5664,1.2727272727131893,0.7599308410647007,1.7855237043616778
kp1,0,3798358042601.127,1.0,0.5527864044889186,1.4472135955110814
kp1,0,5583243892191.742,1.3333333333017758,0.7453885975426235,1.9212780690609281
kp1,0,8278955667103.881,1.0,0.4226497308004653,1.5773502691995347
kp10,0,119958617.42930652,1.5034640142387856,1.497614166762315,1.5093138617152562
kp10,0,176693190.86694694,1.5068783352189143,1.499761470503222,1.5139951999346066
kp10,0,259546020.66257417,1.4749883035386782,1.4667228258716567,1.4832537812056996
kp10,0,381309980.10345876,1.4342193313454346,1.4245523691974444,1.4438862934934247
kp10,0,559475409.3277436,1.4209875154684186,1.4096307286491963,1.432344302287641
kp10,0,821746125.8265108,1.3670178799233268,1.353895839694794,1.3801399201518596
kp10,0,1205219808.5096707,1.310291175834444,1.2953150788502048,1.3252672728186832
kp10,0,1767863373.2236896,1.278299871844759,1.260664236386259,1.2959355073032588
kp10,0,2600779403.3877754,1.2233024456911799,1.2029763358888552,1.2436285554935045
kp10,0,3809856118.1150384,1.1581463009069182,1.135355512769191,1.1809370890446453
kp10,0,5584337497.212208,1.1494630071689742,1.122313591790605,1.1766124225473433
kp10,0,8195813725.614711,1.0763168809613184,1.0458717190405524,1.1067620428820844
kp10,0,12035802732.089783,1.0764139590813366,1.0397422525271087,1.1130856656355645
kp10,0,17673047755.792694,1.0314830157905186,0.9898168052996174,1.0731492262814197
kp10,0,25960455960.86473,1.0500595947694362,0.9994061207463936,1.1007130687924789
kp10,0,38311563679.93477,0.9754500818342473,0.9192916529114855,1.031608510757009
kp10,0,55566848529.73187,1.0022675736985986,0.9348095517645689,1.0697255956326284
kp10,0,81521627152.39273,1.0138888889040922,0.9296879971829031,1.0980897806252814
kp10,0,120540810838.98265,1.0347826086959744,0.9391029426014926,1.130462274790456
kp10,0,175247518062.41284,0.9551282051338069,0.8457184222105124,1.0645379880571015
kp10,0,260479563836.80237,1.0416666666222894,0.8928261440671752,1.1905071891774035
kp10,0,380687984438.10376,0.9210526315827828,0.7684700145437783,1.0736352486217875
kp10,0,551316385880.7327,0.9827586206856026,0.799466262961436,1.1660509784097692
kp10,0,836245689165.8059,1.0851063829806518,0.865698948645792,1.3045138173155115
kp10,0,1171851157942.2092,0.9629629629547815,0.698369590027166,1.2275563358823969
kp10,0,1725438357783.88,0.9565217391207708,0.671271614213022,1.2417718640285196
kp10,0,2519709367179.025,1.0,0.573598567289749,1.426401432710251
kp10,0,3792712823037.714,1.0,0.5527864044889186,1.4472135955110814
kp10,0,5682993090226.776,1.0,0.5285954792268198,1.4714045207731803
kp10,0,8428019562700.143,1.0,0.4226497308004653,1.5773502691995347
kp1,3.441080566,120011009.6301272,1.6917950062241838,1.6863319983764538,1.6972580140719138
kp1,3.441080566,176738710.02338564,1.701410875715489,1.6947803450066923,1.708041406424286
kp1,3.441080566,259618556.15511832,1.7123769998332488,1.7044915049610758,1.7202624947054217
kp1,3.441080566,381645760.5898677,1.7290283288799602,1.7194002940404742,1.738656363719446
kp1,3.441080566,559491002.7852998,1.7582140082084725,1.746613378650729,1.769814637766216
kp1,3.441080566,822037032.5843964,1.768512235060499,1.7545319919244373,1.7824924781965605
kp1,3.441080566,1204101805.2200382,1.8063412938118149,1.7891997306319543,1.8234828569916754
kp1,3.441080566,1766220228.7930398,1.8269440482977328,1.8061296008702103,1.8477584957252553
kp1,3.441080566,2593924653.7959986,1.8251560014230435,1.8000382670741049,1.850273735771982
kp1,3.441080566,3816460792.7660723,1.8381735479319135,1.8079624422541292,1.8683846536096977
kp1,3.441080566,5587899996.012659,1.8626842513637096,1.8255504628453765,1.8998180398820428
kp1,3.441080566,8211871617.646993,1.823705926452106,1.7797561100840524,1.8676557428201597
kp1,3.441080566,11998975152.614336,1.9356858281568454,1.8788154203328118,1.992556235980879
kp1,3.441080566,17686639730.05052,1.8849630238426647,1.8181168961566478,1.9518091515286815
kp1,3.441080566,25812153136.85437,1.9075425790991831,1.8254007719344036,1.9896843862639626
kp1,3.441080566,37945163021.546,1.8278260869925491,1.7330148393467038,1.9226373346383945
kp1,3.441080566,55963787710.96984,1.9235127478646874,1.797297252043323,2.0497282436860518
kp1,3.441080566,81621272731.04784,1.744094488149092,1.606827002972937,1.8813619733252471
kp1,3.441080566,120697454373.04027,1.7884615384489342,1.6096647010632146,1.9672583758346538
kp1,3.441080566,174725762337.8271,1.9550561797279509,1.7002749154126982,2.2098374440432034
kp1,3.441080566,262471808400.68362,1.485294117637293,1.252302299628631,1.7182859356459548
kp1,3.441080566,375050932846.3989,1.764705882324933,1.385896108033538,2.1435156566163283
kp1,3.441080566,551737162449.9944,1.5185185185068308,1.1421608768617313,1.8948761601519304
kp1,3.441080566,801629790028.5674,1.0526315789143252,0.7154088023356906,1.3898543554929599
kp1,3.441080566,1159344115488.5547,1.428571428536651,0.7245637423965805,2.1325791146767217
kp1,3.441080566,1728271051163.2534,1.1111111110374774,0.6005907869239804,1.6216314351509744
kp10,3.441080566,119952909.7908469,1.6273019201688508,1.6220086260796038,1.6325952142580977
kp10,3.441080566,176614672.4247977,1.5791668659848497,1.5729251773743387,1.5854085545953607
kp10,3.441080566,259481504.70982978,1.5309056831194745,1.523703462305363,1.538107903933586
kp10,3.441080566,381207346.127488,1.487937605594364,1.4794096549335614,1.4964655562551668
kp10,3.441080566,558719011.2745999,1.42060717059244,1.4108386033611433,1.4303757378237365
kp10,3.441080566,821330280.53731,1.3677697497136316,1.356399665073757,1.3791398343535062
kp10,3.441080566,1203138610.858162,1.3212960816157673,1.3079625370157584,1.3346296262157762
kp10,3.441080566,1766024614.9314983,1.2678466571179765,1.2523162134051462,1.2833771008308068
kp10,3.441080566,2591762667.675861,1.2086137280901994,1.1905414502126135,1.2266860059677853
kp10,3.441080566,3807177332.863431,1.1298110566714321,1.109293419818007,1.1503286935248571
kp10,3.441080566,5581230298.567966,1.127747607963708,1.1028373097491773,1.152657906178239
kp10,3.441080566,8211612759.180738,1.0465116278802198,1.0181684159046824,1.0748548398557571
kp10,3.441080566,11998974876.327753,1.0614684120948918,1.0261780593942167,1.096758764795567
kp10,3.441080566,17738904228.91454,1.0353327855560426,0.9937213778140217,1.0769441932980635
kp10,3.441080566,25816761637.74076,0.9951338199564075,0.9459875174445188,1.0442801224682963
kp10,3.441080566,38001975926.25938,1.0069565217318373,0.947672123046425,1.0662409204172494
kp10,3.441080566,56220050968.712715,0.9915014164213639,0.9167103670721176,1.06629246577061
kp10,3.441080566,81591555536.869,0.9055118110228296,0.8230911631709282,0.987932458874731
kp10,3.441080566,120604310324.10301,1.064102564117969,0.9454450946052141,1.182760033630724
kp10,3.441080566,175769937782.71973,0.9438202246886594,0.800245601675406,1.0873948477019129
kp10,3.441080566,265249325370.85263,1.0,0.8285014148569466,1.1714985851430535
kp10,3.441080566,378855332979.1219,0.9705882352874842,0.7334093652249759,1.2077671053499923
kp10,3.441080566,548255908848.8078,1.0370370370136615,0.757322708328584,1.3167513656987389
kp10,3.441080566,804396359649.6837,0.8421052631673357,0.5563701505218468,1.1278403758128246
kp10,3.441080566,1157615492866.7854,1.1428571428536651,0.551372377705444,1.7343419080018863
kp10,3.441080566,1731786245538.428,0.8888888888489164,0.45696652629575096,1.3208112514020818
kp1,8.519850605,119809871.45260327,3.689365387208112,3.67483890777404,3.7038918666421834
kp1,8.519850605,176497653.51771295,3.815878219208806,3.7972713358554735,3.8344851025621383
kp1,8.519850605,259028424.66234425,3.9722457746480524,3.948619069555365,3.99587247974074
kp1,8.519850605,380512850.24409646,4.15046574862215,4.11959911444451,4.1813323827997895
kp1,8.519850605,558150136.8375481,4.415524796500769,4.374741971858767,4.456307621142771
kp1,8.519850605,819316655.9417634,4.569352707963708,4.5164240186217395,4.622281397305677
kp1,8.519850605,1202403629.4588885,4.810273850045499,4.7395454447625625,4.881002255328436
kp1,8.519850605,1758759260.2349389,5.047096215059755,4.953190195629728,5.141002234489782
kp1,8.519850605,2582189638.751536,5.348039215604788,5.219035562618925,5.477042868590652
kp1,8.519850605,3787011558.485888,5.62520593078817,5.449995660093919,5.800416201482422
kp1,8.519850605,5565971801.918526,5.972181551983807,5.725270521118107,6.219092582849507
kp1,8.519850605,8157587256.39833,6.24421593837367,5.9032116427690955,6.585220233978244
kp1,8.519850605,11953571097.853817,6.545893719608909,6.057404881999937,7.034382557217881
kp1,8.519850605,17580998019.203457,6.999999999836145,6.26620061417831,7.73379938549398
kp1,8.519850605,25524774707.008934,5.140845070396336,4.474034994298592,5.80765514649408
kp1,8.519850605,38134346291.154564,5.562499999948411,4.494442384322213,6.630557615574609
kp1,8.519850605,55347107741.36182,6.538461538602705,4.591275386685174,8.485647690520237
kp1,8.519850605,80834853115.74753,6.000000000068163,3.1017246507848952,8.898275349351431
kp1,8.519850605,115778180053.60184,5.50000000001065,2.5104348142886135,8.489565185732687
kp10,8.519850605,119656422.8666772,2.0068425482526107,1.9982634923858897,2.015421604119332
kp10,8.519850605,176257706.25750092,1.8970402607459895,1.8868647978914233,1.9072157236005558
kp10,8.519850605,258594193.9990168,1.7992199423551336,1.7872891455087465,1.8111507392015207
kp10,8.519850605,379877423.00949264,1.7074475197162875,1.6930935735987096,1.7218014658338654
kp10,8.519850605,557391117.2026559,1.599012311324917,1.5820104708973688,1.6160141517524653
kp10,8.519850605,817911014.0090564,1.4983487450585329,1.4780488205810474,1.5186486695360184
kp10,8.519850605,1200465781.8140066,1.392876320038844,1.3684517420962572,1.417300897981431
kp10,8.519850605,1756953322.628431,1.3279399017615645,1.2980534544072393,1.3578263491158897
kp10,8.519850605,2574040979.671481,1.2196078431334878,1.1831800261516192,1.2560356601153564
kp10,8.519850605,3779077421.530963,1.128500823749823,1.0840194175602273,1.1729822299394188
kp10,8.519850605,5565031773.136928,1.0849194729059817,1.0273711007941708,1.1424678450177925
kp10,8.519850605,8139534725.900622,1.0,0.928296526062637,1.071703473937363
kp10,8.519850605,11876174412.961357,1.053140096592905,0.9509362612493858,1.1553439319364243
kp10,8.519850605,17519824200.311417,1.0,0.8613249509502761,1.138675049049724
kp10,8.519850605,25423913894.449745,0.9295774647958313,0.77063324888197,1.0885216807096925
kp10,8.519850605,37839437474.04528,0.8437500000158094,0.6232630345177551,1.0642369655138635
kp10,8.519850605,53978457511.75998,1.0,0.6077677297125015,1.3922322702874985
kp10,8.519850605,82087706347.06877,1.6000000000068164,0.6878596599207307,2.512140340092902
kp10,8.519850605,112071850643.10187,1.0,0.2928932188285147,1.7071067811714853
kp1,10.51901923,119760329.70036656,6.168436012944131,6.137578685512865,6.199293340375397
kp1,10.51901923,176328508.01859626,6.545213600721956,6.503713804111194,6.586713397332718
kp1,10.51901923,258630022.2350336,7.031956653986174,6.976075482600907,7.087837825371441
kp1,10.51901923,380155475.9384436,7.485190279435402,7.408873615010675,7.561506943860129
kp1,10.51901923,557547861.7586789,7.9975928990701,7.893545799790666,8.101639998349533
kp1,10.51901923,817571591.9859035,8.589915101555437,8.444337504455836,8.735492698655039
kp1,10.51901923,1196947408.5394673,9.494236975509358,9.279910564667073,9.708563386351642
kp1,10.51901923,1755748472.6917121,10.219155844608862,9.914097964708874,10.524213724508849
kp1,10.51901923,2573165067.3837314,10.731914893615478,10.309315856293628,11.154513930937329
kp1,10.51901923,3790134137.0206165,12.033802816889915,11.369107158361016,12.698498475418814
kp1,10.51901923,5515437534.274145,11.67839195971164,10.815816551241625,12.540967368181654
kp1,10.51901923,8188826492.701281,12.85567010285281,11.500557888921675,14.210782316783947
kp1,10.51901923,11992185189.74656,13.260869565261686,11.233279803178805,15.288459327344567
kp1,10.51901923,17547072116.9726,21.307692308493937,15.260916665177337,27.354467951810538
kp1,10.51901923,25903518575.868904,10.384615385043928,7.368953038025692,13.400277732062163
kp1,10.51901923,39268853073.09662,13.000000000063903,6.254631218550262,19.745368781577543
kp1,10.51901923,56860511087.0487,12.500000000213012,3.3144134642137075,21.685586536212316
kp10,10.51901923,119511303.21428142,2.286870949061077,2.2741484998562225,2.299593398265931
kp10,10.51901923,175936956.12649906,2.152258064500064,2.136876293519835,2.1676398354802933
kp10,10.51901923,257989432.44063324,2.0296345441442742,2.011196248441012,2.0480728398475363
kp10,10.51901923,379334749.8583686,1.8549289316557025,1.8328921355482968,1.8769657277631082
kp10,10.51901923,556183320.2134438,1.695652173881276,1.6694288660648247,1.7218754816977273
kp10,10.51901923,816284879.3213159,1.5912014407125417,1.5586323300667684,1.623770551358315
kp10,10.51901923,1191598469.1390576,1.4942369755879223,1.452784657694326,1.5356892934815187
kp10,10.51901923,1752720876.5608103,1.334415584430629,1.2841316460253236,1.3846995228359342
kp10,10.51901923,2567125784.3021803,1.236879432615885,1.1742338556220644,1.2995250096097055
kp10,10.51901923,3774257414.586988,1.205633802798985,1.1190851651781648,1.2921824404198052
kp10,10.51901923,5478207380.734965,1.0,0.8997490585765748,1.1002509414234252
kp10,10.51901923,8191508413.398014,0.9793814432772355,0.8380122383188537,1.1207506482356173
kp10,10.51901923,12039703285.22227,1.0217391304400174,0.8098280548985044,1.2336502059815304
kp10,10.51901923,17733843601.04481,1.1538461538864873,0.7166164922831836,1.5910758154897908
kp10,10.51901923,26241115512.571526,0.6923076923581092,0.3921029374527146,0.9925124472635038
kp10,10.51901923,41191281691.44065,1.0,0.2928932188285147,1.7071067811714853
kp10,10.51901923,58287854459.80767,1.0,-4.7718495821413853e-11,2.0000000000477183
kp1,14.3318146,119284749.27450998,23.60280929286124,23.35232183381923,23.853296751903255
kp1,14.3318146,175859090.73747116,26.121658271744202,25.751191303271856,26.49212524021655
kp1,14.3318146,257743878.2362389,30.838475499363664,30.24149275113688,31.435458247590446
kp1,14.3318146,378786284.3555726,33.07382992789592,32.21192387680851,33.93573597898333
kp1,14.3318146,555496258.2678796,36.64698646941705,35.34430279619209,37.94967014264201
kp1,14.3318146,816232596.2793605,41.13317191225647,39.084685195327936,43.18165862918501
kp1,14.3318146,1189126376.274246,50.951086954061694,47.15824160955498,54.74393229856841
kp1,14.3318146,1743353484.2081578,47.890000001156224,43.05125832576935,52.728741676543095
kp1,14.3318146,2551887307.609055,74.09090908992326,61.106590203850416,87.0752279759961
kp1,14.3318146,3829112555.691347,53.33333333495628,41.586443618905975,65.08022305100658
kp1,14.3318146,5087299534.418468,516.000000009202,-0.49975798640571156,1032.4997580048098
kp1,14.3318146,8304642443.791365,46.9999999999361,23.25131582639011,70.74868417348209
kp1,14.3318146,12252153184.372187,37.500000000639034,10.63226842369344,64.36773157758464
kp1,14.3318146,16061305136.24886,25.000000000426024,-0.49509756797236193,50.495097568824406
kp10,14.3318146,118960340.96672471,3.248622366388464,3.210004749564199,3.2872399832127295
kp10,14.3318146,175289883.462824,2.9054629988466005,2.8585778889609994,2.9523481087322017
kp10,14.3318146,256553910.7146784,2.707441016371489,2.6470800998402213,2.7678019329027563
kp10,14.3318146,377145071.66033655,2.294001318458503,2.223423874551554,2.3645787623654515
kp10,14.3318146,553495399.0607444,1.9692496925367706,1.8844433213405734,2.054056063732968
kp10,14.3318146,812761095.7267032,1.8062953995308741,1.6955091005416552,1.9170816985200931
kp10,14.3318146,1178464791.5828812,1.771739130376899,1.6083710697280198,1.9351071910257782
kp10,14.3318146,1746063950.2103555,1.3100000000025562,1.1360431087872296,1.4839568912178829
kp10,14.3318146,2543955035.9506316,1.181818181808793,0.9022886855247313,1.4613476780928547
kp10,14.3318146,3863856511.5306935,0.7619047619279469,0.5090728369375473,1.0147366869183463
kp10,14.3318146,4958520891.89335,4.000000000085205,-0.47213595499058414,8.472135955160994
kp10,14.3318146,8101826477.357094,0.4999999999893494,0.06698729809565318,0.9330127018830456
kp10,14.3318146,12691413759.355986,1.5000000000426021,0.13069360619412462,2.8693063938910797
kp10,14.3318146,15697145324.540194,2.0,-0.44948974282214005,4.44948974282214
kp1,19.40664523,118159179.93158346,269.6699266540715,256.3109064360358,283.0289468721072
kp1,19.40664523,174873078.65634817,357.928994092139,330.3575598347497,385.50042834952836
kp1,19.40664523,258505132.36196816,437.7142857171185,387.7751656132479,487.6534058209891
kp1,19.40664523,374454644.3951107,564.8333333195208,461.6181006335152,668.0485660055263
kp1,19.40664523,563495810.4545076,473.9999999896808,362.1593395257588,585.8406604536028
kp1,19.40664523,816236325.670609,798.399999998255,441.1211285248012,1155.6788714717088
kp1,19.40664523,1173128299.5033782,551.9999999822775,233.01410688315354,870.9858930814014
kp10,19.40664523,117616257.35983698,6.0488997555125295,5.726022683042506,6.371776827982553
kp10,19.40664523,173789748.16806212,5.360946745659981,4.91174826977064,5.810145221549322
kp10,19.40664523,256014338.8461475,4.285714285714286,3.7433162765934616,4.828112294835109
kp10,19.40664523,370416205.18946767,4.1999999999886395,3.3467708396997935,5.0532291602774855
kp10,19.40664523,561006269.6660264,2.2777777777961865,1.6337432125197915,2.9218123430725815
kp10,19.40664523,816055758.9110098,2.2000000000136324,1.0134082420657278,3.386591757961537
kp10,19.40664523,1170336723.8025265,1.6666666666477326,0.44950542774741287,2.8838279055480522
