model,target_mass_msun,bin_index,r_over_r200m,rho_msun_kpc3_median,rho_msun_kpc3_p16_bootstrap_median,rho_msun_kpc3_p84_bootstrap_median,nhalo,n_bootstrap,power_radius_over_r200m,kappa_threshold,reference_overdensity_crit,source_cache
BT_deep,10000000000,0,0.01122018454,14097644.16,12531808.13,16020313.87,100,160,0.06552444611,0.6,63,BTdeep_M1e+10_N100_B160_all.npz
BT_deep,10000000000,1,0.01412537545,12491095.72,11424594.21,14279957.75,100,160,0.06552444611,0.6,63,BTdeep_M1e+10_N100_B160_all.npz
BT_deep,10000000000,2,0.0177827941,11862766.55,10409502.44,12571028.67,100,160,0.06552444611,0.6,63,BTdeep_M1e+10_N100_B160_all.npz
BT_deep,10000000000,3,0.02238721139,10402193.32,10072255,10777325.77,100,160,0.06552444611,0.6,63,BTdeep_M1e+10_N100_B160_all.npz
BT_deep,10000000000,4,0.02818382931,8092541.782,7742658.315,8374413.039,100,160,0.06552444611,0.6,63,BTdeep_M1e+10_N100_B160_all.npz
BT_deep,10000000000,5,0.03548133892,5507246.652,5369965.48,5872779.126,100,160,0.06552444611,0.6,63,BTdeep_M1e+10_N100_B160_all.npz
BT_deep,10000000000,6,0.04466835922,3764680.971,3690548.327,3872629.806,100,160,0.06552444611,0.6,63,BTdeep_M1e+10_N100_B160_all.npz
BT_deep,10000000000,7,0.05623413252,2273012.806,2244240.785,2301990.329,100,160,0.06552444611,0.6,63,BTdeep_M1e+10_N100_B160_all.npz
BT_deep,10000000000,8,0.07079457844,1361081.334,1343438.261,1373570.791,100,160,0.06552444611,0.6,63,BTdeep_M1e+10_N100_B160_all.npz
BT_deep,10000000000,9,0.08912509381,801632.4545,788926.9783,815067.6354,100,160,0.06552444611,0.6,63,BTdeep_M1e+10_N100_B160_all.npz
BT_deep,10000000000,10,0.1122018454,450721.7855,444552.0522,453756.3631,100,160,0.06552444611,0.6,63,BTdeep_M1e+10_N100_B160_all.npz
BT_deep,10000000000,11,0.1412537545,259255.196,254522.013,264444.4947,100,160,0.06552444611,0.6,63,BTdeep_M1e+10_N100_B160_all.npz
BT_deep,10000000000,12,0.177827941,143960.7284,141371.1562,146461.8325,100,160,0.06552444611,0.6,63,BTdeep_M1e+10_N100_B160_all.npz
BT_deep,10000000000,13,0.2238721139,79144.87869,77576.18324,79643.39964,100,160,0.06552444611,0.6,63,BTdeep_M1e+10_N100_B160_all.npz
BT_deep,10000000000,14,0.2818382931,41381.6493,40815.42725,41922.35227,100,160,0.06552444611,0.6,63,BTdeep_M1e+10_N100_B160_all.npz
BT_deep,10000000000,15,0.3548133892,21279.58196,20786.47933,21580.11538,100,160,0.06552444611,0.6,63,BTdeep_M1e+10_N100_B160_all.npz
BT_deep,10000000000,16,0.4466835922,10415.68148,10274.05304,10577.84757,100,160,0.06552444611,0.6,63,BTdeep_M1e+10_N100_B160_all.npz
BT_deep,10000000000,17,0.5623413252,5352.468272,5250.316609,5397.736765,100,160,0.06552444611,0.6,63,BTdeep_M1e+10_N100_B160_all.npz
BT_deep,10000000000,18,0.7079457844,2624.100384,2566.69374,2720.880872,100,160,0.06552444611,0.6,63,BTdeep_M1e+10_N100_B160_all.npz
BT_deep,10000000000,19,0.8912509381,1353.056463,1275.470275,1380.073291,100,160,0.06552444611,0.6,63,BTdeep_M1e+10_N100_B160_all.npz
BT_deep,31622776601.6838,0,0.01122018454,9926585.303,8616812.534,10523869.66,100,160,0.04215752574,0.6,63,BTdeep_M3e+10_N100_B160_all.npz
BT_deep,31622776601.6838,1,0.01412537545,10529649.05,10055398.68,11361393.08,100,160,0.04215752574,0.6,63,BTdeep_M3e+10_N100_B160_all.npz
BT_deep,31622776601.6838,2,0.0177827941,10351999.06,8945069.041,10701750.75,100,160,0.04215752574,0.6,63,BTdeep_M3e+10_N100_B160_all.npz
BT_deep,31622776601.6838,3,0.02238721139,9248642.996,8885403.108,9818828.253,100,160,0.04215752574,0.6,63,BTdeep_M3e+10_N100_B160_all.npz
BT_deep,31622776601.6838,4,0.02818382931,7034777.417,6761934.542,7448138.508,100,160,0.04215752574,0.6,63,BTdeep_M3e+10_N100_B160_all.npz
BT_deep,31622776601.6838,5,0.03548133892,4658846.071,4450045.232,4978612.279,100,160,0.04215752574,0.6,63,BTdeep_M3e+10_N100_B160_all.npz
BT_deep,31622776601.6838,6,0.04466835922,3067228.342,3035254.68,3224441.782,100,160,0.04215752574,0.6,63,BTdeep_M3e+10_N100_B160_all.npz
BT_deep,31622776601.6838,7,0.05623413252,1973342.758,1934193.881,1996372.907,100,160,0.04215752574,0.6,63,BTdeep_M3e+10_N100_B160_all.npz
BT_deep,31622776601.6838,8,0.07079457844,1210031.529,1183800.385,1227890.159,100,160,0.04215752574,0.6,63,BTdeep_M3e+10_N100_B160_all.npz
BT_deep,31622776601.6838,9,0.08912509381,715619.6424,694263.073,728955.3249,100,160,0.04215752574,0.6,63,BTdeep_M3e+10_N100_B160_all.npz
BT_deep,31622776601.6838,10,0.1122018454,431786.9623,420614.1198,440656.4272,100,160,0.04215752574,0.6,63,BTdeep_M3e+10_N100_B160_all.npz
BT_deep,31622776601.6838,11,0.1412537545,245509.3738,241572.1061,249641.992,100,160,0.04215752574,0.6,63,BTdeep_M3e+10_N100_B160_all.npz
BT_deep,31622776601.6838,12,0.177827941,140794.0814,137882.6412,141940.799,100,160,0.04215752574,0.6,63,BTdeep_M3e+10_N100_B160_all.npz
BT_deep,31622776601.6838,13,0.2238721139,77745.41565,76351.68888,78272.07924,100,160,0.04215752574,0.6,63,BTdeep_M3e+10_N100_B160_all.npz
BT_deep,31622776601.6838,14,0.2818382931,41727.45104,40880.96776,42568.73673,100,160,0.04215752574,0.6,63,BTdeep_M3e+10_N100_B160_all.npz
BT_deep,31622776601.6838,15,0.3548133892,21766.37711,21535.80163,22446.21884,100,160,0.04215752574,0.6,63,BTdeep_M3e+10_N100_B160_all.npz
BT_deep,31622776601.6838,16,0.4466835922,11774.9726,11544.50017,11916.81523,100,160,0.04215752574,0.6,63,BTdeep_M3e+10_N100_B160_all.npz
BT_deep,31622776601.6838,17,0.5623413252,5866.473803,5837.348744,6021.135516,100,160,0.04215752574,0.6,63,BTdeep_M3e+10_N100_B160_all.npz
BT_deep,31622776601.6838,18,0.7079457844,2897.585376,2853.416409,2978.157105,100,160,0.04215752574,0.6,63,BTdeep_M3e+10_N100_B160_all.npz
BT_deep,31622776601.6838,19,0.8912509381,1439.796823,1417.776997,1475.632051,100,160,0.04215752574,0.6,63,BTdeep_M3e+10_N100_B160_all.npz
BT_deep,100000000000,0,0.01122018454,7662218.109,5764478.724,9274777.893,100,160,0.02816649575,0.6,63,BTdeep_M1e+11_N100_B160_all.npz
BT_deep,100000000000,1,0.01412537545,7492929.792,6187262.383,8374903.338,100,160,0.02816649575,0.6,63,BTdeep_M1e+11_N100_B160_all.npz
BT_deep,100000000000,2,0.0177827941,7922301.591,6171082.425,8789120.683,100,160,0.02816649575,0.6,63,BTdeep_M1e+11_N100_B160_all.npz
BT_deep,100000000000,3,0.02238721139,7290060.339,5950793.463,7934312.663,100,160,0.02816649575,0.6,63,BTdeep_M1e+11_N100_B160_all.npz
BT_deep,100000000000,4,0.02818382931,6160115.759,5702387.114,6309786.305,100,160,0.02816649575,0.6,63,BTdeep_M1e+11_N100_B160_all.npz
BT_deep,100000000000,5,0.03548133892,4272212.362,4158783.057,4526210.494,100,160,0.02816649575,0.6,63,BTdeep_M1e+11_N100_B160_all.npz
BT_deep,100000000000,6,0.04466835922,2903343.219,2847899.954,2949617.724,100,160,0.02816649575,0.6,63,BTdeep_M1e+11_N100_B160_all.npz
BT_deep,100000000000,7,0.05623413252,1848516.302,1804664.469,1902410.754,100,160,0.02816649575,0.6,63,BTdeep_M1e+11_N100_B160_all.npz
BT_deep,100000000000,8,0.07079457844,1152889.65,1145541.6,1189700.325,100,160,0.02816649575,0.6,63,BTdeep_M1e+11_N100_B160_all.npz
BT_deep,100000000000,9,0.08912509381,706700.59,696623.431,725353.1641,100,160,0.02816649575,0.6,63,BTdeep_M1e+11_N100_B160_all.npz
BT_deep,100000000000,10,0.1122018454,424607.9036,420671.2744,429017.6498,100,160,0.02816649575,0.6,63,BTdeep_M1e+11_N100_B160_all.npz
BT_deep,100000000000,11,0.1412537545,241793.7803,239213.6271,242884.5623,100,160,0.02816649575,0.6,63,BTdeep_M1e+11_N100_B160_all.npz
BT_deep,100000000000,12,0.177827941,138463.6617,137838.5792,140954.5982,100,160,0.02816649575,0.6,63,BTdeep_M1e+11_N100_B160_all.npz
BT_deep,100000000000,13,0.2238721139,78524.76917,77325.01202,80136.75515,100,160,0.02816649575,0.6,63,BTdeep_M1e+11_N100_B160_all.npz
BT_deep,100000000000,14,0.2818382931,42858.75382,42634.27632,43163.67591,100,160,0.02816649575,0.6,63,BTdeep_M1e+11_N100_B160_all.npz
BT_deep,100000000000,15,0.3548133892,22979.60408,22666.78387,23268.92048,100,160,0.02816649575,0.6,63,BTdeep_M1e+11_N100_B160_all.npz
BT_deep,100000000000,16,0.4466835922,11883.41248,11706.47084,12172.26,100,160,0.02816649575,0.6,63,BTdeep_M1e+11_N100_B160_all.npz
BT_deep,100000000000,17,0.5623413252,6002.672554,5922.395104,6240.700938,100,160,0.02816649575,0.6,63,BTdeep_M1e+11_N100_B160_all.npz
BT_deep,100000000000,18,0.7079457844,3013.707544,2963.856834,3099.994305,100,160,0.02816649575,0.6,63,BTdeep_M1e+11_N100_B160_all.npz
BT_deep,100000000000,19,0.8912509381,1502.513394,1471.451148,1561.357059,100,160,0.02816649575,0.6,63,BTdeep_M1e+11_N100_B160_all.npz
BT_deep,316227766016.838,0,0.01122018454,6574218.684,5563779.06,7039031.039,98,160,0.01907812377,0.6,63,BTdeep_M3e+11_N100_B160_all.npz
BT_deep,316227766016.838,1,0.01412537545,6162018.796,5375328.207,7296810.392,98,160,0.01907812377,0.6,63,BTdeep_M3e+11_N100_B160_all.npz
BT_deep,316227766016.838,2,0.0177827941,6327109.454,5655389.282,7357585.034,98,160,0.01907812377,0.6,63,BTdeep_M3e+11_N100_B160_all.npz
BT_deep,316227766016.838,3,0.02238721139,6484951.832,5554475.596,7115520.024,98,160,0.01907812377,0.6,63,BTdeep_M3e+11_N100_B160_all.npz
BT_deep,316227766016.838,4,0.02818382931,5794325.406,5558202.428,6069374.694,98,160,0.01907812377,0.6,63,BTdeep_M3e+11_N100_B160_all.npz
BT_deep,316227766016.838,5,0.03548133892,4174462.588,4101239.715,4397538.416,98,160,0.01907812377,0.6,63,BTdeep_M3e+11_N100_B160_all.npz
BT_deep,316227766016.838,6,0.04466835922,2800498.079,2679053.541,2886983,98,160,0.01907812377,0.6,63,BTdeep_M3e+11_N100_B160_all.npz
BT_deep,316227766016.838,7,0.05623413252,1801087.35,1756205.885,1820415.811,98,160,0.01907812377,0.6,63,BTdeep_M3e+11_N100_B160_all.npz
BT_deep,316227766016.838,8,0.07079457844,1132099.952,1097928.528,1151336.473,98,160,0.01907812377,0.6,63,BTdeep_M3e+11_N100_B160_all.npz
BT_deep,316227766016.838,9,0.08912509381,687472.1073,669515.0999,691729.9553,98,160,0.01907812377,0.6,63,BTdeep_M3e+11_N100_B160_all.npz
BT_deep,316227766016.838,10,0.1122018454,406402.1464,402619.7178,414087.2397,98,160,0.01907812377,0.6,63,BTdeep_M3e+11_N100_B160_all.npz
BT_deep,316227766016.838,11,0.1412537545,239623.2088,237356.2717,242224.0151,98,160,0.01907812377,0.6,63,BTdeep_M3e+11_N100_B160_all.npz
BT_deep,316227766016.838,12,0.177827941,138360.3473,136524.6443,139156.8267,98,160,0.01907812377,0.6,63,BTdeep_M3e+11_N100_B160_all.npz
BT_deep,316227766016.838,13,0.2238721139,78396.35593,77567.03261,78707.98554,98,160,0.01907812377,0.6,63,BTdeep_M3e+11_N100_B160_all.npz
BT_deep,316227766016.838,14,0.2818382931,43138.73215,42198.75351,43735.73888,98,160,0.01907812377,0.6,63,BTdeep_M3e+11_N100_B160_all.npz
BT_deep,316227766016.838,15,0.3548133892,22470.97384,22254.01279,22686.77879,98,160,0.01907812377,0.6,63,BTdeep_M3e+11_N100_B160_all.npz
BT_deep,316227766016.838,16,0.4466835922,12022.01881,11932.17038,12127.42582,98,160,0.01907812377,0.6,63,BTdeep_M3e+11_N100_B160_all.npz
BT_deep,316227766016.838,17,0.5623413252,6110.366984,6007.892364,6198.415276,98,160,0.01907812377,0.6,63,BTdeep_M3e+11_N100_B160_all.npz
BT_deep,316227766016.838,18,0.7079457844,3159.283268,3100.560669,3234.972729,98,160,0.01907812377,0.6,63,BTdeep_M3e+11_N100_B160_all.npz
BT_deep,316227766016.838,19,0.8912509381,1554.227621,1536.479502,1604.209844,98,160,0.01907812377,0.6,63,BTdeep_M3e+11_N100_B160_all.npz
BT_soft,10000000000,0,0.01122018454,33239269.46,31538782.16,37102336.06,100,160,0.06156820014,0.6,63,BTsoft_M1e+10_N100_B160_all.npz
BT_soft,10000000000,1,0.01412537545,29235879.5,27183237,30671711.58,100,160,0.06156820014,0.6,63,BTsoft_M1e+10_N100_B160_all.npz
BT_soft,10000000000,2,0.0177827941,26576970.89,24306145.26,27305500.7,100,160,0.06156820014,0.6,63,BTsoft_M1e+10_N100_B160_all.npz
BT_soft,10000000000,3,0.02238721139,19292549.27,18099929.78,20264024.39,100,160,0.06156820014,0.6,63,BTsoft_M1e+10_N100_B160_all.npz
BT_soft,10000000000,4,0.02818382931,12701358.14,12211431.84,13759103.83,100,160,0.06156820014,0.6,63,BTsoft_M1e+10_N100_B160_all.npz
BT_soft,10000000000,5,0.03548133892,8319008.14,8123546.292,8519248.729,100,160,0.06156820014,0.6,63,BTsoft_M1e+10_N100_B160_all.npz
BT_soft,10000000000,6,0.04466835922,4886944.262,4809650.103,5013131.108,100,160,0.06156820014,0.6,63,BTsoft_M1e+10_N100_B160_all.npz
BT_soft,10000000000,7,0.05623413252,2978329.178,2919842.489,3013523.806,100,160,0.06156820014,0.6,63,BTsoft_M1e+10_N100_B160_all.npz
BT_soft,10000000000,8,0.07079457844,1703936.017,1642370.894,1724595.515,100,160,0.06156820014,0.6,63,BTsoft_M1e+10_N100_B160_all.npz
BT_soft,10000000000,9,0.08912509381,951043.3092,942423.4306,963902.873,100,160,0.06156820014,0.6,63,BTsoft_M1e+10_N100_B160_all.npz
BT_soft,10000000000,10,0.1122018454,531171.0964,520625.8595,540491.8771,100,160,0.06156820014,0.6,63,BTsoft_M1e+10_N100_B160_all.npz
BT_soft,10000000000,11,0.1412537545,284147.8931,276965.6032,285962.5588,100,160,0.06156820014,0.6,63,BTsoft_M1e+10_N100_B160_all.npz
BT_soft,10000000000,12,0.177827941,144900.5111,143270.2689,146529.6845,100,160,0.06156820014,0.6,63,BTsoft_M1e+10_N100_B160_all.npz
BT_soft,10000000000,13,0.2238721139,75029.69429,73841.66467,76052.71531,100,160,0.06156820014,0.6,63,BTsoft_M1e+10_N100_B160_all.npz
BT_soft,10000000000,14,0.2818382931,37648.38981,36541.21048,38282.72022,100,160,0.06156820014,0.6,63,BTsoft_M1e+10_N100_B160_all.npz
BT_soft,10000000000,15,0.3548133892,18435.07664,18205.00966,18610.4579,100,160,0.06156820014,0.6,63,BTsoft_M1e+10_N100_B160_all.npz
BT_soft,10000000000,16,0.4466835922,8796.631057,8488.501349,8901.142812,100,160,0.06156820014,0.6,63,BTsoft_M1e+10_N100_B160_all.npz
BT_soft,10000000000,17,0.5623413252,4231.365126,4171.990398,4339.433676,100,160,0.06156820014,0.6,63,BTsoft_M1e+10_N100_B160_all.npz
BT_soft,10000000000,18,0.7079457844,1923.551423,1854.387131,1997.077367,100,160,0.06156820014,0.6,63,BTsoft_M1e+10_N100_B160_all.npz
BT_soft,10000000000,19,0.8912509381,959.5624264,912.3561836,1003.633128,100,160,0.06156820014,0.6,63,BTsoft_M1e+10_N100_B160_all.npz
BT_soft,31622776601.6838,0,0.01122018454,38033302.51,33056574.65,40237668.63,100,160,0.03775877015,0.6,63,BTsoft_M3e+10_N100_B160_all.npz
BT_soft,31622776601.6838,1,0.01412537545,31004616.74,28282484.71,34829401.05,100,160,0.03775877015,0.6,63,BTsoft_M3e+10_N100_B160_all.npz
BT_soft,31622776601.6838,2,0.0177827941,25768656.65,23413538.42,26460988.07,100,160,0.03775877015,0.6,63,BTsoft_M3e+10_N100_B160_all.npz
BT_soft,31622776601.6838,3,0.02238721139,18339413.88,16973479.4,18643861.31,100,160,0.03775877015,0.6,63,BTsoft_M3e+10_N100_B160_all.npz
BT_soft,31622776601.6838,4,0.02818382931,12072141.38,11584237.29,12347698.72,100,160,0.03775877015,0.6,63,BTsoft_M3e+10_N100_B160_all.npz
BT_soft,31622776601.6838,5,0.03548133892,7746218.051,7594297.304,7796809.58,100,160,0.03775877015,0.6,63,BTsoft_M3e+10_N100_B160_all.npz
BT_soft,31622776601.6838,6,0.04466835922,4740476.539,4655090.012,4784519.332,100,160,0.03775877015,0.6,63,BTsoft_M3e+10_N100_B160_all.npz
BT_soft,31622776601.6838,7,0.05623413252,2759644.804,2685790.217,2828628.304,100,160,0.03775877015,0.6,63,BTsoft_M3e+10_N100_B160_all.npz
BT_soft,31622776601.6838,8,0.07079457844,1593575.711,1569986.058,1620597.374,100,160,0.03775877015,0.6,63,BTsoft_M3e+10_N100_B160_all.npz
BT_soft,31622776601.6838,9,0.08912509381,906984.049,895616.0116,919547.9626,100,160,0.03775877015,0.6,63,BTsoft_M3e+10_N100_B160_all.npz
BT_soft,31622776601.6838,10,0.1122018454,506040.7475,501724.0062,509653.0742,100,160,0.03775877015,0.6,63,BTsoft_M3e+10_N100_B160_all.npz
BT_soft,31622776601.6838,11,0.1412537545,274752.1384,269731.52,279278.7776,100,160,0.03775877015,0.6,63,BTsoft_M3e+10_N100_B160_all.npz
BT_soft,31622776601.6838,12,0.177827941,147957.1259,146667.8037,150184.5768,100,160,0.03775877015,0.6,63,BTsoft_M3e+10_N100_B160_all.npz
BT_soft,31622776601.6838,13,0.2238721139,77609.87028,76832.89848,78087.07916,100,160,0.03775877015,0.6,63,BTsoft_M3e+10_N100_B160_all.npz
BT_soft,31622776601.6838,14,0.2818382931,39637.59362,38976.77245,39948.22699,100,160,0.03775877015,0.6,63,BTsoft_M3e+10_N100_B160_all.npz
BT_soft,31622776601.6838,15,0.3548133892,19344.19609,19121.8402,19649.94686,100,160,0.03775877015,0.6,63,BTsoft_M3e+10_N100_B160_all.npz
BT_soft,31622776601.6838,16,0.4466835922,9282.182158,9185.944177,9491.007266,100,160,0.03775877015,0.6,63,BTsoft_M3e+10_N100_B160_all.npz
BT_soft,31622776601.6838,17,0.5623413252,4451.038324,4355.437347,4550.205199,100,160,0.03775877015,0.6,63,BTsoft_M3e+10_N100_B160_all.npz
BT_soft,31622776601.6838,18,0.7079457844,2031.669652,1994.366316,2138.540507,100,160,0.03775877015,0.6,63,BTsoft_M3e+10_N100_B160_all.npz
BT_soft,31622776601.6838,19,0.8912509381,1006.220943,964.6494301,1050.82542,100,160,0.03775877015,0.6,63,BTsoft_M3e+10_N100_B160_all.npz
BT_soft,100000000000,0,0.01122018454,12087627.83,10480516.22,14322675.71,100,160,0.02554813873,0.6,63,BTsoft_M1e+11_N100_B160_all.npz
BT_soft,100000000000,1,0.01412537545,12757037.13,11872543.2,15707065.64,100,160,0.02554813873,0.6,63,BTsoft_M1e+11_N100_B160_all.npz
BT_soft,100000000000,2,0.0177827941,13881926.82,11221042.51,16296199.84,100,160,0.02554813873,0.6,63,BTsoft_M1e+11_N100_B160_all.npz
BT_soft,100000000000,3,0.02238721139,12793521.69,11332542.47,15011916.16,100,160,0.02554813873,0.6,63,BTsoft_M1e+11_N100_B160_all.npz
BT_soft,100000000000,4,0.02818382931,9502740.679,8888835.364,9983403.955,100,160,0.02554813873,0.6,63,BTsoft_M1e+11_N100_B160_all.npz
BT_soft,100000000000,5,0.03548133892,6325695.365,6177982.713,6722412.334,100,160,0.02554813873,0.6,63,BTsoft_M1e+11_N100_B160_all.npz
BT_soft,100000000000,6,0.04466835922,4073003.75,3874805.84,4111925.28,100,160,0.02554813873,0.6,63,BTsoft_M1e+11_N100_B160_all.npz
BT_soft,100000000000,7,0.05623413252,2441452.214,2395690.01,2472900.006,100,160,0.02554813873,0.6,63,BTsoft_M1e+11_N100_B160_all.npz
BT_soft,100000000000,8,0.07079457844,1464442.776,1449278.226,1475385.705,100,160,0.02554813873,0.6,63,BTsoft_M1e+11_N100_B160_all.npz
BT_soft,100000000000,9,0.08912509381,838284.8691,831099.0889,847651.1083,100,160,0.02554813873,0.6,63,BTsoft_M1e+11_N100_B160_all.npz
BT_soft,100000000000,10,0.1122018454,471577.7741,465829.7559,478385.4656,100,160,0.02554813873,0.6,63,BTsoft_M1e+11_N100_B160_all.npz
BT_soft,100000000000,11,0.1412537545,264911.7565,262169.5472,267808.6669,100,160,0.02554813873,0.6,63,BTsoft_M1e+11_N100_B160_all.npz
BT_soft,100000000000,12,0.177827941,146613.6048,143897.4413,147236.164,100,160,0.02554813873,0.6,63,BTsoft_M1e+11_N100_B160_all.npz
BT_soft,100000000000,13,0.2238721139,77243.21998,76260.18569,77530.1956,100,160,0.02554813873,0.6,63,BTsoft_M1e+11_N100_B160_all.npz
BT_soft,100000000000,14,0.2818382931,39438.84497,39115.24598,39736.99053,100,160,0.02554813873,0.6,63,BTsoft_M1e+11_N100_B160_all.npz
BT_soft,100000000000,15,0.3548133892,19945.31722,19657.01067,20112.20792,100,160,0.02554813873,0.6,63,BTsoft_M1e+11_N100_B160_all.npz
BT_soft,100000000000,16,0.4466835922,10059.54905,9877.39119,10244.97303,100,160,0.02554813873,0.6,63,BTsoft_M1e+11_N100_B160_all.npz
BT_soft,100000000000,17,0.5623413252,5041.297058,4945.42149,5193.066689,100,160,0.02554813873,0.6,63,BTsoft_M1e+11_N100_B160_all.npz
BT_soft,100000000000,18,0.7079457844,2442.339939,2408.783676,2498.363724,100,160,0.02554813873,0.6,63,BTsoft_M1e+11_N100_B160_all.npz
BT_soft,100000000000,19,0.8912509381,1181.924694,1146.23752,1264.538981,100,160,0.02554813873,0.6,63,BTsoft_M1e+11_N100_B160_all.npz
BT_soft,316227766016.838,0,0.01122018454,6657936.712,5883229.714,8895317.341,100,160,0.0186606206,0.6,63,BTsoft_M3e+11_N100_B160_all.npz
BT_soft,316227766016.838,1,0.01412537545,7302636.793,5544101.391,10317438.55,100,160,0.0186606206,0.6,63,BTsoft_M3e+11_N100_B160_all.npz
BT_soft,316227766016.838,2,0.0177827941,7224960.776,6072248.079,10867933.9,100,160,0.0186606206,0.6,63,BTsoft_M3e+11_N100_B160_all.npz
BT_soft,316227766016.838,3,0.02238721139,7571798.733,6090436.278,11216201,100,160,0.0186606206,0.6,63,BTsoft_M3e+11_N100_B160_all.npz
BT_soft,316227766016.838,4,0.02818382931,7845571.06,6720521.098,8437483.856,100,160,0.0186606206,0.6,63,BTsoft_M3e+11_N100_B160_all.npz
BT_soft,316227766016.838,5,0.03548133892,5665594.888,5455591.994,5799191.974,100,160,0.0186606206,0.6,63,BTsoft_M3e+11_N100_B160_all.npz
BT_soft,316227766016.838,6,0.04466835922,3685380.754,3583886.254,3768048.799,100,160,0.0186606206,0.6,63,BTsoft_M3e+11_N100_B160_all.npz
BT_soft,316227766016.838,7,0.05623413252,2246268.67,2174075.02,2291018.649,100,160,0.0186606206,0.6,63,BTsoft_M3e+11_N100_B160_all.npz
BT_soft,316227766016.838,8,0.07079457844,1354912.807,1326582.316,1376686.414,100,160,0.0186606206,0.6,63,BTsoft_M3e+11_N100_B160_all.npz
BT_soft,316227766016.838,9,0.08912509381,788187.0076,777115.1494,807754.0188,100,160,0.0186606206,0.6,63,BTsoft_M3e+11_N100_B160_all.npz
BT_soft,316227766016.838,10,0.1122018454,462617.1197,450728.258,473401.3316,100,160,0.0186606206,0.6,63,BTsoft_M3e+11_N100_B160_all.npz
BT_soft,316227766016.838,11,0.1412537545,258895.0237,253722.0594,261752.3163,100,160,0.0186606206,0.6,63,BTsoft_M3e+11_N100_B160_all.npz
BT_soft,316227766016.838,12,0.177827941,140329.9444,139087.1674,142709.8908,100,160,0.0186606206,0.6,63,BTsoft_M3e+11_N100_B160_all.npz
BT_soft,316227766016.838,13,0.2238721139,75288.28446,74985.90728,76562.50396,100,160,0.0186606206,0.6,63,BTsoft_M3e+11_N100_B160_all.npz
BT_soft,316227766016.838,14,0.2818382931,40452.01583,39503.15726,40794.74596,100,160,0.0186606206,0.6,63,BTsoft_M3e+11_N100_B160_all.npz
BT_soft,316227766016.838,15,0.3548133892,21710.24009,21321.65366,22198.18449,100,160,0.0186606206,0.6,63,BTsoft_M3e+11_N100_B160_all.npz
BT_soft,316227766016.838,16,0.4466835922,11091.76859,10923.3618,11246.14063,100,160,0.0186606206,0.6,63,BTsoft_M3e+11_N100_B160_all.npz
BT_soft,316227766016.838,17,0.5623413252,5502.30468,5383.142494,5640.047303,100,160,0.0186606206,0.6,63,BTsoft_M3e+11_N100_B160_all.npz
BT_soft,316227766016.838,18,0.7079457844,2661.407782,2627.071161,2747.41995,100,160,0.0186606206,0.6,63,BTsoft_M3e+11_N100_B160_all.npz
BT_soft,316227766016.838,19,0.8912509381,1302.873769,1229.133389,1332.102724,100,160,0.0186606206,0.6,63,BTsoft_M3e+11_N100_B160_all.npz
PL,10000000000,0,0.01122018454,14041739.53,11780432.38,15213254.34,100,160,0.0672639591,0.6,63,PL_M1e+10_N100_B160_all.npz
PL,10000000000,1,0.01412537545,10018282.87,8297104.482,13022939.44,100,160,0.0672639591,0.6,63,PL_M1e+10_N100_B160_all.npz
PL,10000000000,2,0.0177827941,9247221.325,7537308.847,10914284.83,100,160,0.0672639591,0.6,63,PL_M1e+10_N100_B160_all.npz
PL,10000000000,3,0.02238721139,7239176.33,5388407.614,8460898.24,100,160,0.0672639591,0.6,63,PL_M1e+10_N100_B160_all.npz
PL,10000000000,4,0.02818382931,6248171.173,5475970.031,6903119.747,100,160,0.0672639591,0.6,63,PL_M1e+10_N100_B160_all.npz
PL,10000000000,5,0.03548133892,4792807.184,4401358.104,5156155.409,100,160,0.0672639591,0.6,63,PL_M1e+10_N100_B160_all.npz
PL,10000000000,6,0.04466835922,3279214.138,3218680.951,3358819.562,100,160,0.0672639591,0.6,63,PL_M1e+10_N100_B160_all.npz
PL,10000000000,7,0.05623413252,2102152.295,2048700.756,2165481.661,100,160,0.0672639591,0.6,63,PL_M1e+10_N100_B160_all.npz
PL,10000000000,8,0.07079457844,1313569.838,1291343.191,1358869.378,100,160,0.0672639591,0.6,63,PL_M1e+10_N100_B160_all.npz
PL,10000000000,9,0.08912509381,772450.9177,754868.6471,779011.1933,100,160,0.0672639591,0.6,63,PL_M1e+10_N100_B160_all.npz
PL,10000000000,10,0.1122018454,450833.7559,438850.7776,461118.7091,100,160,0.0672639591,0.6,63,PL_M1e+10_N100_B160_all.npz
PL,10000000000,11,0.1412537545,256594.9227,253645.5937,258805.6408,100,160,0.0672639591,0.6,63,PL_M1e+10_N100_B160_all.npz
PL,10000000000,12,0.177827941,144242.6921,141531.2885,147202.7221,100,160,0.0672639591,0.6,63,PL_M1e+10_N100_B160_all.npz
PL,10000000000,13,0.2238721139,79304.42812,78638.18363,80742.26304,100,160,0.0672639591,0.6,63,PL_M1e+10_N100_B160_all.npz
PL,10000000000,14,0.2818382931,41524.32087,40998.68966,41786.8153,100,160,0.0672639591,0.6,63,PL_M1e+10_N100_B160_all.npz
PL,10000000000,15,0.3548133892,21670.46064,21506.04991,22109.33949,100,160,0.0672639591,0.6,63,PL_M1e+10_N100_B160_all.npz
PL,10000000000,16,0.4466835922,11173.70196,10961.5302,11242.66388,100,160,0.0672639591,0.6,63,PL_M1e+10_N100_B160_all.npz
PL,10000000000,17,0.5623413252,5572.403912,5455.866417,5764.415964,100,160,0.0672639591,0.6,63,PL_M1e+10_N100_B160_all.npz
PL,10000000000,18,0.7079457844,2806.413868,2659.458516,2874.235991,100,160,0.0672639591,0.6,63,PL_M1e+10_N100_B160_all.npz
PL,10000000000,19,0.8912509381,1318.761185,1278.062664,1413.984672,100,160,0.0672639591,0.6,63,PL_M1e+10_N100_B160_all.npz
PL,31622776601.6838,0,0.01122018454,17004617.56,14168251.87,18352430.52,100,160,0.04128212668,0.6,63,PL_M3e+10_N100_B160_all.npz
PL,31622776601.6838,1,0.01412537545,13822076.53,11975607,14680098.22,100,160,0.04128212668,0.6,63,PL_M3e+10_N100_B160_all.npz
PL,31622776601.6838,2,0.0177827941,12347810.96,11535757.67,13278577.54,100,160,0.04128212668,0.6,63,PL_M3e+10_N100_B160_all.npz
PL,31622776601.6838,3,0.02238721139,9510460.463,9085108.784,10001222.51,100,160,0.04128212668,0.6,63,PL_M3e+10_N100_B160_all.npz
PL,31622776601.6838,4,0.02818382931,7215542.629,6705838.483,7395600.499,100,160,0.04128212668,0.6,63,PL_M3e+10_N100_B160_all.npz
PL,31622776601.6838,5,0.03548133892,4771641.451,4546756.882,4888802.034,100,160,0.04128212668,0.6,63,PL_M3e+10_N100_B160_all.npz
PL,31622776601.6838,6,0.04466835922,3152930.295,3039823.501,3216267.615,100,160,0.04128212668,0.6,63,PL_M3e+10_N100_B160_all.npz
PL,31622776601.6838,7,0.05623413252,1973606.948,1913927.698,2041427.292,100,160,0.04128212668,0.6,63,PL_M3e+10_N100_B160_all.npz
PL,31622776601.6838,8,0.07079457844,1207201.588,1172351.346,1226880.289,100,160,0.04128212668,0.6,63,PL_M3e+10_N100_B160_all.npz
PL,31622776601.6838,9,0.08912509381,732950.1916,725973.3855,747292.1153,100,160,0.04128212668,0.6,63,PL_M3e+10_N100_B160_all.npz
PL,31622776601.6838,10,0.1122018454,440500.7998,434008.4279,444563.8945,100,160,0.04128212668,0.6,63,PL_M3e+10_N100_B160_all.npz
PL,31622776601.6838,11,0.1412537545,249433.3903,246612.2683,252186.1035,100,160,0.04128212668,0.6,63,PL_M3e+10_N100_B160_all.npz
PL,31622776601.6838,12,0.177827941,142022.8637,139972.7925,142894.9352,100,160,0.04128212668,0.6,63,PL_M3e+10_N100_B160_all.npz
PL,31622776601.6838,13,0.2238721139,77532.13207,76506.87119,78417.38041,100,160,0.04128212668,0.6,63,PL_M3e+10_N100_B160_all.npz
PL,31622776601.6838,14,0.2818382931,42664.99689,42093.28031,43143.59195,100,160,0.04128212668,0.6,63,PL_M3e+10_N100_B160_all.npz
PL,31622776601.6838,15,0.3548133892,21986.64108,21788.3872,22400.90817,100,160,0.04128212668,0.6,63,PL_M3e+10_N100_B160_all.npz
PL,31622776601.6838,16,0.4466835922,11112.31054,10871.4207,11457.40328,100,160,0.04128212668,0.6,63,PL_M3e+10_N100_B160_all.npz
PL,31622776601.6838,17,0.5623413252,5790.575167,5704.973649,5884.882205,100,160,0.04128212668,0.6,63,PL_M3e+10_N100_B160_all.npz
PL,31622776601.6838,18,0.7079457844,2865.363228,2804.090158,2988.177287,100,160,0.04128212668,0.6,63,PL_M3e+10_N100_B160_all.npz
PL,31622776601.6838,19,0.8912509381,1464.059447,1426.305084,1508.636342,100,160,0.04128212668,0.6,63,PL_M3e+10_N100_B160_all.npz
PL,100000000000,0,0.01122018454,8998106.033,7387637.13,11996010.18,100,160,0.02742790791,0.6,63,PL_M1e+11_N100_B160_all.npz
PL,100000000000,1,0.01412537545,9701120.196,8556738.647,10975573.33,100,160,0.02742790791,0.6,63,PL_M1e+11_N100_B160_all.npz
PL,100000000000,2,0.0177827941,9528028.286,8756015.391,10541725.86,100,160,0.02742790791,0.6,63,PL_M1e+11_N100_B160_all.npz
PL,100000000000,3,0.02238721139,8529693.053,7914302.039,9152263.319,100,160,0.02742790791,0.6,63,PL_M1e+11_N100_B160_all.npz
PL,100000000000,4,0.02818382931,6325399.271,5984574.348,6550023.991,100,160,0.02742790791,0.6,63,PL_M1e+11_N100_B160_all.npz
PL,100000000000,5,0.03548133892,4364531.553,4142266.85,4465438.648,100,160,0.02742790791,0.6,63,PL_M1e+11_N100_B160_all.npz
PL,100000000000,6,0.04466835922,2790390.05,2759515.551,2945519.581,100,160,0.02742790791,0.6,63,PL_M1e+11_N100_B160_all.npz
PL,100000000000,7,0.05623413252,1841372.539,1722627.83,1881686.035,100,160,0.02742790791,0.6,63,PL_M1e+11_N100_B160_all.npz
PL,100000000000,8,0.07079457844,1118157.418,1100554.585,1142379.977,100,160,0.02742790791,0.6,63,PL_M1e+11_N100_B160_all.npz
PL,100000000000,9,0.08912509381,693066.0273,680921.9185,702369.9287,100,160,0.02742790791,0.6,63,PL_M1e+11_N100_B160_all.npz
PL,100000000000,10,0.1122018454,414227.6709,408022.6977,424638.6039,100,160,0.02742790791,0.6,63,PL_M1e+11_N100_B160_all.npz
PL,100000000000,11,0.1412537545,240614.7334,239269.8427,243748.4451,100,160,0.02742790791,0.6,63,PL_M1e+11_N100_B160_all.npz
PL,100000000000,12,0.177827941,137976.7453,136257.7645,139750.8194,100,160,0.02742790791,0.6,63,PL_M1e+11_N100_B160_all.npz
PL,100000000000,13,0.2238721139,77923.8738,77295.80258,78594.63324,100,160,0.02742790791,0.6,63,PL_M1e+11_N100_B160_all.npz
PL,100000000000,14,0.2818382931,42866.64329,42520.1905,43076.67847,100,160,0.02742790791,0.6,63,PL_M1e+11_N100_B160_all.npz
PL,100000000000,15,0.3548133892,22748.78791,22500.4188,22833.44538,100,160,0.02742790791,0.6,63,PL_M1e+11_N100_B160_all.npz
PL,100000000000,16,0.4466835922,11759.68816,11534.3449,11873.31184,100,160,0.02742790791,0.6,63,PL_M1e+11_N100_B160_all.npz
PL,100000000000,17,0.5623413252,6095.736008,6038.960067,6228.198287,100,160,0.02742790791,0.6,63,PL_M1e+11_N100_B160_all.npz
PL,100000000000,18,0.7079457844,3054.779498,3008.714683,3131.453446,100,160,0.02742790791,0.6,63,PL_M1e+11_N100_B160_all.npz
PL,100000000000,19,0.8912509381,1476.779796,1451.290826,1500.621393,100,160,0.02742790791,0.6,63,PL_M1e+11_N100_B160_all.npz
PL,316227766016.838,0,0.01122018454,9452459.941,7438016.836,11141797.07,100,160,0.01866049619,0.6,63,PL_M3e+11_N100_B160_all.npz
PL,316227766016.838,1,0.01412537545,9675337.728,8226465.98,11208245.43,100,160,0.01866049619,0.6,63,PL_M3e+11_N100_B160_all.npz
PL,316227766016.838,2,0.0177827941,9604944.477,7907447.066,10627080.9,100,160,0.01866049619,0.6,63,PL_M3e+11_N100_B160_all.npz
PL,316227766016.838,3,0.02238721139,8222722.994,7211270.887,8808828.101,100,160,0.01866049619,0.6,63,PL_M3e+11_N100_B160_all.npz
PL,316227766016.838,4,0.02818382931,6219260.199,5984916.559,6568170.425,100,160,0.01866049619,0.6,63,PL_M3e+11_N100_B160_all.npz
PL,316227766016.838,5,0.03548133892,4242766.673,4117973.387,4323594.782,100,160,0.01866049619,0.6,63,PL_M3e+11_N100_B160_all.npz
PL,316227766016.838,6,0.04466835922,2755210.648,2693771.208,2853311.407,100,160,0.01866049619,0.6,63,PL_M3e+11_N100_B160_all.npz
PL,316227766016.838,7,0.05623413252,1762261.919,1738229.842,1792924.799,100,160,0.01866049619,0.6,63,PL_M3e+11_N100_B160_all.npz
PL,316227766016.838,8,0.07079457844,1104512.845,1097065.039,1124112.99,100,160,0.01866049619,0.6,63,PL_M3e+11_N100_B160_all.npz
PL,316227766016.838,9,0.08912509381,674381.2997,667421.4219,685006.8593,100,160,0.01866049619,0.6,63,PL_M3e+11_N100_B160_all.npz
PL,316227766016.838,10,0.1122018454,404453.2378,398512.9859,412242.8198,100,160,0.01866049619,0.6,63,PL_M3e+11_N100_B160_all.npz
PL,316227766016.838,11,0.1412537545,239499.7,235405.0612,243077.6181,100,160,0.01866049619,0.6,63,PL_M3e+11_N100_B160_all.npz
PL,316227766016.838,12,0.177827941,137134.4519,135655.7097,138239.3519,100,160,0.01866049619,0.6,63,PL_M3e+11_N100_B160_all.npz
PL,316227766016.838,13,0.2238721139,77507.35981,76517.25966,78002.81444,100,160,0.01866049619,0.6,63,PL_M3e+11_N100_B160_all.npz
PL,316227766016.838,14,0.2818382931,42734.53421,42623.62055,43441.65419,100,160,0.01866049619,0.6,63,PL_M3e+11_N100_B160_all.npz
PL,316227766016.838,15,0.3548133892,22698.76248,22401.38759,23006.35168,100,160,0.01866049619,0.6,63,PL_M3e+11_N100_B160_all.npz
PL,316227766016.838,16,0.4466835922,11957.71756,11885.85544,12216.03173,100,160,0.01866049619,0.6,63,PL_M3e+11_N100_B160_all.npz
PL,316227766016.838,17,0.5623413252,6193.318315,6091.219435,6297.045949,100,160,0.01866049619,0.6,63,PL_M3e+11_N100_B160_all.npz
PL,316227766016.838,18,0.7079457844,3200.496572,3041.72308,3299.918609,100,160,0.01866049619,0.6,63,PL_M3e+11_N100_B160_all.npz
PL,316227766016.838,19,0.8912509381,1522.446269,1478.473675,1605.467082,100,160,0.01866049619,0.6,63,PL_M3e+11_N100_B160_all.npz
