model,label,method,mass_bin,left_msun,right_msun,M0_mean_msun,M0_geomean_msun,n_halos_total,n_halos,selected_fraction,zhalf,zhalf_median,zhalf_q16,zhalf_q84,size0_median,particle_mass_code,z_bk09_original,z_coco_hellwing16,dz_bk09_original,dz_coco_hellwing16
PL,PL,sameTrackId_rawAdjacent_noGap_noEnvelope_warrenFOF,1,100000000.0,158489319.24611133,125172007.14156844,124070305.06386743,111004,101445,0.9138859860905914,2.593995002698213,2.318473796498984,1.2250369926823317,3.9180469406875074,71.0,0.0001890437561087,2.7644636634161617,2.9781500367061944,-0.1704686607179488,-0.3841550340079815
PL,PL,sameTrackId_rawAdjacent_noGap_noEnvelope_warrenFOF,2,158489319.24611133,251188643.15095797,198281424.16987607,196493427.46570653,77426,75575,0.9760933019915792,2.604449216004286,2.3435799207073265,1.2757188228443994,3.8912563651291623,110.0,0.0001890437561087,2.668223488798747,2.840593878637631,-0.0637742727944612,-0.236144662633345
PL,PL,sameTrackId_rawAdjacent_noGap_noEnvelope_warrenFOF,3,251188643.15095797,398107170.5534973,315161769.9635096,312422376.81157714,51822,50710,0.9785419319979932,2.531657421155839,2.288343489889102,1.277896718876908,3.7373977396130296,172.0,0.0001890437561087,2.573759542036986,2.7068297981372957,-0.0421021208811467,-0.1751723769814561
PL,PL,sameTrackId_rawAdjacent_noGap_noEnvelope_warrenFOF,4,398107170.5534973,630957344.4801933,498862037.35783833,494415690.3040543,35056,34294,0.978263350068462,2.464231275270534,2.2350007260382965,1.2571000488355604,3.589683844009151,269.0,0.0001890437561087,2.4825428281026314,2.578862027386426,-0.0183115528320971,-0.1146307521158918
PL,PL,sameTrackId_rawAdjacent_noGap_noEnvelope_warrenFOF,5,630957344.4801933,1000000000.0,790662522.2138416,783707316.9328346,23258,22743,0.9778570814343452,2.3797529435306486,2.1796762577866016,1.243725352089649,3.4661412578011763,422.0,0.0001890437561087,2.3934063156029097,2.4549688600820705,-0.0136533720722611,-0.0752159165514219
PL,PL,sameTrackId_rawAdjacent_noGap_noEnvelope_warrenFOF,6,1000000000.0,1584893192.461114,1251491316.7336862,1240541573.5574093,15701,15372,0.9790459206419974,2.2782912853469988,2.120718326688372,1.2059122045638933,3.250964365021615,665.0,0.0001890437561087,2.306797330056125,2.3357018885251097,-0.0285060447091263,-0.0574106031781109
PL,PL,sameTrackId_rawAdjacent_noGap_noEnvelope_warrenFOF,7,1584893192.461114,2511886431.5095806,1980284945.3298624,1963285969.529291,9949,9774,0.9824102924917076,2.1954301647048653,2.048221754757296,1.1791876769241278,3.1352563747185056,1047.0,0.0001890437561087,2.2224560065878043,2.220629693193705,-0.0270258418829389,-0.0251995284888395
PL,PL,sameTrackId_rawAdjacent_noGap_noEnvelope_warrenFOF,8,2511886431.5095806,3981071705.534973,3143388880.268575,3116001803.5052714,6848,6718,0.9810163551401868,2.1243200529982427,1.984090021445164,1.1360875556447896,3.032417874525015,1657.5,0.0001890437561087,2.139707945217689,2.108776533659662,-0.0153878922194468,0.0155435193385806
PL,PL,sameTrackId_rawAdjacent_noGap_noEnvelope_warrenFOF,9,3981071705.534973,6309573444.801932,4965625119.390717,4922645526.046941,4496,4425,0.9842081850533808,2.0479504862815654,1.9237797183719767,1.1077174554454563,2.902593820262084,2599.0,0.0001890437561087,2.059915499767406,2.001915443247181,-0.0119650134858404,0.0460350430343838
PL,PL,sameTrackId_rawAdjacent_noGap_noEnvelope_warrenFOF,10,6309573444.801932,10000000000.0,7885504375.198541,7817164176.581757,3000,2951,0.9836666666666668,1.9518139265273,1.8304909512839544,1.0312924845123277,2.797305991720734,4147.0,0.0001890437561087,1.9812696999754735,1.8975637892846533,-0.0294557734481737,0.0542501372426464
PL,PL,sameTrackId_rawAdjacent_noGap_noEnvelope_warrenFOF,11,10000000000.0,15848931924.61114,12519889513.7622,12410146158.273869,1937,1893,0.977284460505937,1.8515295892990336,1.7522208334037594,0.9923115651566428,2.635046093532834,6525.0,0.0001890437561087,1.904677079674768,1.796881219006567,-0.0531474903757345,0.0546483702924665
PL,PL,sameTrackId_rawAdjacent_noGap_noEnvelope_warrenFOF,12,15848931924.61114,25118864315.095818,19842944290.504017,19668021390.76149,1310,1292,0.9862595419847328,1.7831994093129016,1.7352746173539122,0.9916347328126718,2.552801198505936,10375.5,0.0001890437561087,1.830333042694079,1.700061106325394,-0.0471336333811773,0.0831383029875074
PL,PL,sameTrackId_rawAdjacent_noGap_noEnvelope_warrenFOF,13,25118864315.095818,39810717055.34974,31508549494.302982,31226658479.428352,844,832,0.985781990521327,1.6986477129412405,1.638905366168411,0.9151736336920432,2.424290631543828,16330.0,0.0001890437561087,1.7575998463798803,1.6062176836068571,-0.0589521334386398,0.0924300293343831
PL,PL,sameTrackId_rawAdjacent_noGap_noEnvelope_warrenFOF,14,39810717055.34974,63095734448.01936,49677958677.66179,49248090458.91855,598,591,0.9882943143812708,1.6214380472573382,1.5744482978522965,0.9060454971377075,2.292825177140974,25961.0,0.0001890437561087,1.6878111243086749,1.5170041660989688,-0.0663730770513366,0.1044338811583693
PL,PL,sameTrackId_rawAdjacent_noGap_noEnvelope_warrenFOF,15,63095734448.01936,100000000000.0,78425672843.928,77754490849.71939,359,355,0.9888579387186628,1.5445683082522796,1.494418717000418,0.7879894575116339,2.2212298283281084,40366.0,0.0001890437561087,1.6195986989936193,1.4306050968331614,-0.0750303907413396,0.1139632114191182
PL,PL,sameTrackId_rawAdjacent_noGap_noEnvelope_warrenFOF,16,100000000000.0,158489319246.11142,125310599258.97752,124248010841.32648,271,267,0.985239852398524,1.4977350268258405,1.500397068475042,0.9430014893249328,2.0139795846367203,64444.0,0.0001890437561087,1.5513853189609876,1.3450083497008882,-0.0536502921351473,0.152726677124952
PL,PL,sameTrackId_rawAdjacent_noGap_noEnvelope_warrenFOF,17,158489319246.11142,251188643150.9582,195082218089.31128,193546445162.0786,153,150,0.9803921568627452,1.4264694163322198,1.417793314857963,0.7634587970086433,1.9223793551436867,101479.0,0.0001890437561087,1.4885909077986867,1.2669336428498328,-0.0621214914664669,0.159535773482387
PL,PL,sameTrackId_rawAdjacent_noGap_noEnvelope_warrenFOF,18,251188643150.9582,398107170553.4973,311396865697.4253,308821583256.4672,106,105,0.9905660377358492,1.3503246847699977,1.41704692001421,0.6146580533102738,1.9310161016313252,164461.0,0.0001890437561087,1.4239249789829032,1.1872676086418514,-0.0736002942129054,0.1630570761281462
PL,PL,sameTrackId_rawAdjacent_noGap_noEnvelope_warrenFOF,19,398107170553.4973,630957344480.1936,501579399094.2142,497691210832.2192,80,78,0.975,1.2320835111835642,1.142757268527636,0.5007207911975033,1.8418274782923505,262252.5,0.0001890437561087,1.3597372115655175,1.1089412149305682,-0.1276537003819533,0.123142296252996
PL,PL,sameTrackId_rawAdjacent_noGap_noEnvelope_warrenFOF,20,630957344480.1936,1000000000000.0,821848258098.5312,815968145434.4486,53,51,0.9622641509433962,1.2373764147000743,1.296269861963905,0.7088059021894022,1.652856210164589,430532.0,0.0001890437561087,1.2950386114682626,1.0307614016931486,-0.057662196768188,0.2066150130069259
BT_soft,BT(soft),sameTrackId_rawAdjacent_noGap_noEnvelope_warrenFOF,1,100000000.0,158489319.24611133,124879451.38031058,123771486.24700186,158813,149321,0.9402315931315447,6.014805281480306,5.485430931740371,2.929806222643681,9.012609182950333,71.0,0.00018904375610873103,2.7649596267474243,2.978862218589982,3.2498456547328813,3.0359430628903237
BT_soft,BT(soft),sameTrackId_rawAdjacent_noGap_noEnvelope_warrenFOF,2,158489319.24611133,251188643.15095794,198193591.47018892,196403392.29663336,108930,106534,0.9780042228954374,5.694407168210929,5.201780153436935,2.8413790677377477,8.47790860862866,110.0,0.00018904375610873103,2.6683149927838703,2.840724056636234,3.0260921754270584,2.8536831115746946
BT_soft,BT(soft),sameTrackId_rawAdjacent_noGap_noEnvelope_warrenFOF,3,251188643.15095794,398107170.5534973,315038340.97791547,312306257.2140564,73221,71592,0.9777522841807678,5.310216470698019,4.862551453235021,2.683798099569517,7.850366362267629,172.0,0.00018904375610873103,2.5738383567316374,2.7069408790075196,2.7363781139663814,2.6032755916904993
BT_soft,BT(soft),sameTrackId_rawAdjacent_noGap_noEnvelope_warrenFOF,4,398107170.5534973,630957344.4801933,499053342.0069717,494699345.85586935,49547,48468,0.9782226976406241,4.910979222416749,4.518504062675033,2.5219171748939964,7.186934629713044,269.0,0.00018904375610873103,2.482467655085171,2.5787570581999217,2.428511567331578,2.3322221642168275
BT_soft,BT(soft),sameTrackId_rawAdjacent_noGap_noEnvelope_warrenFOF,5,630957344.4801933,999999999.9999999,789714023.7901323,782809534.0217794,33102,32408,0.9790344994260165,4.568537530470675,4.193443826682692,2.3686786905953654,6.624998174277112,422.0,0.00018904375610873103,2.393635647793201,2.455286131973776,2.1749018826774735,2.1132513984968986
BT_soft,BT(soft),sameTrackId_rawAdjacent_noGap_noEnvelope_warrenFOF,6,999999999.9999999,1584893192.461114,1251538814.566386,1240610777.5039752,22298,21883,0.9813884653332138,4.239689002029397,3.9218204641048713,2.2448914779755538,6.1761238718015505,666.0,0.00018904375610873103,2.306790264388228,2.335692203834592,1.9328987376411693,1.9039967981948052
BT_soft,BT(soft),sameTrackId_rawAdjacent_noGap_noEnvelope_warrenFOF,7,1584893192.461114,2511886431.5095806,1976846538.47782,1959656154.3302345,14824,14576,0.9832703723691312,3.914716937164551,3.6525919164914624,2.0676118100685805,5.643317755926223,1044.0,0.00018904375610873103,2.2227713062644887,2.2210578846369016,1.6919456309000624,1.6936590525276496
BT_soft,BT(soft),sameTrackId_rawAdjacent_noGap_noEnvelope_warrenFOF,8,2511886431.5095806,3981071705.534973,3134580108.880008,3107171687.686516,9813,9663,0.9847141546927545,3.610597222355455,3.3678118583965424,1.9491331709716728,5.166354141559995,1653.0,0.00018904375610873103,2.1402040328595575,2.109443991765066,1.4703931894958977,1.5011532305903894
BT_soft,BT(soft),sameTrackId_rawAdjacent_noGap_noEnvelope_warrenFOF,9,3981071705.534973,6309573444.801932,4977509226.473984,4933654683.161797,6645,6536,0.9835966892400301,3.3431726634705643,3.1246841483623227,1.8244678833302221,4.759315460159456,2612.5,0.00018904375610873103,2.059503722794732,2.0013665427384786,1.2836689406758324,1.3418061207320857
BT_soft,BT(soft),sameTrackId_rawAdjacent_noGap_noEnvelope_warrenFOF,10,6309573444.801932,10000000000.0,7897119533.35147,7828561493.762809,4419,4350,0.9843856076035302,3.1184914355495423,2.939767760967162,1.7058796828960223,4.479928797081926,4148.0,0.00018904375610873103,1.9810226597581577,1.8972375426921935,1.1374687757913846,1.2212538928573489
BT_soft,BT(soft),sameTrackId_rawAdjacent_noGap_noEnvelope_warrenFOF,11,10000000000.0,15848931924.611141,12532954854.191502,12422442312.479433,2851,2797,0.98105927744651,2.8849104532393217,2.7049147110072678,1.6324395843986388,4.099256810041187,6556.0,0.00018904375610873103,1.9045065157322454,1.796658061317094,0.9804039375070763,1.0882523919222278
BT_soft,BT(soft),sameTrackId_rawAdjacent_noGap_noEnvelope_warrenFOF,12,15848931924.611141,25118864315.095818,19852418881.108395,19677090407.444836,1869,1833,0.9807383627608347,2.669313352038774,2.532295042652761,1.4752950437816752,3.7912621746867243,10402.0,0.00018904375610873103,1.8302569766592445,1.6999625061299488,0.8390563753795295,0.9693508459088251
BT_soft,BT(soft),sameTrackId_rawAdjacent_noGap_noEnvelope_warrenFOF,13,25118864315.095818,39810717055.34974,31587816850.696053,31312188944.59493,1192,1180,0.9899328859060402,2.465228636118018,2.3790441339802655,1.4012962312077257,3.563130884811335,16561.0,0.00018904375610873103,1.757209788394467,1.605716784065697,0.708018847723551,0.8595118520523211
BT_soft,BT(soft),sameTrackId_rawAdjacent_noGap_noEnvelope_warrenFOF,14,39810717055.34974,63095734448.01936,49832327665.30226,49389928335.269844,823,814,0.9890643985419199,2.2299897449545947,2.0988948436125523,1.2691892069611759,3.1083393302181177,25698.0,0.00018904375610873103,1.6873416718300316,1.5164068334466814,0.5426480731245631,0.7135829115079133
BT_soft,BT(soft),sameTrackId_rawAdjacent_noGap_noEnvelope_warrenFOF,15,63095734448.01936,100000000000.0,78368557408.65219,77710623576.85112,514,505,0.9824902723735408,2.119431359563947,2.013875456404794,1.186003923071498,3.0887620753369704,40749.0,0.00018904375610873103,1.619706148765058,1.4307405662839714,0.4997252107988892,0.6886907932799757
BT_soft,BT(soft),sameTrackId_rawAdjacent_noGap_noEnvelope_warrenFOF,16,100000000000.0,158489319246.11142,125711684954.90111,124524695229.4323,369,362,0.981029810298103,1.9437935375265547,1.8815612951316956,1.1586833032688943,2.813589758581296,65740.5,0.00018904375610873103,1.550926331689635,1.344435147292264,0.3928672058369198,0.5993583902342907
BT_soft,BT(soft),sameTrackId_rawAdjacent_noGap_noEnvelope_warrenFOF,17,158489319246.11142,251188643150.9582,196669172264.02307,194770079610.38406,261,254,0.9731800766283525,1.7827858657659321,1.7769231089550264,1.0376173845668801,2.500907226908306,101194.0,0.00018904375610873103,1.4874560300763835,1.2655290454047008,0.2953298356895486,0.5172568203612313
BT_soft,BT(soft),sameTrackId_rawAdjacent_noGap_noEnvelope_warrenFOF,18,251188643150.9582,398107170553.4973,310321321626.29736,307447091680.1181,149,145,0.9731543624161074,1.6074092120276433,1.5680968545909573,0.8598549073641503,2.405430771402881,161172.0,0.00018904375610873103,1.424397188717589,1.187846618423384,0.18301202331005428,0.4195625936042593
BT_soft,BT(soft),sameTrackId_rawAdjacent_noGap_noEnvelope_warrenFOF,19,398107170553.4973,630957344480.1936,501132367727.8095,496499076908.4396,96,94,0.9791666666666666,1.4813552286645482,1.3998343880956021,0.7566480604232949,2.2387220134020596,261378.0,0.00018904375610873103,1.3598556724160993,1.1090850724711552,0.12149955624844888,0.372270156193393
BT_soft,BT(soft),sameTrackId_rawAdjacent_noGap_noEnvelope_warrenFOF,20,630957344480.1936,1000000000000.0,786227021828.1865,778687837727.8302,71,67,0.9436619718309859,1.4873830732624156,1.4248358593282806,0.8028362099489891,2.185183596066445,410095.0,0.00018904375610873103,1.300771108923568,1.0376568144996505,0.18661196433884752,0.44972625876276506
BT_deep,BT(deep),sameTrackId_rawAdjacent_noGap_noEnvelope_warrenFOF,1,100000000.0,158489319.24611133,124936734.58990279,123830584.72453824,177242,164821,0.9299206734295483,3.4500370816507995,3.165632322555236,1.6968866484724334,5.150292690174758,71.0,0.00018904375610873103,2.764862419222573,2.978722630138062,0.6851746624282264,0.47131445151273743
BT_deep,BT(deep),sameTrackId_rawAdjacent_noGap_noEnvelope_warrenFOF,2,158489319.24611133,251188643.15095794,197931620.34726125,196145206.13318202,119836,116828,0.9748990286725191,3.3270142177005635,3.06041237753419,1.669333794995989,4.950144173710383,110.0,0.00018904375610873103,2.6685881685578052,2.8411126966466425,0.6584260491427583,0.48590152105392104
BT_deep,BT(deep),sameTrackId_rawAdjacent_noGap_noEnvelope_warrenFOF,3,251188643.15095794,398107170.5534973,314675326.63996637,311934854.88653344,76613,74774,0.9759962408468537,3.1364561956852692,2.880266878337725,1.5884285186331921,4.618532124589036,171.0,0.00018904375610873103,2.5740703461087056,2.707267848287072,0.5623858495765637,0.4291883473981972
BT_deep,BT(deep),sameTrackId_rawAdjacent_noGap_noEnvelope_warrenFOF,4,398107170.5534973,630957344.4801933,497696015.57818353,493383860.599691,50075,48844,0.975416874687968,2.9594308166522096,2.7298199146977873,1.500887940772254,4.3637865873472865,268.0,0.00018904375610873103,2.4830016749195423,2.579502763965382,0.47642914173266737,0.37992805268682783
BT_deep,BT(deep),sameTrackId_rawAdjacent_noGap_noEnvelope_warrenFOF,5,630957344.4801933,999999999.9999999,787840335.936342,780999244.1373374,32104,31406,0.9782581609768253,2.774354347653736,2.567355357370745,1.4350845216940462,4.026058710792047,421.0,0.00018904375610873103,2.394089532716603,2.4559140862484674,0.3802648149371328,0.3184402614052684
BT_deep,BT(deep),sameTrackId_rawAdjacent_noGap_noEnvelope_warrenFOF,6,999999999.9999999,1584893192.461114,1247883920.8756435,1237019528.7628908,20487,20021,0.9772538683067311,2.6091260424910105,2.4270829802507268,1.3559574606731104,3.811114333577019,663.0,0.00018904375610873103,2.3073347872752366,2.33643858612645,0.301791255215774,0.2726874563645607
BT_deep,BT(deep),sameTrackId_rawAdjacent_noGap_noEnvelope_warrenFOF,7,1584893192.461114,2511886431.5095806,1976986700.7467048,1959780045.592767,12739,12454,0.9776277572807913,2.436031848098843,2.269201150997822,1.2559727552788402,3.539977307462051,1043.0,0.00018904375610873103,2.222758442153361,2.2210404142889972,0.21327340594548216,0.21499143380984576
BT_deep,BT(deep),sameTrackId_rawAdjacent_noGap_noEnvelope_warrenFOF,8,2511886431.5095806,3981071705.534973,3132735536.9991775,3105678240.8742957,8061,7899,0.9799032378116859,2.303134270736086,2.149311822695544,1.2223096926946322,3.354449471199895,1650.0,0.00018904375610873103,2.1403081009251994,2.1095840143129974,0.1628261698108866,0.19355025642308865
BT_deep,BT(deep),sameTrackId_rawAdjacent_noGap_noEnvelope_warrenFOF,9,3981071705.534973,6309573444.801932,4971375063.477875,4927877100.374464,5207,5109,0.9811791818705589,2.174757309373958,2.0488944253143506,1.1491535682314293,3.1509599821536387,2606.0,0.00018904375610873103,2.0597161379205797,2.001649689722171,0.11504117145337833,0.17310761965178711
BT_deep,BT(deep),sameTrackId_rawAdjacent_noGap_noEnvelope_warrenFOF,10,6309573444.801932,10000000000.0,7868892648.914007,7801705302.517779,3227,3166,0.9810969941121785,2.0511646381929256,1.9059853292808842,1.056832318755737,3.0166918195086754,4129.5,0.00018904375610873103,1.981623679857286,1.8980312795910836,0.06954095833563967,0.15313335860184196
BT_deep,BT(deep),sameTrackId_rawAdjacent_noGap_noEnvelope_warrenFOF,11,10000000000.0,15848931924.611141,12485486948.81268,12372395472.551603,2100,2049,0.9757142857142858,1.9121672060729502,1.7895966975798243,1.0245752348062511,2.752698005405021,6521.0,0.00018904375610873103,1.905127095294826,1.7974700204467284,0.0070401107781241645,0.11469718562622178
BT_deep,BT(deep),sameTrackId_rawAdjacent_noGap_noEnvelope_warrenFOF,12,15848931924.611141,25118864315.095818,19876898510.80231,19697443243.848843,1327,1299,0.9788997739261492,1.7950214856608326,1.7236447120106053,0.9396219919292527,2.5848197242426436,10427.0,0.00018904375610873103,1.830060621195582,1.6997079857934434,-0.035039135534749466,0.09531349986738924
BT_deep,BT(deep),sameTrackId_rawAdjacent_noGap_noEnvelope_warrenFOF,13,25118864315.095818,39810717055.34974,31356132819.602093,31068725018.29146,867,849,0.9792387543252595,1.7163587306600223,1.6396515508603313,0.8986208615338203,2.4573789046628844,16309.0,0.00018904375610873103,1.7583527779853219,1.6071846453230294,-0.041994047325299544,0.10917408533699291
BT_deep,BT(deep),sameTrackId_rawAdjacent_noGap_noEnvelope_warrenFOF,14,39810717055.34974,63095734448.01936,49804045692.4675,49390079333.21302,594,585,0.9848484848484849,1.652166110756656,1.5820390701639164,0.9749988919711812,2.3775949268568333,25903.0,0.00018904375610873103,1.6874275652744348,1.5165161217084027,-0.035261454517778734,0.13564998904825343
BT_deep,BT(deep),sameTrackId_rawAdjacent_noGap_noEnvelope_warrenFOF,15,63095734448.01936,100000000000.0,78749477460.08846,78071716867.87598,357,353,0.988795518207283,1.533496368982092,1.5173194909297587,0.7745166032930237,2.2013297929488806,40740.0,0.00018904375610873103,1.618991092297955,1.4298390820393223,-0.08549472331586294,0.10365728694276966
BT_deep,BT(deep),sameTrackId_rawAdjacent_noGap_noEnvelope_warrenFOF,16,100000000000.0,158489319246.11142,125313806469.79189,124252803887.35849,278,274,0.9856115107913669,1.4436956198195656,1.438074367103194,0.8415513472940086,1.9597452983696266,64953.0,0.00018904375610873103,1.5513816425989129,1.3450037583599155,-0.10768602277934725,0.09869186145965014
BT_deep,BT(deep),sameTrackId_rawAdjacent_noGap_noEnvelope_warrenFOF,17,158489319246.11142,251188643150.9582,195999039236.60922,194389460760.88025,149,148,0.9932885906040269,1.392459349516421,1.3571033122243197,0.7935587210281998,1.9689387462882504,101519.0,0.00018904375610873103,1.4879340777749919,1.2661206798708005,-0.09547472825857084,0.12633866964562057
BT_deep,BT(deep),sameTrackId_rawAdjacent_noGap_noEnvelope_warrenFOF,18,251188643150.9582,398107170553.4973,310974563633.40247,308498169650.50696,103,101,0.9805825242718447,1.4264940541974702,1.4267509271422336,0.7057374174373751,1.9284915841491777,163785.0,0.00018904375610873103,1.4241101818811273,1.187494694201833,0.002383872316342961,0.23899935999563726
BT_deep,BT(deep),sameTrackId_rawAdjacent_noGap_noEnvelope_warrenFOF,19,398107170553.4973,630957344480.1936,500376720412.5588,496337645105.6608,78,76,0.9743589743589743,1.2261705376619474,1.1447425342641044,0.6211301842213146,1.7996913362049711,263514.0,0.00018904375610873103,1.3600561688317523,1.1093285589940796,-0.1338856311698049,0.11684197866786783
BT_deep,BT(deep),sameTrackId_rawAdjacent_noGap_noEnvelope_warrenFOF,20,630957344480.1936,1000000000000.0,813504000860.2524,807119003483.0354,57,57,1.0,1.2337173040053857,1.2753140992978753,0.7051831412452844,1.64892135592602,424591.0,0.00018904375610873103,1.2963575765254771,1.0323473900763052,-0.06264027252009141,0.20136991392908055
