model,method,label,mass_bin,left_msun,right_msun,M0_mean_msun,M0_geomean_msun,n_halos_total,n_halos,selected_fraction,zhalf,zhalf_median,zhalf_q16,zhalf_q84,z_bk09_original,z_coco_hellwing16,dz_bk09_original,dz_coco_hellwing16
PL,gap_0,gap <= 0,1,100000000.0,158489319.24611133,125098164.12611735,123995596.89477737,111004,80048,0.7211271665885914,2.190612835336233,2.088139175208809,1.0954584852362095,3.248979733425711,2.7645887322381477,2.9783296269488138,-0.5739758969019149,-0.7877167916125809
PL,gap_0,gap <= 0,2,158489319.24611133,251188643.15095794,198167656.8354723,196378795.8915287,77426,59109,0.7634257226254747,2.199719035805394,2.109029352259817,1.169392478859248,3.2149835209214026,2.668342019641864,2.840762506575567,-0.46862298383646994,-0.6410434707701729
PL,gap_0,gap <= 0,3,251188643.15095794,398107170.5534973,315207868.7745487,312468373.3430127,51822,40021,0.7722781830110764,2.156860254580944,2.0872431428018325,1.174172389599819,3.128215887546933,2.5737301143337312,2.7067883231669323,-0.41686985975278734,-0.5499280685859884
PL,gap_0,gap <= 0,4,398107170.5534973,630957344.4801933,499267594.0490122,494822977.6206566,35056,27299,0.778725467822912,2.112725569063615,2.053918848463233,1.1730167867299068,3.046675061977053,2.4823835010331443,2.5786395491497527,-0.36965793196952923,-0.4659139800861376
PL,gap_0,gap <= 0,5,630957344.4801933,999999999.9999999,790621254.9776955,783659571.637246,23258,18327,0.7879869292286525,2.060081679059017,2.012852941285866,1.1635526650815997,2.939761862152388,2.3934162873317493,2.4549826554091916,-0.3333346082727324,-0.39490097635017474
PL,gap_0,gap <= 0,6,999999999.9999999,1584893192.461114,1250596782.067106,1239652572.0223527,15701,12553,0.7995032163556461,1.99941389714372,1.961774377779103,1.1194586455514424,2.830072348681396,2.3069304518948046,2.3358843558633193,-0.3075165547510845,-0.33647045871959924
PL,gap_0,gap <= 0,7,1584893192.461114,2511886431.5095806,1980636773.5124993,1963703755.1040733,9949,8064,0.8105337219821087,1.946491273068866,1.9056881538344452,1.080021596809657,2.76351312756457,2.2224237767898876,2.220585924494551,-0.2759325037210216,-0.274094651425685
PL,gap_0,gap <= 0,8,2511886431.5095806,3981071705.534973,3147678586.7111254,3120131055.831668,6848,5609,0.819071261682243,1.8893369656928354,1.8542038339519369,1.0571921843821046,2.6970580712264933,2.1394668912589987,2.108452222734167,-0.2501299255661633,-0.2191152570413315
PL,gap_0,gap <= 0,9,3981071705.534973,6309573444.801932,4973297960.333628,4930231102.722006,4496,3731,0.8298487544483986,1.8610491390395785,1.8243350972759766,1.0363871804794886,2.6712370296739225,2.059649521654509,2.0015608902264916,-0.19860038261493074,-0.14051175118691317
PL,gap_0,gap <= 0,10,6309573444.801932,10000000000.0,7871764646.94963,7802440787.141606,3000,2526,0.842,1.7713598932489156,1.7181249962703151,0.9919775966773349,2.553190074161435,1.9815624239413707,1.8979503793683397,-0.2102025306924551,-0.12659048611942403
PL,gap_0,gap <= 0,11,10000000000.0,15848931924.611141,12484895349.52899,12377140553.921242,1937,1659,0.8564790913784203,1.7174051114810434,1.6896535204480063,0.9676564293688638,2.426285372501973,1.9051348453814159,1.7974801609639526,-0.1877297339003725,-0.08007504948290922
PL,gap_0,gap <= 0,12,15848931924.611141,25118864315.095818,19903994331.50597,19726107136.64314,1310,1129,0.8618320610687022,1.6652888538677717,1.6599604593596142,0.955836091111575,2.375564049493775,1.8298435784244198,1.6994266574793708,-0.1645547245566481,-0.03413780361159913
PL,gap_0,gap <= 0,13,25118864315.095818,39810717055.34974,31505953796.947548,31228929516.429,844,744,0.8815165876777251,1.6034186196390658,1.5854793871514374,0.8908474915754125,2.2972512686612525,1.7576126367814973,1.6062341090473122,-0.15419401714243142,-0.0028154894082463855
PL,gap_0,gap <= 0,14,39810717055.34974,63095734448.01936,49573169059.53026,49137590846.2024,598,544,0.9096989966555183,1.5607593180362844,1.524744477885147,0.878722914723913,2.2160367319035457,1.6881306795329398,1.5174107904771565,-0.1273713614966554,0.04334852755912788
PL,gap_0,gap <= 0,15,63095734448.01936,100000000000.0,78602028022.42474,77926654410.68015,359,324,0.9025069637883009,1.454441742691871,1.4533298301637012,0.7707162680673743,2.113598755806365,1.6192674475161337,1.4301874774474301,-0.16482570482426273,0.024254265244440854
PL,gap_0,gap <= 0,16,100000000000.0,158489319246.11142,125096156453.12564,124018757343.99326,271,252,0.9298892988929889,1.4511439988599102,1.4617806913492846,0.8986362366179228,1.9527604887347343,1.5516313562469795,1.3453156265368031,-0.10048735738706926,0.10582837232310705
PL,gap_0,gap <= 0,17,158489319246.11142,251188643150.9582,194240536653.613,192732449375.76846,153,144,0.9411764705882353,1.356465909043217,1.3578639200723117,0.7582903539143617,1.8814687173354827,1.4891967833103714,1.2676836073464313,-0.13273087426715446,0.08878230169678569
PL,gap_0,gap <= 0,18,251188643150.9582,398107170553.4973,311361926894.7476,308807100253.5306,106,101,0.9528301886792453,1.3292318213984728,1.400121587062098,0.6054477450276308,1.918636968891948,1.4239402915176425,1.1872863837897505,-0.09470847011916961,0.14194543760872236
PL,gap_0,gap <= 0,19,398107170553.4973,630957344480.1936,501824329004.5629,497943578184.7381,80,76,0.95,1.2317101821972105,1.1427572685276361,0.5158759358124068,1.816683806554755,1.3596723537697053,1.108862453441712,-0.1279621715724948,0.12284772875549854
PL,gap_0,gap <= 0,20,630957344480.1936,1000000000000.0,821457823228.7867,815468009106.649,53,50,0.9433962264150944,1.228830052956861,1.2419161744756297,0.7058672839899216,1.629184254292706,1.2951000108982895,1.030835224128475,-0.06626995794142854,0.19799482882838593
PL,gap_1,gap <= 1,1,100000000.0,158489319.24611133,125115645.6037737,124013957.7277467,111004,89938,0.8102230550250441,2.333429267325065,2.184157760641412,1.159490409401337,3.4884406828831396,2.7645591166006933,2.9782871007330503,-0.43112984927562836,-0.6448578334079853
PL,gap_1,gap <= 1,2,158489319.24611133,251188643.15095794,198178103.69590813,196390042.53951725,77426,66409,0.8577092966187069,2.3349799126276847,2.1924318342642226,1.208057383257791,3.451907699482395,2.66833113236813,2.8407470177109317,-0.33335121974044535,-0.5057671050832471
PL,gap_1,gap <= 1,3,251188643.15095794,398107170.5534973,315186950.2821891,312445976.4544491,51822,44648,0.8615645864690672,2.2749266495875062,2.1570584436539857,1.2139242485832529,3.301795214841456,2.5737434673291313,2.7068071426662588,-0.29881681774162505,-0.43188049307875254
PL,gap_1,gap <= 1,4,398107170.5534973,630957344.4801933,499076289.89621127,494633685.1427392,35056,30294,0.8641602008215427,2.2197327541525187,2.119241416142167,1.2032071954407513,3.195520928680489,2.4824586397741104,2.578744469563786,-0.2627258856215917,-0.3590117154112673
PL,gap_1,gap <= 1,5,630957344.4801933,999999999.9999999,790559887.0003158,783602919.7315798,23258,20190,0.8680883996904291,2.155212447709327,2.0720112625264697,1.1932947465137271,3.099167465625583,2.3934311171785057,2.455003171696656,-0.23821866946917858,-0.299790723987329
PL,gap_1,gap <= 1,6,999999999.9999999,1584893192.461114,1251039940.6812055,1240056703.7618601,15701,13744,0.8753582574358321,2.081011842968319,2.0176482031282212,1.1465456065524888,2.9650316049396066,2.3068644898550335,2.335793942736587,-0.22585264688671458,-0.25478209976826793
PL,gap_1,gap <= 1,7,1584893192.461114,2511886431.5095806,1979245884.8991811,1962341803.3859148,9949,8814,0.8859181827319329,2.0243631123403047,1.9554471384517862,1.122660733801322,2.8772366732199393,2.2225512267444136,2.2207590049557364,-0.19818811440410888,-0.19639589261543167
PL,gap_1,gap <= 1,8,2511886431.5095806,3981071705.534973,3144741708.595641,3117283060.005201,6848,6044,0.8825934579439252,1.9465032177563182,1.8873985995326434,1.0771504716313,2.76857944282925,2.1396318874586964,2.1086742055548044,-0.1931286697023782,-0.16217098779848627
PL,gap_1,gap <= 1,9,3981071705.534973,6309573444.801932,4966550399.391277,4923651561.108785,4496,4012,0.8923487544483986,1.9088621045694072,1.8621671546505816,1.049502349828453,2.724356387936055,2.0598834020361156,2.0018726558782727,-0.15102129746670845,-0.09301055130886549
PL,gap_1,gap <= 1,10,6309573444.801932,10000000000.0,7876030386.213235,7807459165.878534,3000,2693,0.8976666666666666,1.8248760214506967,1.7565126780291855,1.0076859452197007,2.656182395606875,1.9814714849281772,1.897830278004359,-0.15659546347748043,-0.07295425655366228
PL,gap_1,gap <= 1,11,10000000000.0,15848931924.611141,12502265329.587345,12393334201.243296,1937,1748,0.9024264326277749,1.7349648205477015,1.6970699878996598,0.9677976971808109,2.4668689703562454,1.9049074560057235,1.7971826398228314,-0.16994263545802202,-0.062217819275129926
PL,gap_1,gap <= 1,12,15848931924.611141,25118864315.095818,19890642709.656784,19714149627.431976,1310,1193,0.9106870229007633,1.694119177947318,1.6794867493192636,0.9542603973057122,2.418629966546748,1.8299504884703839,1.6995652320692791,-0.13583131052306596,-0.005446054121961197
PL,gap_1,gap <= 1,13,25118864315.095818,39810717055.34974,31476456392.370167,31198615004.041058,844,775,0.9182464454976303,1.6160292533658145,1.587917321353242,0.8904732862254358,2.3332820626639226,1.7577580646581206,1.6064208695248925,-0.14172881129230608,0.009608383840921997
PL,gap_1,gap <= 1,14,39810717055.34974,63095734448.01936,49621855275.85366,49183327810.18798,598,557,0.931438127090301,1.5594024034744465,1.526561046228971,0.8671425864047299,2.214590452406156,1.687982122595292,1.5172217541003383,-0.12857971912084554,0.04218064937410815
PL,gap_1,gap <= 1,15,63095734448.01936,100000000000.0,78511477249.1581,77834869758.6788,359,333,0.9275766016713092,1.4629463090464336,1.4548095425931944,0.7622330870535647,2.1302706751170266,1.6194374326812708,1.4304017808423675,-0.1564911236348372,0.03254452820406617
PL,gap_1,gap <= 1,16,100000000000.0,158489319246.11142,125121459809.47119,124051501485.51265,271,258,0.9520295202952029,1.4627375940693983,1.4617806913492846,0.9054503225389324,1.9794482384931253,1.5516023017006138,1.3452793396575942,-0.08886470763121546,0.11745825441180413
PL,gap_1,gap <= 1,17,158489319246.11142,251188643150.9582,194519812102.8196,192994685655.42715,153,145,0.9477124183006536,1.3635185389206428,1.3762486697674645,0.7618540360276749,1.8863737109927712,1.488995442910134,1.2674343770147636,-0.12547690398949118,0.0960841619058792
PL,gap_1,gap <= 1,18,251188643150.9582,398107170553.4973,310657150424.98303,308142078996.11237,106,104,0.9811320754716981,1.3569107310240358,1.418154450426529,0.6123554762396131,1.9327800405046487,1.424249560161169,1.1876655962522915,-0.0673388291371333,0.1692451347717443
PL,gap_1,gap <= 1,19,398107170553.4973,630957344480.1936,500879211170.7224,496981520056.42975,80,77,0.9625,1.2207495637412544,1.128935663389739,0.4971548748175261,1.8150267021521498,1.3599228070245495,1.1091666011439276,-0.13917324328329506,0.1115829625973268
PL,gap_1,gap <= 1,20,630957344480.1936,1000000000000.0,821848258098.5312,815968145434.4486,53,51,0.9622641509433962,1.2373764147000745,1.296269861963905,0.7088059021894022,1.652856210164589,1.295038611468263,1.0307614016931486,-0.05766219676818851,0.20661501300692597
PL,gap_2,gap <= 2,1,100000000.0,158489319.24611133,125132249.31675194,124031770.78983282,111004,96909,0.8730225937804043,2.4732504077355184,2.2561485597209376,1.1992217373384009,3.7109687437203793,2.764530992044712,2.978246715728781,-0.29128058430919346,-0.5049963079932627
PL,gap_2,gap <= 2,2,158489319.24611133,251188643.15095794,198250378.7326416,196462567.35124552,77426,71857,0.928073257045437,2.4773455780983986,2.2700639411967174,1.243338867822764,3.659855839893466,2.668255826999238,2.840639884393904,-0.19091024890083919,-0.3632943062955052
PL,gap_2,gap <= 2,3,251188643.15095794,398107170.5534973,315163386.28408915,312423421.95377624,51822,48189,0.9298946393423643,2.406976509420538,2.2231596796115665,1.2478360493965133,3.539837372958495,2.5737585101633464,2.7068283438277527,-0.16678200074280847,-0.29985183440721475
PL,gap_2,gap <= 2,4,398107170.5534973,630957344.4801933,498984470.17360586,494532970.8638189,35056,32699,0.9327647193062528,2.34907007599188,2.184000382941762,1.2331893194479284,3.4138040466489152,2.4824947147129572,2.57879484330117,-0.13342463872107713,-0.22972476730928992
PL,gap_2,gap <= 2,5,630957344.4801933,999999999.9999999,790643013.9451506,783687313.0496279,23258,21641,0.9304755352996819,2.2692337870285773,2.1310943138250025,1.2242299687416607,3.2683398381821593,2.393411029471736,2.454975381453182,-0.12417724244315886,-0.1857415944246048
PL,gap_2,gap <= 2,6,999999999.9999999,1584893192.461114,1251071014.5868552,1240094911.4731374,15701,14663,0.9338895611744474,2.1774529298115475,2.073842436121007,1.1815290368648834,3.1105085381437294,2.306859865578856,2.335787604338493,-0.12940693576730844,-0.15833467452694538
PL,gap_2,gap <= 2,7,1584893192.461114,2511886431.5095806,1979682897.6098485,1962709800.4825444,9949,9353,0.9400944818574731,2.1116680360374085,2.0058667398546706,1.1606871552560196,3.0122490576293632,2.222511172190211,2.22070460953073,-0.11084313615280239,-0.10903657349332141
PL,gap_2,gap <= 2,8,2511886431.5095806,3981071705.534973,3143918373.2736897,3116474797.290041,6848,6427,0.9385221962616822,2.029252020903962,1.935980863872797,1.1041950584172215,2.891014431591457,2.139678172318476,2.1087364770967265,-0.11042615141451373,-0.07948445619276434
PL,gap_2,gap <= 2,9,3981071705.534973,6309573444.801932,4969261409.71364,4926269743.285694,4496,4242,0.9435053380782918,1.9738374439386959,1.8945464696592036,1.078426084701717,2.7955116901484747,2.059789394120849,2.0017473410522624,-0.08595195018215329,-0.027909897113566506
PL,gap_2,gap <= 2,10,6309573444.801932,10000000000.0,7881687613.177465,7813473653.016238,3000,2848,0.9493333333333334,1.8952988760399532,1.8030266007660793,1.026420417870496,2.7336655340030203,1.9813509617515743,1.8976711074435921,-0.08605208571162115,-0.002372231403638958
PL,gap_2,gap <= 2,11,10000000000.0,15848931924.611141,12517024969.96172,12407556510.250368,1937,1817,0.9380485286525555,1.781636391208383,1.7172470019571995,0.9761428230480057,2.5550679839707233,1.9047145005300123,1.7969301792893888,-0.12307810932162933,-0.015293788081005788
PL,gap_2,gap <= 2,12,15848931924.611141,25118864315.095818,19855458134.107376,19679819626.65272,1310,1240,0.9465648854961832,1.732093219439353,1.7013472621420584,0.9797741342892001,2.461946699934499,1.8302325843692104,1.6999308879542987,-0.09813936492985742,0.03216233148505432
PL,gap_2,gap <= 2,13,25118864315.095818,39810717055.34974,31493523421.236603,31212074369.521187,844,806,0.9549763033175356,1.6565989833204913,1.6108410390515921,0.9055611184529038,2.363878944450171,1.7576739033830786,1.6063127880282013,-0.10107492006258734,0.05028619529228995
PL,gap_2,gap <= 2,14,39810717055.34974,63095734448.01936,49693188459.144516,49258154823.548164,598,579,0.9682274247491639,1.5943228905913156,1.5510799254993286,0.8801054788760325,2.2692972761033285,1.687764740462002,1.5169451454955296,-0.09344184987068638,0.07737774509578599
PL,gap_2,gap <= 2,15,63095734448.01936,100000000000.0,78413030890.33838,77737319114.29715,359,343,0.9554317548746518,1.5020266859090141,1.477133765538602,0.7707379501412481,2.179026617435359,1.6196224748449137,1.430635072541981,-0.11759578893589961,0.07139161336703315
PL,gap_2,gap <= 2,16,100000000000.0,158489319246.11142,125091489094.82805,124033352331.196,271,261,0.9630996309963099,1.4639018806495023,1.4682706128305325,0.9198987501408504,1.9689442236558066,1.5516367162132725,1.3453223207359684,-0.08773483556377015,0.11857955991353397
PL,gap_2,gap <= 2,17,158489319246.11142,251188643150.9582,194765262224.95792,193235082800.63455,153,147,0.9607843137254902,1.3793720557926739,1.4004799363475566,0.7624959404200622,1.8913872341748827,1.4888187404349749,1.2672156508352193,-0.109446684642301,0.1121564049574546
PL,gap_2,gap <= 2,18,251188643150.9582,398107170553.4973,310657150424.98303,308142078996.11237,106,104,0.9811320754716981,1.3569107310240358,1.418154450426529,0.6123554762396131,1.9327800405046487,1.424249560161169,1.1876655962522915,-0.0673388291371333,0.1692451347717443
PL,gap_2,gap <= 2,19,398107170553.4973,630957344480.1936,501579399094.2142,497691210832.2192,80,78,0.975,1.2320835111835642,1.1427572685276361,0.5007207911975033,1.8418274782923503,1.359737211565518,1.1089412149305682,-0.12765370038195378,0.123142296252996
PL,gap_2,gap <= 2,20,630957344480.1936,1000000000000.0,821848258098.5312,815968145434.4486,53,51,0.9622641509433962,1.2373764147000745,1.296269861963905,0.7088059021894022,1.652856210164589,1.295038611468263,1.0307614016931486,-0.05766219676818851,0.20661501300692597
PL,gap_3,gap <= 3,1,100000000.0,158489319.24611133,125147857.99524948,124046748.26556098,111004,99651,0.8977244063276999,2.532585360622596,2.289886471113889,1.2136845887121939,3.8166998036271464,2.76450455654369,2.9782087561945394,-0.231919195921094,-0.4456233955719435
PL,gap_3,gap <= 3,2,158489319.24611133,251188643.15095794,198272296.76328024,196486506.39798602,77426,74095,0.9569782760313074,2.5405436273801243,2.309063208245746,1.260099753463993,3.774842655694965,2.668232995724647,2.840607403596375,-0.1276893683445226,-0.3000637762162506
PL,gap_3,gap <= 3,3,251188643.15095794,398107170.5534973,315157121.8723327,312418132.88971585,51822,49690,0.958859171780325,2.4690835451829987,2.2584343177733452,1.2642181772454808,3.6406135051384974,2.573762509451478,2.706833980374258,-0.10467896426847956,-0.23775043519125916
PL,gap_3,gap <= 3,4,398107170.5534973,630957344.4801933,498939792.73721004,494490373.60894287,35056,33649,0.9598642172523961,2.407986775395661,2.2136932363352937,1.2461660375961832,3.507392722080144,2.4825122705125584,2.578819357651302,-0.07452549511689721,-0.1708325822556409
PL,gap_3,gap <= 3,5,630957344.4801933,999999999.9999999,790733162.822409,783771499.7266716,23258,22291,0.9584229082466248,2.3249078401885472,2.159929349223354,1.234906149983897,3.3688787266373432,2.393389247429564,2.454945247256064,-0.0684814072410167,-0.13003740706751676
PL,gap_3,gap <= 3,6,999999999.9999999,1584893192.461114,1251389968.3023317,1240426473.9446836,15701,15075,0.9601299280300618,2.2229943187315695,2.097952473088497,1.1963664137555594,3.182110659855679,2.3068124073617877,2.3357225545423543,-0.08381808863021822,-0.11272823581078484
PL,gap_3,gap <= 3,7,1584893192.461114,2511886431.5095806,1980125865.1338694,1963157236.593919,9949,9603,0.9652226354407478,2.1545164690332674,2.0274698796876396,1.171929209191574,3.07591624754452,2.222470581375925,2.220649486094062,-0.06795411234265769,-0.06613301706079477
PL,gap_3,gap <= 3,8,2511886431.5095806,3981071705.534973,3143152138.3894076,3115752047.8618946,6848,6592,0.9626168224299065,2.0784803117774273,1.961643493354702,1.1180425575851123,2.955227003758527,2.1397212587072003,2.108794445719201,-0.061240946929773,-0.030314133941773846
PL,gap_3,gap <= 3,9,3981071705.534973,6309573444.801932,4966130019.9921465,4923176634.350175,4496,4352,0.9679715302491103,2.011888566772831,1.9115345820642748,1.0946332591893515,2.8559662200907394,2.059897984109051,2.0018920942581317,-0.04800941733622022,0.00999647251469904
PL,gap_3,gap <= 3,10,6309573444.801932,10000000000.0,7884806772.540324,7816651051.720612,3000,2907,0.969,1.921463298885644,1.818517689523181,1.0297208472815504,2.77121277369233,1.9812845493651237,1.897583400015142,-0.059821250479479726,0.023879898870502014
PL,gap_3,gap <= 3,11,10000000000.0,15848931924.611141,12524058305.648539,12414130373.902657,1937,1864,0.9623128549303046,1.8223836546565,1.734655339979618,0.9854151499252943,2.5974439807407554,1.9046226369808212,1.7968099882836794,-0.08223898232432125,0.025573666372820547
PL,gap_3,gap <= 3,12,15848931924.611141,25118864315.095818,19841588159.588608,19666455714.478294,1310,1269,0.9687022900763359,1.7597594225762068,1.7271414633464817,0.9864130787049813,2.5069571392129673,1.8303439334272174,1.7000752234584477,-0.07058451085101058,0.05968419911775902
PL,gap_3,gap <= 3,13,25118864315.095818,39810717055.34974,31507512805.79039,31225425601.043434,844,823,0.9751184834123223,1.6839879106408946,1.6279995650060461,0.9133641724554991,2.39500664358596,1.7576049545701253,1.6062242435441667,-0.07361704392923074,0.07776366709672788
PL,gap_3,gap <= 3,14,39810717055.34974,63095734448.01936,49668301140.44566,49236154975.130844,598,584,0.9765886287625418,1.603406381838431,1.558449506335056,0.8857260521722161,2.27501913573961,1.687840545102378,1.5170416024460622,-0.08443416326394693,0.08636477939236875
PL,gap_3,gap <= 3,15,63095734448.01936,100000000000.0,78429542508.88393,77755878422.03375,359,351,0.9777158774373259,1.5276272659837202,1.4867081666306254,0.7875410862164609,2.2047273106104672,1.619591422084441,1.4305959223962903,-0.09196415610072073,0.09703134358742993
PL,gap_3,gap <= 3,16,100000000000.0,158489319246.11142,125285679316.49841,124216687587.43933,271,263,0.9704797047970479,1.479353672398105,1.4737042520484869,0.9295310352087958,1.985879965054044,1.5514138875830548,1.3450440286083936,-0.07206021518494987,0.13430964378971133
PL,gap_3,gap <= 3,17,158489319246.11142,251188643150.9582,194762515447.3585,193252604621.81393,153,149,0.9738562091503268,1.403139032570088,1.4166448489025385,0.7631378448124496,1.9092395910169582,1.4888207165712712,1.267218096909041,-0.08568168400118314,0.13592093566104713
PL,gap_3,gap <= 3,18,251188643150.9582,398107170553.4973,310657150424.98303,308142078996.11237,106,104,0.9811320754716981,1.3569107310240358,1.418154450426529,0.6123554762396131,1.9327800405046487,1.424249560161169,1.1876655962522915,-0.0673388291371333,0.1692451347717443
PL,gap_3,gap <= 3,19,398107170553.4973,630957344480.1936,501579399094.2142,497691210832.2192,80,78,0.975,1.2320835111835642,1.1427572685276361,0.5007207911975033,1.8418274782923503,1.359737211565518,1.1089412149305682,-0.12765370038195378,0.123142296252996
PL,gap_3,gap <= 3,20,630957344480.1936,1000000000000.0,821848258098.5312,815968145434.4486,53,51,0.9622641509433962,1.2373764147000745,1.296269861963905,0.7088059021894022,1.652856210164589,1.295038611468263,1.0307614016931486,-0.05766219676818851,0.20661501300692597
PL,gap_5,gap <= 5,1,100000000.0,158489319.24611133,125159647.73984922,124058332.101879,111004,100834,0.9083816799394616,2.5661004638097924,2.3072288063241126,1.2209930581787487,3.8771878611188004,2.7644845912551586,2.9781800874971984,-0.19838412744536615,-0.412079623687406
PL,gap_5,gap <= 5,2,158489319.24611133,251188643.15095794,198294771.73188734,196506965.8591663,77426,75082,0.9697259318575155,2.5756998810098537,2.328644264968673,1.2702306375310028,3.838022001034709,2.6682095870748133,2.8405741014741808,-0.09250970606495956,-0.26487422046432707
PL,gap_5,gap <= 5,3,251188643.15095794,398107170.5534973,315155047.84180754,312415111.78836626,51822,50399,0.9725406198139787,2.505806219292575,2.2783728276838238,1.2730173637613118,3.697807265911273,2.5737638335600934,2.7068358465568214,-0.06795761426751845,-0.20102962726424645
PL,gap_5,gap <= 5,4,398107170.5534973,630957344.4801933,498920317.7741803,494471300.98412424,35056,34069,0.9718450479233227,2.4377664321581136,2.226380208737937,1.2526702473757436,3.5555234639670115,2.4825199236322044,2.5788300442336562,-0.0447534914740908,-0.14106361207554263
PL,gap_5,gap <= 5,5,630957344.4801933,999999999.9999999,790702606.2642671,783745275.2119464,23258,22614,0.9723106028033365,2.359735796361614,2.1722931251877267,1.2410955874774914,3.4382312837815037,2.393396630302926,2.4549554610271187,-0.03366083394131181,-0.09521966466550458
PL,gap_5,gap <= 5,6,999999999.9999999,1584893192.461114,1251529735.3692577,1240575012.555985,15701,15280,0.9731864212470543,2.253356440888293,2.1137422676210353,1.2018077156590325,3.2253392097861324,2.306791614966728,2.3356940550298257,-0.05343517407843468,-0.08233761414153262
PL,gap_5,gap <= 5,7,1584893192.461114,2511886431.5095806,1980392348.1677978,1963390069.1820774,9949,9728,0.9777867122323851,2.180165160139504,2.042410426763426,1.1773192125746528,3.108353323970167,2.222446167133276,2.220616331004373,-0.0422810069937718,-0.040451170864868935
PL,gap_5,gap <= 5,8,2511886431.5095806,3981071705.534973,3143947706.9547725,3116539822.2254853,6848,6682,0.9757593457943925,2.106334655084761,1.9783183929667338,1.1303132824094744,3.0064379658278138,2.139676523067717,2.108734258192959,-0.0333418679829558,-0.0023996031081980895
PL,gap_5,gap <= 5,9,3981071705.534973,6309573444.801932,4966346621.624108,4923403047.360483,4496,4407,0.9802046263345195,2.0359008228887236,1.921797356854491,1.1055472399580268,2.8892106236301967,2.0598904704933756,2.001882078358693,-0.023989647604651942,0.03401874453003062
PL,gap_5,gap <= 5,10,6309573444.801932,10000000000.0,7887233406.894401,7818886293.537077,3000,2938,0.9793333333333333,1.9340374614038298,1.824916468630085,1.0301889067426504,2.7858406766826245,1.981232901243875,1.8975151914781518,-0.04719543984004515,0.036522269925677975
PL,gap_5,gap <= 5,11,10000000000.0,15848931924.611141,12522250550.631666,12412500042.72662,1937,1885,0.9731543624161074,1.8373673132416253,1.7453569804094093,0.9910302101929561,2.628283029644108,1.9046462431609892,1.7968408736413588,-0.0672789299193639,0.04052643960026647
PL,gap_5,gap <= 5,12,15848931924.611141,25118864315.095818,19839006726.801853,19664258562.69051,1310,1288,0.983206106870229,1.7816194343024094,1.7343253109457573,0.989054088188239,2.551807588930829,1.830364666412612,1.700102098683133,-0.04874523211020265,0.08151733561927643
PL,gap_5,gap <= 5,13,25118864315.095818,39810717055.34974,31508549494.302986,31226658479.428352,844,832,0.985781990521327,1.6986477129412405,1.638905366168411,0.9151736336920433,2.424290631543828,1.7575998463798803,1.6062176836068573,-0.05895213343863981,0.09243002933438316
PL,gap_5,gap <= 5,14,39810717055.34974,63095734448.01936,49677958677.66179,49248090458.91855,598,591,0.9882943143812709,1.6214380472573382,1.5744482978522965,0.9060454971377077,2.292825177140974,1.6878111243086749,1.5170041660989688,-0.06637307705133666,0.10443388115836938
PL,gap_5,gap <= 5,15,63095734448.01936,100000000000.0,78425672843.928,77754490849.71939,359,355,0.9888579387186629,1.5445683082522796,1.494418717000418,0.7879894575116339,2.2212298283281084,1.6195986989936193,1.4306050968331618,-0.07503039074133966,0.1139632114191178
PL,gap_5,gap <= 5,16,100000000000.0,158489319246.11142,125310599258.97751,124248010841.32649,271,267,0.985239852398524,1.4977350268258403,1.500397068475042,0.9430014893249327,2.0139795846367203,1.551385318960988,1.3450083497008882,-0.053650292135147826,0.15272667712495203
PL,gap_5,gap <= 5,17,158489319246.11142,251188643150.9582,195082218089.31128,193546445162.0786,153,150,0.9803921568627451,1.4264694163322198,1.417793314857963,0.7634587970086433,1.9223793551436867,1.4885909077986872,1.2669336428498328,-0.06212149146646739,0.159535773482387
PL,gap_5,gap <= 5,18,251188643150.9582,398107170553.4973,311396865697.4253,308821583256.46716,106,105,0.9905660377358491,1.3503246847699977,1.41704692001421,0.6146580533102738,1.9310161016313254,1.4239249789829032,1.1872676086418519,-0.07360029421290548,0.1630570761281458
PL,gap_5,gap <= 5,19,398107170553.4973,630957344480.1936,501579399094.2142,497691210832.2192,80,78,0.975,1.2320835111835642,1.1427572685276361,0.5007207911975033,1.8418274782923503,1.359737211565518,1.1089412149305682,-0.12765370038195378,0.123142296252996
PL,gap_5,gap <= 5,20,630957344480.1936,1000000000000.0,821848258098.5312,815968145434.4486,53,51,0.9622641509433962,1.2373764147000745,1.296269861963905,0.7088059021894022,1.652856210164589,1.295038611468263,1.0307614016931486,-0.05766219676818851,0.20661501300692597
PL,all_gaps,all gaps,1,100000000.0,158489319.24611133,125172007.14156845,124070305.06386745,111004,101445,0.9138859860905914,2.593995002698213,2.318473796498984,1.2250369926823315,3.9180469406875074,2.7644636634161617,2.9781500367061944,-0.17046866071794886,-0.38415503400798157
PL,all_gaps,all gaps,2,158489319.24611133,251188643.15095794,198281424.16987607,196493427.46570653,77426,75575,0.9760933019915791,2.604449216004286,2.3435799207073265,1.2757188228443994,3.8912563651291627,2.668223488798747,2.8405938786376312,-0.06377427279446124,-0.23614466263334544
PL,all_gaps,all gaps,3,251188643.15095794,398107170.5534973,315161769.96350956,312422376.81157714,51822,50710,0.9785419319979931,2.531657421155839,2.288343489889102,1.277896718876908,3.7373977396130296,2.573759542036986,2.7068297981372953,-0.04210212088114673,-0.17517237698145616
PL,all_gaps,all gaps,4,398107170.5534973,630957344.4801933,498862037.35783833,494415690.30405426,35056,34294,0.9782633500684619,2.464231275270534,2.2350007260382965,1.2571000488355604,3.589683844009151,2.4825428281026314,2.578862027386427,-0.018311552832097178,-0.11463075211589269
PL,all_gaps,all gaps,5,630957344.4801933,999999999.9999999,790662522.2138416,783707316.9328346,23258,22743,0.9778570814343451,2.3797529435306486,2.1796762577866016,1.243725352089649,3.4661412578011763,2.3934063156029097,2.4549688600820705,-0.013653372072261138,-0.0752159165514219
PL,all_gaps,all gaps,6,999999999.9999999,1584893192.461114,1251491316.7336862,1240541573.5574093,15701,15372,0.9790459206419974,2.2782912853469988,2.1207183266883716,1.2059122045638933,3.250964365021615,2.306797330056125,2.33570188852511,-0.02850604470912632,-0.05741060317811142
PL,all_gaps,all gaps,7,1584893192.461114,2511886431.5095806,1980284945.3298624,1963285969.5292907,9949,9774,0.9824102924917077,2.1954301647048653,2.0482217547572956,1.1791876769241278,3.1352563747185056,2.2224560065878043,2.2206296931937057,-0.027025841882938995,-0.02519952848884044
PL,all_gaps,all gaps,8,2511886431.5095806,3981071705.534973,3143388880.268575,3116001803.5052714,6848,6718,0.9810163551401869,2.1243200529982427,1.984090021445164,1.1360875556447896,3.032417874525015,2.1397079452176895,2.108776533659662,-0.015387892219446808,0.01554351933858067
PL,all_gaps,all gaps,9,3981071705.534973,6309573444.801932,4965625119.390717,4922645526.046941,4496,4425,0.9842081850533808,2.0479504862815654,1.9237797183719771,1.1077174554454563,2.9025938202620836,2.059915499767406,2.0019154432471815,-0.011965013485840448,0.04603504303438388
PL,all_gaps,all gaps,10,6309573444.801932,10000000000.0,7885504375.198541,7817164176.581757,3000,2951,0.9836666666666667,1.9518139265273,1.8304909512839544,1.0312924845123275,2.797305991720734,1.9812696999754738,1.897563789284654,-0.02945577344817374,0.054250137242646046
PL,all_gaps,all gaps,11,10000000000.0,15848931924.611141,12519889513.7622,12410146158.273867,1937,1893,0.977284460505937,1.8515295892990336,1.7522208334037594,0.9923115651566428,2.635046093532834,1.904677079674768,1.796881219006567,-0.05314749037573452,0.0546483702924665
PL,all_gaps,all gaps,12,15848931924.611141,25118864315.095818,19842944290.504017,19668021390.761486,1310,1292,0.9862595419847329,1.7831994093129016,1.7352746173539122,0.9916347328126718,2.5528011985059362,1.8303330426940785,1.700061106325394,-0.04713363338117693,0.08313830298750746
PL,all_gaps,all gaps,13,25118864315.095818,39810717055.34974,31508549494.302986,31226658479.428352,844,832,0.985781990521327,1.6986477129412405,1.638905366168411,0.9151736336920433,2.424290631543828,1.7575998463798803,1.6062176836068573,-0.05895213343863981,0.09243002933438316
PL,all_gaps,all gaps,14,39810717055.34974,63095734448.01936,49677958677.66179,49248090458.91855,598,591,0.9882943143812709,1.6214380472573382,1.5744482978522965,0.9060454971377077,2.292825177140974,1.6878111243086749,1.5170041660989688,-0.06637307705133666,0.10443388115836938
PL,all_gaps,all gaps,15,63095734448.01936,100000000000.0,78425672843.928,77754490849.71939,359,355,0.9888579387186629,1.5445683082522796,1.494418717000418,0.7879894575116339,2.2212298283281084,1.6195986989936193,1.4306050968331618,-0.07503039074133966,0.1139632114191178
PL,all_gaps,all gaps,16,100000000000.0,158489319246.11142,125310599258.97751,124248010841.32649,271,267,0.985239852398524,1.4977350268258403,1.500397068475042,0.9430014893249327,2.0139795846367203,1.551385318960988,1.3450083497008882,-0.053650292135147826,0.15272667712495203
PL,all_gaps,all gaps,17,158489319246.11142,251188643150.9582,195082218089.31128,193546445162.0786,153,150,0.9803921568627451,1.4264694163322198,1.417793314857963,0.7634587970086433,1.9223793551436867,1.4885909077986872,1.2669336428498328,-0.06212149146646739,0.159535773482387
PL,all_gaps,all gaps,18,251188643150.9582,398107170553.4973,311396865697.4253,308821583256.46716,106,105,0.9905660377358491,1.3503246847699977,1.41704692001421,0.6146580533102738,1.9310161016313254,1.4239249789829032,1.1872676086418519,-0.07360029421290548,0.1630570761281458
PL,all_gaps,all gaps,19,398107170553.4973,630957344480.1936,501579399094.2142,497691210832.2192,80,78,0.975,1.2320835111835642,1.1427572685276361,0.5007207911975033,1.8418274782923503,1.359737211565518,1.1089412149305682,-0.12765370038195378,0.123142296252996
PL,all_gaps,all gaps,20,630957344480.1936,1000000000000.0,821848258098.5312,815968145434.4486,53,51,0.9622641509433962,1.2373764147000745,1.296269861963905,0.7088059021894022,1.652856210164589,1.295038611468263,1.0307614016931486,-0.05766219676818851,0.20661501300692597
