model,target_mass_msun,bin_index,r_over_r200m,rho_msun_kpc3_median,rho_msun_kpc3_p16_bootstrap_median,rho_msun_kpc3_p84_bootstrap_median,nhalo,n_bootstrap,power_radius_over_r200m,kappa_threshold,reference_overdensity_crit,source_cache
BT_deep,1e+08,0,0.01122018454,,,,100,160,0.5260930495,0.6,63,BTdeep_M1e+08_N100_B160_all.npz
BT_deep,1e+08,1,0.01412537545,89303350.91,82132928.55,90334886.4,100,160,0.5260930495,0.6,63,BTdeep_M1e+08_N100_B160_all.npz
BT_deep,1e+08,2,0.0177827941,40519688.37,36153884.11,45825643.82,100,160,0.5260930495,0.6,63,BTdeep_M1e+08_N100_B160_all.npz
BT_deep,1e+08,3,0.02238721139,22166186.13,19997955.58,22967227.66,100,160,0.5260930495,0.6,63,BTdeep_M1e+08_N100_B160_all.npz
BT_deep,1e+08,4,0.02818382931,9449844.106,9168713.58,10086332.97,100,160,0.5260930495,0.6,63,BTdeep_M1e+08_N100_B160_all.npz
BT_deep,1e+08,5,0.03548133892,5023484.123,4806021.499,5203959.274,100,160,0.5260930495,0.6,63,BTdeep_M1e+08_N100_B160_all.npz
BT_deep,1e+08,6,0.04466835922,2853279.107,2792924.501,2966123.964,100,160,0.5260930495,0.6,63,BTdeep_M1e+08_N100_B160_all.npz
BT_deep,1e+08,7,0.05623413252,2390321.146,2295919.802,2663967.725,100,160,0.5260930495,0.6,63,BTdeep_M1e+08_N100_B160_all.npz
BT_deep,1e+08,8,0.07079457844,1776519.26,1687917.114,1864427.989,100,160,0.5260930495,0.6,63,BTdeep_M1e+08_N100_B160_all.npz
BT_deep,1e+08,9,0.08912509381,1088718.923,1024170.812,1288356.25,100,160,0.5260930495,0.6,63,BTdeep_M1e+08_N100_B160_all.npz
BT_deep,1e+08,10,0.1122018454,714665.2406,704886.4906,726571.5868,100,160,0.5260930495,0.6,63,BTdeep_M1e+08_N100_B160_all.npz
BT_deep,1e+08,11,0.1412537545,417594.2961,405765.9072,450867.5308,100,160,0.5260930495,0.6,63,BTdeep_M1e+08_N100_B160_all.npz
BT_deep,1e+08,12,0.177827941,185660.8601,173138.2491,198175.936,100,160,0.5260930495,0.6,63,BTdeep_M1e+08_N100_B160_all.npz
BT_deep,1e+08,13,0.2238721139,90741.31175,86110.3887,93081.86563,100,160,0.5260930495,0.6,63,BTdeep_M1e+08_N100_B160_all.npz
BT_deep,1e+08,14,0.2818382931,35827.72036,34428.31527,40669.22739,100,160,0.5260930495,0.6,63,BTdeep_M1e+08_N100_B160_all.npz
BT_deep,1e+08,15,0.3548133892,18094.93206,16800.56172,19550.02632,100,160,0.5260930495,0.6,63,BTdeep_M1e+08_N100_B160_all.npz
BT_deep,1e+08,16,0.4466835922,8618.837687,8315.583563,9330.463904,100,160,0.5260930495,0.6,63,BTdeep_M1e+08_N100_B160_all.npz
BT_deep,1e+08,17,0.5623413252,4263.576581,3735.141078,4670.028013,100,160,0.5260930495,0.6,63,BTdeep_M1e+08_N100_B160_all.npz
BT_deep,1e+08,18,0.7079457844,2148.742112,2048.77043,2261.543964,100,160,0.5260930495,0.6,63,BTdeep_M1e+08_N100_B160_all.npz
BT_deep,1e+08,19,0.8912509381,966.0046603,895.1871647,1071.022714,100,160,0.5260930495,0.6,63,BTdeep_M1e+08_N100_B160_all.npz
BT_deep,1e+09,0,0.01122018454,16800404.41,16083201.15,17594095.61,100,160,0.18199777,0.6,63,BTdeep_M1e+09_N100_B160_all.npz
BT_deep,1e+09,1,0.01412537545,9252145.059,8883683.678,13007848.12,100,160,0.18199777,0.6,63,BTdeep_M1e+09_N100_B160_all.npz
BT_deep,1e+09,2,0.0177827941,8502381.187,7999025.357,9167202.886,100,160,0.18199777,0.6,63,BTdeep_M1e+09_N100_B160_all.npz
BT_deep,1e+09,3,0.02238721139,8181199.431,7645173.149,8774589.18,100,160,0.18199777,0.6,63,BTdeep_M1e+09_N100_B160_all.npz
BT_deep,1e+09,4,0.02818382931,6643548.282,6535384.779,7007536.695,100,160,0.18199777,0.6,63,BTdeep_M1e+09_N100_B160_all.npz
BT_deep,1e+09,5,0.03548133892,5427083.94,5248190.705,5876920.821,100,160,0.18199777,0.6,63,BTdeep_M1e+09_N100_B160_all.npz
BT_deep,1e+09,6,0.04466835922,4367690.243,4291158.545,4511701.791,100,160,0.18199777,0.6,63,BTdeep_M1e+09_N100_B160_all.npz
BT_deep,1e+09,7,0.05623413252,2988836.972,2876088.715,3053878.9,100,160,0.18199777,0.6,63,BTdeep_M1e+09_N100_B160_all.npz
BT_deep,1e+09,8,0.07079457844,1845700.302,1801577.433,1881451.927,100,160,0.18199777,0.6,63,BTdeep_M1e+09_N100_B160_all.npz
BT_deep,1e+09,9,0.08912509381,999729.7956,973277.9273,1023054.996,100,160,0.18199777,0.6,63,BTdeep_M1e+09_N100_B160_all.npz
BT_deep,1e+09,10,0.1122018454,538705.0043,530119.7784,554488.6902,100,160,0.18199777,0.6,63,BTdeep_M1e+09_N100_B160_all.npz
BT_deep,1e+09,11,0.1412537545,289100.7256,282217.8488,292909.107,100,160,0.18199777,0.6,63,BTdeep_M1e+09_N100_B160_all.npz
BT_deep,1e+09,12,0.177827941,143117.9152,139999.4031,146235.6592,100,160,0.18199777,0.6,63,BTdeep_M1e+09_N100_B160_all.npz
BT_deep,1e+09,13,0.2238721139,75636.2504,73989.67606,76883.6588,100,160,0.18199777,0.6,63,BTdeep_M1e+09_N100_B160_all.npz
BT_deep,1e+09,14,0.2818382931,39541.08743,37171.39003,39852.88632,100,160,0.18199777,0.6,63,BTdeep_M1e+09_N100_B160_all.npz
BT_deep,1e+09,15,0.3548133892,18952.38044,18334.02465,19673.72299,100,160,0.18199777,0.6,63,BTdeep_M1e+09_N100_B160_all.npz
BT_deep,1e+09,16,0.4466835922,10226.49316,9731.435079,10541.78712,100,160,0.18199777,0.6,63,BTdeep_M1e+09_N100_B160_all.npz
BT_deep,1e+09,17,0.5623413252,4581.129969,4403.205562,4630.529513,100,160,0.18199777,0.6,63,BTdeep_M1e+09_N100_B160_all.npz
BT_deep,1e+09,18,0.7079457844,2272.696555,2244.58507,2363.379423,100,160,0.18199777,0.6,63,BTdeep_M1e+09_N100_B160_all.npz
BT_deep,1e+09,19,0.8912509381,1167.357312,1131.100173,1200.499675,100,160,0.18199777,0.6,63,BTdeep_M1e+09_N100_B160_all.npz
BT_deep,1e+10,0,0.01122018454,14097644.16,12531808.13,16020313.87,100,160,0.06552444611,0.6,63,BTdeep_M1e+10_N100_B160_all.npz
BT_deep,1e+10,1,0.01412537545,12491095.72,11424594.21,14279957.75,100,160,0.06552444611,0.6,63,BTdeep_M1e+10_N100_B160_all.npz
BT_deep,1e+10,2,0.0177827941,11862766.55,10409502.44,12571028.67,100,160,0.06552444611,0.6,63,BTdeep_M1e+10_N100_B160_all.npz
BT_deep,1e+10,3,0.02238721139,10402193.32,10072255,10777325.77,100,160,0.06552444611,0.6,63,BTdeep_M1e+10_N100_B160_all.npz
BT_deep,1e+10,4,0.02818382931,8092541.782,7742658.315,8374413.039,100,160,0.06552444611,0.6,63,BTdeep_M1e+10_N100_B160_all.npz
BT_deep,1e+10,5,0.03548133892,5507246.652,5369965.48,5872779.126,100,160,0.06552444611,0.6,63,BTdeep_M1e+10_N100_B160_all.npz
BT_deep,1e+10,6,0.04466835922,3764680.971,3690548.327,3872629.806,100,160,0.06552444611,0.6,63,BTdeep_M1e+10_N100_B160_all.npz
BT_deep,1e+10,7,0.05623413252,2273012.806,2244240.785,2301990.329,100,160,0.06552444611,0.6,63,BTdeep_M1e+10_N100_B160_all.npz
BT_deep,1e+10,8,0.07079457844,1361081.334,1343438.261,1373570.791,100,160,0.06552444611,0.6,63,BTdeep_M1e+10_N100_B160_all.npz
BT_deep,1e+10,9,0.08912509381,801632.4545,788926.9783,815067.6354,100,160,0.06552444611,0.6,63,BTdeep_M1e+10_N100_B160_all.npz
BT_deep,1e+10,10,0.1122018454,450721.7855,444552.0522,453756.3631,100,160,0.06552444611,0.6,63,BTdeep_M1e+10_N100_B160_all.npz
BT_deep,1e+10,11,0.1412537545,259255.196,254522.013,264444.4947,100,160,0.06552444611,0.6,63,BTdeep_M1e+10_N100_B160_all.npz
BT_deep,1e+10,12,0.177827941,143960.7284,141371.1562,146461.8325,100,160,0.06552444611,0.6,63,BTdeep_M1e+10_N100_B160_all.npz
BT_deep,1e+10,13,0.2238721139,79144.87869,77576.18324,79643.39964,100,160,0.06552444611,0.6,63,BTdeep_M1e+10_N100_B160_all.npz
BT_deep,1e+10,14,0.2818382931,41381.6493,40815.42725,41922.35227,100,160,0.06552444611,0.6,63,BTdeep_M1e+10_N100_B160_all.npz
BT_deep,1e+10,15,0.3548133892,21279.58196,20786.47933,21580.11538,100,160,0.06552444611,0.6,63,BTdeep_M1e+10_N100_B160_all.npz
BT_deep,1e+10,16,0.4466835922,10415.68148,10274.05304,10577.84757,100,160,0.06552444611,0.6,63,BTdeep_M1e+10_N100_B160_all.npz
BT_deep,1e+10,17,0.5623413252,5352.468272,5250.316609,5397.736765,100,160,0.06552444611,0.6,63,BTdeep_M1e+10_N100_B160_all.npz
BT_deep,1e+10,18,0.7079457844,2624.100384,2566.69374,2720.880872,100,160,0.06552444611,0.6,63,BTdeep_M1e+10_N100_B160_all.npz
BT_deep,1e+10,19,0.8912509381,1353.056463,1275.470275,1380.073291,100,160,0.06552444611,0.6,63,BTdeep_M1e+10_N100_B160_all.npz
BT_deep,1e+11,0,0.01122018454,7662218.109,5764478.724,9274777.893,100,160,0.02816649575,0.6,63,BTdeep_M1e+11_N100_B160_all.npz
BT_deep,1e+11,1,0.01412537545,7492929.792,6187262.383,8374903.338,100,160,0.02816649575,0.6,63,BTdeep_M1e+11_N100_B160_all.npz
BT_deep,1e+11,2,0.0177827941,7922301.591,6171082.425,8789120.683,100,160,0.02816649575,0.6,63,BTdeep_M1e+11_N100_B160_all.npz
BT_deep,1e+11,3,0.02238721139,7290060.339,5950793.463,7934312.663,100,160,0.02816649575,0.6,63,BTdeep_M1e+11_N100_B160_all.npz
BT_deep,1e+11,4,0.02818382931,6160115.759,5702387.114,6309786.305,100,160,0.02816649575,0.6,63,BTdeep_M1e+11_N100_B160_all.npz
BT_deep,1e+11,5,0.03548133892,4272212.362,4158783.057,4526210.494,100,160,0.02816649575,0.6,63,BTdeep_M1e+11_N100_B160_all.npz
BT_deep,1e+11,6,0.04466835922,2903343.219,2847899.954,2949617.724,100,160,0.02816649575,0.6,63,BTdeep_M1e+11_N100_B160_all.npz
BT_deep,1e+11,7,0.05623413252,1848516.302,1804664.469,1902410.754,100,160,0.02816649575,0.6,63,BTdeep_M1e+11_N100_B160_all.npz
BT_deep,1e+11,8,0.07079457844,1152889.65,1145541.6,1189700.325,100,160,0.02816649575,0.6,63,BTdeep_M1e+11_N100_B160_all.npz
BT_deep,1e+11,9,0.08912509381,706700.59,696623.431,725353.1641,100,160,0.02816649575,0.6,63,BTdeep_M1e+11_N100_B160_all.npz
BT_deep,1e+11,10,0.1122018454,424607.9036,420671.2744,429017.6498,100,160,0.02816649575,0.6,63,BTdeep_M1e+11_N100_B160_all.npz
BT_deep,1e+11,11,0.1412537545,241793.7803,239213.6271,242884.5623,100,160,0.02816649575,0.6,63,BTdeep_M1e+11_N100_B160_all.npz
BT_deep,1e+11,12,0.177827941,138463.6617,137838.5792,140954.5982,100,160,0.02816649575,0.6,63,BTdeep_M1e+11_N100_B160_all.npz
BT_deep,1e+11,13,0.2238721139,78524.76917,77325.01202,80136.75515,100,160,0.02816649575,0.6,63,BTdeep_M1e+11_N100_B160_all.npz
BT_deep,1e+11,14,0.2818382931,42858.75382,42634.27632,43163.67591,100,160,0.02816649575,0.6,63,BTdeep_M1e+11_N100_B160_all.npz
BT_deep,1e+11,15,0.3548133892,22979.60408,22666.78387,23268.92048,100,160,0.02816649575,0.6,63,BTdeep_M1e+11_N100_B160_all.npz
BT_deep,1e+11,16,0.4466835922,11883.41248,11706.47084,12172.26,100,160,0.02816649575,0.6,63,BTdeep_M1e+11_N100_B160_all.npz
BT_deep,1e+11,17,0.5623413252,6002.672554,5922.395104,6240.700938,100,160,0.02816649575,0.6,63,BTdeep_M1e+11_N100_B160_all.npz
BT_deep,1e+11,18,0.7079457844,3013.707544,2963.856834,3099.994305,100,160,0.02816649575,0.6,63,BTdeep_M1e+11_N100_B160_all.npz
BT_deep,1e+11,19,0.8912509381,1502.513394,1471.451148,1561.357059,100,160,0.02816649575,0.6,63,BTdeep_M1e+11_N100_B160_all.npz
BT_soft,1e+08,0,0.01122018454,163176925.9,148202111,177511981.5,100,160,0.5312036904,0.6,63,BTsoft_M1e+08_N100_B160_all.npz
BT_soft,1e+08,1,0.01412537545,79039360.75,76466481.61,88624874.89,100,160,0.5312036904,0.6,63,BTsoft_M1e+08_N100_B160_all.npz
BT_soft,1e+08,2,0.0177827941,42597722.41,41221208.76,44115497.85,100,160,0.5312036904,0.6,63,BTsoft_M1e+08_N100_B160_all.npz
BT_soft,1e+08,3,0.02238721139,20177473.63,18987311.46,20536929.23,100,160,0.5312036904,0.6,63,BTsoft_M1e+08_N100_B160_all.npz
BT_soft,1e+08,4,0.02818382931,10777111.14,10445020.05,11177151.69,100,160,0.5312036904,0.6,63,BTsoft_M1e+08_N100_B160_all.npz
BT_soft,1e+08,5,0.03548133892,5573566.977,5374467.01,5866543.371,100,160,0.5312036904,0.6,63,BTsoft_M1e+08_N100_B160_all.npz
BT_soft,1e+08,6,0.04466835922,4905417.386,4707650.08,5312900.161,100,160,0.5312036904,0.6,63,BTsoft_M1e+08_N100_B160_all.npz
BT_soft,1e+08,7,0.05623413252,3406463.239,2841143.601,3724367.625,100,160,0.5312036904,0.6,63,BTsoft_M1e+08_N100_B160_all.npz
BT_soft,1e+08,8,0.07079457844,2641975.856,2527447.37,2711051.002,100,160,0.5312036904,0.6,63,BTsoft_M1e+08_N100_B160_all.npz
BT_soft,1e+08,9,0.08912509381,1522114.807,1463919.383,1605346.13,100,160,0.5312036904,0.6,63,BTsoft_M1e+08_N100_B160_all.npz
BT_soft,1e+08,10,0.1122018454,875199.0661,820190.9258,927396.8161,100,160,0.5312036904,0.6,63,BTsoft_M1e+08_N100_B160_all.npz
BT_soft,1e+08,11,0.1412537545,440109.9519,425945.171,460325.425,100,160,0.5312036904,0.6,63,BTsoft_M1e+08_N100_B160_all.npz
BT_soft,1e+08,12,0.177827941,165546.6892,160448.6184,170874.1423,100,160,0.5312036904,0.6,63,BTsoft_M1e+08_N100_B160_all.npz
BT_soft,1e+08,13,0.2238721139,67029.78076,64623.66821,72800.19018,100,160,0.5312036904,0.6,63,BTsoft_M1e+08_N100_B160_all.npz
BT_soft,1e+08,14,0.2818382931,27732.94475,25248.3428,32263.02372,100,160,0.5312036904,0.6,63,BTsoft_M1e+08_N100_B160_all.npz
BT_soft,1e+08,15,0.3548133892,13320.14947,11344.67508,14725.42435,100,160,0.5312036904,0.6,63,BTsoft_M1e+08_N100_B160_all.npz
BT_soft,1e+08,16,0.4466835922,5513.236473,5144.07499,6470.011079,100,160,0.5312036904,0.6,63,BTsoft_M1e+08_N100_B160_all.npz
BT_soft,1e+08,17,0.5623413252,3134.461243,2994.550757,3718.653766,100,160,0.5312036904,0.6,63,BTsoft_M1e+08_N100_B160_all.npz
BT_soft,1e+08,18,0.7079457844,1644.170647,1413.007113,1838.349251,100,160,0.5312036904,0.6,63,BTsoft_M1e+08_N100_B160_all.npz
BT_soft,1e+08,19,0.8912509381,675.2510593,610.8628416,718.8509989,100,160,0.5312036904,0.6,63,BTsoft_M1e+08_N100_B160_all.npz
BT_soft,1e+09,0,0.01122018454,27302102.23,26515947.2,30238210.89,100,160,0.1742515544,0.6,63,BTsoft_M1e+09_N100_B160_all.npz
BT_soft,1e+09,1,0.01412537545,20043097.33,18160710.31,22390992.22,100,160,0.1742515544,0.6,63,BTsoft_M1e+09_N100_B160_all.npz
BT_soft,1e+09,2,0.0177827941,16869863.6,15784944.02,18066769.5,100,160,0.1742515544,0.6,63,BTsoft_M1e+09_N100_B160_all.npz
BT_soft,1e+09,3,0.02238721139,15697784.15,14584137.18,17394873.69,100,160,0.1742515544,0.6,63,BTsoft_M1e+09_N100_B160_all.npz
BT_soft,1e+09,4,0.02818382931,12709439.2,11000649.82,13263771.46,100,160,0.1742515544,0.6,63,BTsoft_M1e+09_N100_B160_all.npz
BT_soft,1e+09,5,0.03548133892,9507593.595,8844096.807,10163650.53,100,160,0.1742515544,0.6,63,BTsoft_M1e+09_N100_B160_all.npz
BT_soft,1e+09,6,0.04466835922,6386793.384,6113956.04,6569309.805,100,160,0.1742515544,0.6,63,BTsoft_M1e+09_N100_B160_all.npz
BT_soft,1e+09,7,0.05623413252,4029332,3953027.285,4170441.175,100,160,0.1742515544,0.6,63,BTsoft_M1e+09_N100_B160_all.npz
BT_soft,1e+09,8,0.07079457844,2236166.854,2152351.326,2289341.326,100,160,0.1742515544,0.6,63,BTsoft_M1e+09_N100_B160_all.npz
BT_soft,1e+09,9,0.08912509381,1128450.204,1114199.436,1159233.111,100,160,0.1742515544,0.6,63,BTsoft_M1e+09_N100_B160_all.npz
BT_soft,1e+09,10,0.1122018454,564649.7066,550386.0807,588969.9205,100,160,0.1742515544,0.6,63,BTsoft_M1e+09_N100_B160_all.npz
BT_soft,1e+09,11,0.1412537545,278652.6854,272862.5588,284577.4131,100,160,0.1742515544,0.6,63,BTsoft_M1e+09_N100_B160_all.npz
BT_soft,1e+09,12,0.177827941,135014.8737,133460.016,139197.1206,100,160,0.1742515544,0.6,63,BTsoft_M1e+09_N100_B160_all.npz
BT_soft,1e+09,13,0.2238721139,64688.57198,62598.06253,66037.72361,100,160,0.1742515544,0.6,63,BTsoft_M1e+09_N100_B160_all.npz
BT_soft,1e+09,14,0.2818382931,31875.86367,31259.9649,32739.63045,100,160,0.1742515544,0.6,63,BTsoft_M1e+09_N100_B160_all.npz
BT_soft,1e+09,15,0.3548133892,16610.14943,16085.5451,17114.13476,100,160,0.1742515544,0.6,63,BTsoft_M1e+09_N100_B160_all.npz
BT_soft,1e+09,16,0.4466835922,7793.529973,7472.379929,7925.634062,100,160,0.1742515544,0.6,63,BTsoft_M1e+09_N100_B160_all.npz
BT_soft,1e+09,17,0.5623413252,3794.482073,3569.921498,4038.0683,100,160,0.1742515544,0.6,63,BTsoft_M1e+09_N100_B160_all.npz
BT_soft,1e+09,18,0.7079457844,1762.108575,1690.133355,1840.55747,100,160,0.1742515544,0.6,63,BTsoft_M1e+09_N100_B160_all.npz
BT_soft,1e+09,19,0.8912509381,768.4070431,730.4054234,787.6274036,100,160,0.1742515544,0.6,63,BTsoft_M1e+09_N100_B160_all.npz
BT_soft,1e+10,0,0.01122018454,33239269.46,31538782.16,37102336.06,100,160,0.06156820014,0.6,63,BTsoft_M1e+10_N100_B160_all.npz
BT_soft,1e+10,1,0.01412537545,29235879.5,27183237,30671711.58,100,160,0.06156820014,0.6,63,BTsoft_M1e+10_N100_B160_all.npz
BT_soft,1e+10,2,0.0177827941,26576970.89,24306145.26,27305500.7,100,160,0.06156820014,0.6,63,BTsoft_M1e+10_N100_B160_all.npz
BT_soft,1e+10,3,0.02238721139,19292549.27,18099929.78,20264024.39,100,160,0.06156820014,0.6,63,BTsoft_M1e+10_N100_B160_all.npz
BT_soft,1e+10,4,0.02818382931,12701358.14,12211431.84,13759103.83,100,160,0.06156820014,0.6,63,BTsoft_M1e+10_N100_B160_all.npz
BT_soft,1e+10,5,0.03548133892,8319008.14,8123546.292,8519248.729,100,160,0.06156820014,0.6,63,BTsoft_M1e+10_N100_B160_all.npz
BT_soft,1e+10,6,0.04466835922,4886944.262,4809650.103,5013131.108,100,160,0.06156820014,0.6,63,BTsoft_M1e+10_N100_B160_all.npz
BT_soft,1e+10,7,0.05623413252,2978329.178,2919842.489,3013523.806,100,160,0.06156820014,0.6,63,BTsoft_M1e+10_N100_B160_all.npz
BT_soft,1e+10,8,0.07079457844,1703936.017,1642370.894,1724595.515,100,160,0.06156820014,0.6,63,BTsoft_M1e+10_N100_B160_all.npz
BT_soft,1e+10,9,0.08912509381,951043.3092,942423.4306,963902.873,100,160,0.06156820014,0.6,63,BTsoft_M1e+10_N100_B160_all.npz
BT_soft,1e+10,10,0.1122018454,531171.0964,520625.8595,540491.8771,100,160,0.06156820014,0.6,63,BTsoft_M1e+10_N100_B160_all.npz
BT_soft,1e+10,11,0.1412537545,284147.8931,276965.6032,285962.5588,100,160,0.06156820014,0.6,63,BTsoft_M1e+10_N100_B160_all.npz
BT_soft,1e+10,12,0.177827941,144900.5111,143270.2689,146529.6845,100,160,0.06156820014,0.6,63,BTsoft_M1e+10_N100_B160_all.npz
BT_soft,1e+10,13,0.2238721139,75029.69429,73841.66467,76052.71531,100,160,0.06156820014,0.6,63,BTsoft_M1e+10_N100_B160_all.npz
BT_soft,1e+10,14,0.2818382931,37648.38981,36541.21048,38282.72022,100,160,0.06156820014,0.6,63,BTsoft_M1e+10_N100_B160_all.npz
BT_soft,1e+10,15,0.3548133892,18435.07664,18205.00966,18610.4579,100,160,0.06156820014,0.6,63,BTsoft_M1e+10_N100_B160_all.npz
BT_soft,1e+10,16,0.4466835922,8796.631057,8488.501349,8901.142812,100,160,0.06156820014,0.6,63,BTsoft_M1e+10_N100_B160_all.npz
BT_soft,1e+10,17,0.5623413252,4231.365126,4171.990398,4339.433676,100,160,0.06156820014,0.6,63,BTsoft_M1e+10_N100_B160_all.npz
BT_soft,1e+10,18,0.7079457844,1923.551423,1854.387131,1997.077367,100,160,0.06156820014,0.6,63,BTsoft_M1e+10_N100_B160_all.npz
BT_soft,1e+10,19,0.8912509381,959.5624264,912.3561836,1003.633128,100,160,0.06156820014,0.6,63,BTsoft_M1e+10_N100_B160_all.npz
BT_soft,1e+11,0,0.01122018454,12087627.83,10480516.22,14322675.71,100,160,0.02554813873,0.6,63,BTsoft_M1e+11_N100_B160_all.npz
BT_soft,1e+11,1,0.01412537545,12757037.13,11872543.2,15707065.64,100,160,0.02554813873,0.6,63,BTsoft_M1e+11_N100_B160_all.npz
BT_soft,1e+11,2,0.0177827941,13881926.82,11221042.51,16296199.84,100,160,0.02554813873,0.6,63,BTsoft_M1e+11_N100_B160_all.npz
BT_soft,1e+11,3,0.02238721139,12793521.69,11332542.47,15011916.16,100,160,0.02554813873,0.6,63,BTsoft_M1e+11_N100_B160_all.npz
BT_soft,1e+11,4,0.02818382931,9502740.679,8888835.364,9983403.955,100,160,0.02554813873,0.6,63,BTsoft_M1e+11_N100_B160_all.npz
BT_soft,1e+11,5,0.03548133892,6325695.365,6177982.713,6722412.334,100,160,0.02554813873,0.6,63,BTsoft_M1e+11_N100_B160_all.npz
BT_soft,1e+11,6,0.04466835922,4073003.75,3874805.84,4111925.28,100,160,0.02554813873,0.6,63,BTsoft_M1e+11_N100_B160_all.npz
BT_soft,1e+11,7,0.05623413252,2441452.214,2395690.01,2472900.006,100,160,0.02554813873,0.6,63,BTsoft_M1e+11_N100_B160_all.npz
BT_soft,1e+11,8,0.07079457844,1464442.776,1449278.226,1475385.705,100,160,0.02554813873,0.6,63,BTsoft_M1e+11_N100_B160_all.npz
BT_soft,1e+11,9,0.08912509381,838284.8691,831099.0889,847651.1083,100,160,0.02554813873,0.6,63,BTsoft_M1e+11_N100_B160_all.npz
BT_soft,1e+11,10,0.1122018454,471577.7741,465829.7559,478385.4656,100,160,0.02554813873,0.6,63,BTsoft_M1e+11_N100_B160_all.npz
BT_soft,1e+11,11,0.1412537545,264911.7565,262169.5472,267808.6669,100,160,0.02554813873,0.6,63,BTsoft_M1e+11_N100_B160_all.npz
BT_soft,1e+11,12,0.177827941,146613.6048,143897.4413,147236.164,100,160,0.02554813873,0.6,63,BTsoft_M1e+11_N100_B160_all.npz
BT_soft,1e+11,13,0.2238721139,77243.21998,76260.18569,77530.1956,100,160,0.02554813873,0.6,63,BTsoft_M1e+11_N100_B160_all.npz
BT_soft,1e+11,14,0.2818382931,39438.84497,39115.24598,39736.99053,100,160,0.02554813873,0.6,63,BTsoft_M1e+11_N100_B160_all.npz
BT_soft,1e+11,15,0.3548133892,19945.31722,19657.01067,20112.20792,100,160,0.02554813873,0.6,63,BTsoft_M1e+11_N100_B160_all.npz
BT_soft,1e+11,16,0.4466835922,10059.54905,9877.39119,10244.97303,100,160,0.02554813873,0.6,63,BTsoft_M1e+11_N100_B160_all.npz
BT_soft,1e+11,17,0.5623413252,5041.297058,4945.42149,5193.066689,100,160,0.02554813873,0.6,63,BTsoft_M1e+11_N100_B160_all.npz
BT_soft,1e+11,18,0.7079457844,2442.339939,2408.783676,2498.363724,100,160,0.02554813873,0.6,63,BTsoft_M1e+11_N100_B160_all.npz
BT_soft,1e+11,19,0.8912509381,1181.924694,1146.23752,1264.538981,100,160,0.02554813873,0.6,63,BTsoft_M1e+11_N100_B160_all.npz
PL,1e+08,0,0.01122018454,146514174.8,135037496.5,157990853,100,160,0.532475388,0.6,63,PL_M1e+08_N100_B160_all.npz
PL,1e+08,1,0.01412537545,70158147.36,68484569.18,73685323.36,100,160,0.532475388,0.6,63,PL_M1e+08_N100_B160_all.npz
PL,1e+08,2,0.0177827941,43974621.35,41510367.32,45001411.23,100,160,0.532475388,0.6,63,PL_M1e+08_N100_B160_all.npz
PL,1e+08,3,0.02238721139,20003966.03,19358045.9,22608439.97,100,160,0.532475388,0.6,63,PL_M1e+08_N100_B160_all.npz
PL,1e+08,4,0.02818382931,9968548.907,9672008.693,10314842.94,100,160,0.532475388,0.6,63,PL_M1e+08_N100_B160_all.npz
PL,1e+08,5,0.03548133892,4855499.618,4835127.077,4996109.45,100,160,0.532475388,0.6,63,PL_M1e+08_N100_B160_all.npz
PL,1e+08,6,0.04466835922,2503986.274,2405082.053,2518035.802,100,160,0.532475388,0.6,63,PL_M1e+08_N100_B160_all.npz
PL,1e+08,7,0.05623413252,2110526.26,1399406.362,2172475.317,100,160,0.532475388,0.6,63,PL_M1e+08_N100_B160_all.npz
PL,1e+08,8,0.07079457844,1331732.26,1241838.656,1409182.484,100,160,0.532475388,0.6,63,PL_M1e+08_N100_B160_all.npz
PL,1e+08,9,0.08912509381,714917.8309,657502.834,778783.6045,100,160,0.532475388,0.6,63,PL_M1e+08_N100_B160_all.npz
PL,1e+08,10,0.1122018454,503224.5221,437961.3252,532898.9227,100,160,0.532475388,0.6,63,PL_M1e+08_N100_B160_all.npz
PL,1e+08,11,0.1412537545,356645.9013,342768.7586,384506.0102,100,160,0.532475388,0.6,63,PL_M1e+08_N100_B160_all.npz
PL,1e+08,12,0.177827941,193777.0859,171385.7039,200798.6263,100,160,0.532475388,0.6,63,PL_M1e+08_N100_B160_all.npz
PL,1e+08,13,0.2238721139,87694.23914,85051.50218,90923.09705,100,160,0.532475388,0.6,63,PL_M1e+08_N100_B160_all.npz
PL,1e+08,14,0.2818382931,47657.15403,43638.41289,51498.20113,100,160,0.532475388,0.6,63,PL_M1e+08_N100_B160_all.npz
PL,1e+08,15,0.3548133892,21833.91952,20893.52401,24248.65368,100,160,0.532475388,0.6,63,PL_M1e+08_N100_B160_all.npz
PL,1e+08,16,0.4466835922,11054.85794,10428.88997,11777.56757,100,160,0.532475388,0.6,63,PL_M1e+08_N100_B160_all.npz
PL,1e+08,17,0.5623413252,4296.349639,4177.082983,4609.275425,100,160,0.532475388,0.6,63,PL_M1e+08_N100_B160_all.npz
PL,1e+08,18,0.7079457844,2539.983319,2250.384777,2619.441834,100,160,0.532475388,0.6,63,PL_M1e+08_N100_B160_all.npz
PL,1e+08,19,0.8912509381,1305.357413,1151.665424,1388.458056,100,160,0.532475388,0.6,63,PL_M1e+08_N100_B160_all.npz
PL,1e+09,0,0.01122018454,15644787.15,15020550.02,16088429.31,100,160,0.1843578924,0.6,63,PL_M1e+09_N100_B160_all.npz
PL,1e+09,1,0.01412537545,9438909.66,8641950.322,13915281.11,100,160,0.1843578924,0.6,63,PL_M1e+09_N100_B160_all.npz
PL,1e+09,2,0.0177827941,8120846.427,7116357.159,8829436.792,100,160,0.1843578924,0.6,63,PL_M1e+09_N100_B160_all.npz
PL,1e+09,3,0.02238721139,5216643.725,4925768.315,6591407.55,100,160,0.1843578924,0.6,63,PL_M1e+09_N100_B160_all.npz
PL,1e+09,4,0.02818382931,5192695.019,4698778.1,5533594.638,100,160,0.1843578924,0.6,63,PL_M1e+09_N100_B160_all.npz
PL,1e+09,5,0.03548133892,3793984.214,3608430.315,3902400.79,100,160,0.1843578924,0.6,63,PL_M1e+09_N100_B160_all.npz
PL,1e+09,6,0.04466835922,3271902.239,2990133.345,3417479.072,100,160,0.1843578924,0.6,63,PL_M1e+09_N100_B160_all.npz
PL,1e+09,7,0.05623413252,2287026.749,2243069.538,2446353.758,100,160,0.1843578924,0.6,63,PL_M1e+09_N100_B160_all.npz
PL,1e+09,8,0.07079457844,1546129.093,1505816.646,1590059.028,100,160,0.1843578924,0.6,63,PL_M1e+09_N100_B160_all.npz
PL,1e+09,9,0.08912509381,911650.8505,887902.8901,938131.1165,100,160,0.1843578924,0.6,63,PL_M1e+09_N100_B160_all.npz
PL,1e+09,10,0.1122018454,537029.8979,505502.0609,552315.6302,100,160,0.1843578924,0.6,63,PL_M1e+09_N100_B160_all.npz
PL,1e+09,11,0.1412537545,272228.3317,268968.1543,277780.6315,100,160,0.1843578924,0.6,63,PL_M1e+09_N100_B160_all.npz
PL,1e+09,12,0.177827941,141985.2668,139383.2097,146142.1059,100,160,0.1843578924,0.6,63,PL_M1e+09_N100_B160_all.npz
PL,1e+09,13,0.2238721139,80166.81107,77851.87136,82326.56276,100,160,0.1843578924,0.6,63,PL_M1e+09_N100_B160_all.npz
PL,1e+09,14,0.2818382931,39296.6858,38859.65659,40318.5822,100,160,0.1843578924,0.6,63,PL_M1e+09_N100_B160_all.npz
PL,1e+09,15,0.3548133892,20366.26663,19282.96806,21149.28264,100,160,0.1843578924,0.6,63,PL_M1e+09_N100_B160_all.npz
PL,1e+09,16,0.4466835922,10084.09657,9848.409921,10345.44881,100,160,0.1843578924,0.6,63,PL_M1e+09_N100_B160_all.npz
PL,1e+09,17,0.5623413252,5200.190018,4893.950273,5236.572891,100,160,0.1843578924,0.6,63,PL_M1e+09_N100_B160_all.npz
PL,1e+09,18,0.7079457844,2691.235564,2612.536285,2758.759587,100,160,0.1843578924,0.6,63,PL_M1e+09_N100_B160_all.npz
PL,1e+09,19,0.8912509381,1414.462375,1327.299574,1473.77346,100,160,0.1843578924,0.6,63,PL_M1e+09_N100_B160_all.npz
PL,1e+10,0,0.01122018454,14041739.53,11780432.38,15213254.34,100,160,0.0672639591,0.6,63,PL_M1e+10_N100_B160_all.npz
PL,1e+10,1,0.01412537545,10018282.87,8297104.482,13022939.44,100,160,0.0672639591,0.6,63,PL_M1e+10_N100_B160_all.npz
PL,1e+10,2,0.0177827941,9247221.325,7537308.847,10914284.83,100,160,0.0672639591,0.6,63,PL_M1e+10_N100_B160_all.npz
PL,1e+10,3,0.02238721139,7239176.33,5388407.614,8460898.24,100,160,0.0672639591,0.6,63,PL_M1e+10_N100_B160_all.npz
PL,1e+10,4,0.02818382931,6248171.173,5475970.031,6903119.747,100,160,0.0672639591,0.6,63,PL_M1e+10_N100_B160_all.npz
PL,1e+10,5,0.03548133892,4792807.184,4401358.104,5156155.409,100,160,0.0672639591,0.6,63,PL_M1e+10_N100_B160_all.npz
PL,1e+10,6,0.04466835922,3279214.138,3218680.951,3358819.562,100,160,0.0672639591,0.6,63,PL_M1e+10_N100_B160_all.npz
PL,1e+10,7,0.05623413252,2102152.295,2048700.756,2165481.661,100,160,0.0672639591,0.6,63,PL_M1e+10_N100_B160_all.npz
PL,1e+10,8,0.07079457844,1313569.838,1291343.191,1358869.378,100,160,0.0672639591,0.6,63,PL_M1e+10_N100_B160_all.npz
PL,1e+10,9,0.08912509381,772450.9177,754868.6471,779011.1933,100,160,0.0672639591,0.6,63,PL_M1e+10_N100_B160_all.npz
PL,1e+10,10,0.1122018454,450833.7559,438850.7776,461118.7091,100,160,0.0672639591,0.6,63,PL_M1e+10_N100_B160_all.npz
PL,1e+10,11,0.1412537545,256594.9227,253645.5937,258805.6408,100,160,0.0672639591,0.6,63,PL_M1e+10_N100_B160_all.npz
PL,1e+10,12,0.177827941,144242.6921,141531.2885,147202.7221,100,160,0.0672639591,0.6,63,PL_M1e+10_N100_B160_all.npz
PL,1e+10,13,0.2238721139,79304.42812,78638.18363,80742.26304,100,160,0.0672639591,0.6,63,PL_M1e+10_N100_B160_all.npz
PL,1e+10,14,0.2818382931,41524.32087,40998.68966,41786.8153,100,160,0.0672639591,0.6,63,PL_M1e+10_N100_B160_all.npz
PL,1e+10,15,0.3548133892,21670.46064,21506.04991,22109.33949,100,160,0.0672639591,0.6,63,PL_M1e+10_N100_B160_all.npz
PL,1e+10,16,0.4466835922,11173.70196,10961.5302,11242.66388,100,160,0.0672639591,0.6,63,PL_M1e+10_N100_B160_all.npz
PL,1e+10,17,0.5623413252,5572.403912,5455.866417,5764.415964,100,160,0.0672639591,0.6,63,PL_M1e+10_N100_B160_all.npz
PL,1e+10,18,0.7079457844,2806.413868,2659.458516,2874.235991,100,160,0.0672639591,0.6,63,PL_M1e+10_N100_B160_all.npz
PL,1e+10,19,0.8912509381,1318.761185,1278.062664,1413.984672,100,160,0.0672639591,0.6,63,PL_M1e+10_N100_B160_all.npz
PL,1e+11,0,0.01122018454,8998106.033,7387637.13,11996010.18,100,160,0.02742790791,0.6,63,PL_M1e+11_N100_B160_all.npz
PL,1e+11,1,0.01412537545,9701120.196,8556738.647,10975573.33,100,160,0.02742790791,0.6,63,PL_M1e+11_N100_B160_all.npz
PL,1e+11,2,0.0177827941,9528028.286,8756015.391,10541725.86,100,160,0.02742790791,0.6,63,PL_M1e+11_N100_B160_all.npz
PL,1e+11,3,0.02238721139,8529693.053,7914302.039,9152263.319,100,160,0.02742790791,0.6,63,PL_M1e+11_N100_B160_all.npz
PL,1e+11,4,0.02818382931,6325399.271,5984574.348,6550023.991,100,160,0.02742790791,0.6,63,PL_M1e+11_N100_B160_all.npz
PL,1e+11,5,0.03548133892,4364531.553,4142266.85,4465438.648,100,160,0.02742790791,0.6,63,PL_M1e+11_N100_B160_all.npz
PL,1e+11,6,0.04466835922,2790390.05,2759515.551,2945519.581,100,160,0.02742790791,0.6,63,PL_M1e+11_N100_B160_all.npz
PL,1e+11,7,0.05623413252,1841372.539,1722627.83,1881686.035,100,160,0.02742790791,0.6,63,PL_M1e+11_N100_B160_all.npz
PL,1e+11,8,0.07079457844,1118157.418,1100554.585,1142379.977,100,160,0.02742790791,0.6,63,PL_M1e+11_N100_B160_all.npz
PL,1e+11,9,0.08912509381,693066.0273,680921.9185,702369.9287,100,160,0.02742790791,0.6,63,PL_M1e+11_N100_B160_all.npz
PL,1e+11,10,0.1122018454,414227.6709,408022.6977,424638.6039,100,160,0.02742790791,0.6,63,PL_M1e+11_N100_B160_all.npz
PL,1e+11,11,0.1412537545,240614.7334,239269.8427,243748.4451,100,160,0.02742790791,0.6,63,PL_M1e+11_N100_B160_all.npz
PL,1e+11,12,0.177827941,137976.7453,136257.7645,139750.8194,100,160,0.02742790791,0.6,63,PL_M1e+11_N100_B160_all.npz
PL,1e+11,13,0.2238721139,77923.8738,77295.80258,78594.63324,100,160,0.02742790791,0.6,63,PL_M1e+11_N100_B160_all.npz
PL,1e+11,14,0.2818382931,42866.64329,42520.1905,43076.67847,100,160,0.02742790791,0.6,63,PL_M1e+11_N100_B160_all.npz
PL,1e+11,15,0.3548133892,22748.78791,22500.4188,22833.44538,100,160,0.02742790791,0.6,63,PL_M1e+11_N100_B160_all.npz
PL,1e+11,16,0.4466835922,11759.68816,11534.3449,11873.31184,100,160,0.02742790791,0.6,63,PL_M1e+11_N100_B160_all.npz
PL,1e+11,17,0.5623413252,6095.736008,6038.960067,6228.198287,100,160,0.02742790791,0.6,63,PL_M1e+11_N100_B160_all.npz
PL,1e+11,18,0.7079457844,3054.779498,3008.714683,3131.453446,100,160,0.02742790791,0.6,63,PL_M1e+11_N100_B160_all.npz
PL,1e+11,19,0.8912509381,1476.779796,1451.290826,1500.621393,100,160,0.02742790791,0.6,63,PL_M1e+11_N100_B160_all.npz
