ratio,target_mass_msun,bin_index,r_over_r200m,rho_ratio_median,rho_ratio_lower_from_bootstrap_bounds,rho_ratio_upper_from_bootstrap_bounds,nhalo_bt,nhalo_pl,n_bootstrap,kappa_threshold
BT_soft/PL,10000000000,0,0.01122018454,2.367176046,2.073112134,3.14948848,100,100,160,0.6
BT_soft/PL,10000000000,1,0.01412537545,2.918252547,2.087334977,3.696676551,100,100,160,0.6
BT_soft/PL,10000000000,2,0.0177827941,2.874049399,2.227003019,3.622712198,100,100,160,0.6
BT_soft/PL,10000000000,3,0.02238721139,2.66501994,2.139244471,3.760670283,100,100,160,0.6
BT_soft/PL,10000000000,4,0.02818382931,2.032812129,1.768972912,2.51263315,100,100,160,0.6
BT_soft/PL,10000000000,5,0.03548133892,1.735727689,1.575504547,1.935595452,100,100,160,0.6
BT_soft/PL,10000000000,6,0.04466835922,1.49027909,1.431946556,1.557511038,100,100,160,0.6
BT_soft/PL,10000000000,7,0.05623413252,1.416799908,1.348357061,1.470943864,100,100,160,0.6
BT_soft/PL,10000000000,8,0.07079457844,1.297179615,1.20863044,1.335505176,100,100,160,0.6
BT_soft/PL,10000000000,9,0.08912509381,1.231202252,1.209768792,1.276914701,100,100,160,0.6
BT_soft/PL,10000000000,10,0.1122018454,1.178197261,1.129049525,1.231607427,100,100,160,0.6
BT_soft/PL,10000000000,11,0.1412537545,1.10737925,1.070168341,1.127409921,100,100,160,0.6
BT_soft/PL,10000000000,12,0.177827941,1.004560502,0.9732854592,1.035316544,100,100,160,0.6
BT_soft/PL,10000000000,13,0.2238721139,0.946097161,0.9145354847,0.967121973,100,100,160,0.6
BT_soft/PL,10000000000,14,0.2818382931,0.906658773,0.8744674659,0.9337547258,100,100,160,0.6
BT_soft/PL,10000000000,15,0.3548133892,0.8507007278,0.8234081198,0.8653591887,100,100,160,0.6
BT_soft/PL,10000000000,16,0.4466835922,0.787262009,0.7550258054,0.812034693,100,100,160,0.6
BT_soft/PL,10000000000,17,0.5623413252,0.7593428603,0.7237490189,0.7953702206,100,100,160,0.6
BT_soft/PL,10000000000,18,0.7079457844,0.6854125988,0.6451756698,0.7509338291,100,100,160,0.6
BT_soft/PL,10000000000,19,0.8912509381,0.7276241045,0.6452376758,0.7852769325,100,100,160,0.6
BT_soft/PL,31622776601.6838,0,0.01122018454,2.236645569,1.801209633,2.839988235,100,100,160,0.6
BT_soft/PL,31622776601.6838,1,0.01412537545,2.243122924,1.926586886,2.908362061,100,100,160,0.6
BT_soft/PL,31622776601.6838,2,0.0177827941,2.086900807,1.763256519,2.293823156,100,100,160,0.6
BT_soft/PL,31622776601.6838,3,0.02238721139,1.92834132,1.697140463,2.052134075,100,100,160,0.6
BT_soft/PL,31622776601.6838,4,0.02818382931,1.673074639,1.566368721,1.841335539,100,100,160,0.6
BT_soft/PL,31622776601.6838,5,0.03548133892,1.623386445,1.553406591,1.714806791,100,100,160,0.6
BT_soft/PL,31622776601.6838,6,0.04466835922,1.503514539,1.447357797,1.573946425,100,100,160,0.6
BT_soft/PL,31622776601.6838,7,0.05623413252,1.398274771,1.315643338,1.477918057,100,100,160,0.6
BT_soft/PL,31622776601.6838,8,0.07079457844,1.320057666,1.279657088,1.38234786,100,100,160,0.6
BT_soft/PL,31622776601.6838,9,0.08912509381,1.237442952,1.198481816,1.266641424,100,100,160,0.6
BT_soft/PL,31622776601.6838,10,0.1122018454,1.148785082,1.128575695,1.174293035,100,100,160,0.6
BT_soft/PL,31622776601.6838,11,0.1412537545,1.101505048,1.069573288,1.132461006,100,100,160,0.6
BT_soft/PL,31622776601.6838,12,0.177827941,1.041783851,1.026403095,1.072955494,100,100,160,0.6
BT_soft/PL,31622776601.6838,13,0.2238721139,1.001002658,0.9797942507,1.020654458,100,100,160,0.6
BT_soft/PL,31622776601.6838,14,0.2818382931,0.9290424588,0.903419736,0.9490404809,100,100,160,0.6
BT_soft/PL,31622776601.6838,15,0.3548133892,0.8798158858,0.853618972,0.9018541245,100,100,160,0.6
BT_soft/PL,31622776601.6838,16,0.4466835922,0.8353062242,0.8017474777,0.8730236397,100,100,160,0.6
BT_soft/PL,31622776601.6838,17,0.5623413252,0.7686694664,0.740106122,0.7975856645,100,100,160,0.6
BT_soft/PL,31622776601.6838,18,0.7079457844,0.7090443656,0.6674190063,0.7626504094,100,100,160,0.6
BT_soft/PL,31622776601.6838,19,0.8912509381,0.6872814795,0.6394181311,0.736746599,100,100,160,0.6
BT_soft/PL,100000000000,0,0.01122018454,1.343352455,0.873666833,1.938735682,100,100,160,0.6
BT_soft/PL,100000000000,1,0.01412537545,1.315006605,1.081724193,1.835636951,100,100,160,0.6
BT_soft/PL,100000000000,2,0.0177827941,1.456956928,1.064440744,1.861143352,100,100,160,0.6
BT_soft/PL,100000000000,3,0.02238721139,1.499880665,1.238222948,1.896808599,100,100,160,0.6
BT_soft/PL,100000000000,4,0.02818382931,1.502314759,1.357069131,1.668189478,100,100,160,0.6
BT_soft/PL,100000000000,5,0.03548133892,1.449341192,1.383510826,1.622882489,100,100,160,0.6
BT_soft/PL,100000000000,6,0.04466835922,1.459653911,1.315491455,1.490089548,100,100,160,0.6
BT_soft/PL,100000000000,7,0.05623413252,1.325887165,1.273161392,1.435539333,100,100,160,0.6
BT_soft/PL,100000000000,8,0.07079457844,1.30969285,1.268648134,1.340583851,100,100,160,0.6
BT_soft/PL,100000000000,9,0.08912509381,1.209531035,1.183278291,1.244858016,100,100,160,0.6
BT_soft/PL,100000000000,10,0.1122018454,1.138450681,1.097002843,1.172448171,100,100,160,0.6
BT_soft/PL,100000000000,11,0.1412537545,1.10097895,1.075574234,1.11927464,100,100,160,0.6
BT_soft/PL,100000000000,12,0.177827941,1.062596487,1.029671539,1.080570818,100,100,160,0.6
BT_soft/PL,100000000000,13,0.2238721139,0.991265144,0.9702976214,1.003032416,100,100,160,0.6
BT_soft/PL,100000000000,14,0.2818382931,0.9200357655,0.9080376521,0.9345440381,100,100,160,0.6
BT_soft/PL,100000000000,15,0.3548133892,0.8767639531,0.8608867538,0.8938592698,100,100,160,0.6
BT_soft/PL,100000000000,16,0.4466835922,0.8554265138,0.831898574,0.8882145553,100,100,160,0.6
BT_soft/PL,100000000000,17,0.5623413252,0.8270202402,0.794037258,0.8599273105,100,100,160,0.6
BT_soft/PL,100000000000,18,0.7079457844,0.7995143153,0.7692222533,0.8303757541,100,100,160,0.6
BT_soft/PL,100000000000,19,0.8912509381,0.800339155,0.763841916,0.8713201787,100,100,160,0.6
BT_soft/PL,316227766016.838,0,0.01122018454,0.7043602146,0.5280323878,1.195925949,100,100,160,0.6
BT_soft/PL,316227766016.838,1,0.01412537545,0.7547681536,0.4946448957,1.254176286,100,100,160,0.6
BT_soft/PL,316227766016.838,2,0.0177827941,0.752212654,0.5713937945,1.374392242,100,100,160,0.6
BT_soft/PL,316227766016.838,3,0.02238721139,0.9208383571,0.6914014223,1.555370916,100,100,160,0.6
BT_soft/PL,316227766016.838,4,0.02818382931,1.261495871,1.023195299,1.409791393,100,100,160,0.6
BT_soft/PL,316227766016.838,5,0.03548133892,1.335353868,1.261818526,1.408263587,100,100,160,0.6
BT_soft/PL,316227766016.838,6,0.04466835922,1.337603989,1.256044554,1.398800606,100,100,160,0.6
BT_soft/PL,316227766016.838,7,0.05623413252,1.27465086,1.212585726,1.318018247,100,100,160,0.6
BT_soft/PL,316227766016.838,8,0.07079457844,1.226706247,1.180114747,1.254881311,100,100,160,0.6
BT_soft/PL,316227766016.838,9,0.08912509381,1.168755729,1.134463311,1.210260852,100,100,160,0.6
BT_soft/PL,316227766016.838,10,0.1122018454,1.143808669,1.093356236,1.187919461,100,100,160,0.6
BT_soft/PL,316227766016.838,11,0.1412537545,1.080982664,1.043790298,1.111923062,100,100,160,0.6
BT_soft/PL,316227766016.838,12,0.177827941,1.023301894,1.006132953,1.052000621,100,100,160,0.6
BT_soft/PL,316227766016.838,13,0.2238721139,0.9713694886,0.9613230986,1.000591295,100,100,160,0.6
BT_soft/PL,316227766016.838,14,0.2818382931,0.9465884343,0.9093382374,0.9570924625,100,100,160,0.6
BT_soft/PL,316227766016.838,15,0.3548133892,0.9564503844,0.9267724823,0.9909289951,100,100,160,0.6
BT_soft/PL,316227766016.838,16,0.4466835922,0.9275824206,0.8941825007,0.9461784802,100,100,160,0.6
BT_soft/PL,316227766016.838,17,0.5623413252,0.8884259456,0.8548679076,0.9259307374,100,100,160,0.6
BT_soft/PL,316227766016.838,18,0.7079457844,0.8315608915,0.796101805,0.9032446012,100,100,160,0.6
BT_soft/PL,316227766016.838,19,0.8912509381,0.8557765195,0.7655923953,0.9009986089,100,100,160,0.6
BT_deep/PL,10000000000,0,0.01122018454,1.003981317,0.8237427613,1.359908818,100,100,160,0.6
BT_deep/PL,10000000000,1,0.01412537545,1.246830009,0.8772669381,1.721077249,100,100,160,0.6
BT_deep/PL,10000000000,2,0.0177827941,1.282846612,0.9537503013,1.667840462,100,100,160,0.6
BT_deep/PL,10000000000,3,0.02238721139,1.436930507,1.190447482,2.000094749,100,100,160,0.6
BT_deep/PL,10000000000,4,0.02818382931,1.295185673,1.121617269,1.529302204,100,100,160,0.6
BT_deep/PL,10000000000,5,0.03548133892,1.14906493,1.041466956,1.33431068,100,100,160,0.6
BT_deep/PL,10000000000,6,0.04466835922,1.148043651,1.098763497,1.203172935,100,100,160,0.6
BT_deep/PL,10000000000,7,0.05623413252,1.081278845,1.036370257,1.123634246,100,100,160,0.6
BT_deep/PL,10000000000,8,0.07079457844,1.036169752,0.9886441499,1.063676024,100,100,160,0.6
BT_deep/PL,10000000000,9,0.08912509381,1.037777852,1.012728681,1.079747634,100,100,160,0.6
BT_deep/PL,10000000000,10,0.1122018454,0.9997516372,0.9640729025,1.033965043,100,100,160,0.6
BT_deep/PL,10000000000,11,0.1412537545,1.010367599,0.9834484761,1.042574763,100,100,160,0.6
BT_deep/PL,10000000000,12,0.177827941,0.998045213,0.9603841165,1.034837131,100,100,160,0.6
BT_deep/PL,10000000000,13,0.2238721139,0.9979881397,0.9607878244,1.012782798,100,100,160,0.6
BT_deep/PL,10000000000,14,0.2818382931,0.9965641443,0.9767537192,1.022529076,100,100,160,0.6
BT_deep/PL,10000000000,15,0.3548133892,0.981962604,0.9401673597,1.003443937,100,100,160,0.6
BT_deep/PL,10000000000,16,0.4466835922,0.9321603095,0.9138450775,0.9649973477,100,100,160,0.6
BT_deep/PL,10000000000,17,0.5623413252,0.9605312816,0.9108150143,0.9893454774,100,100,160,0.6
BT_deep/PL,10000000000,18,0.7079457844,0.9350368504,0.8930003477,1.023095813,100,100,160,0.6
BT_deep/PL,10000000000,19,0.8912509381,1.026005677,0.9020396757,1.079816608,100,100,160,0.6
BT_deep/PL,31622776601.6838,0,0.01122018454,0.5837582216,0.4695188751,0.7427782733,100,100,160,0.6
BT_deep/PL,31622776601.6838,1,0.01412537545,0.7617993597,0.6849680788,0.9487112494,100,100,160,0.6
BT_deep/PL,31622776601.6838,2,0.0177827941,0.8383671484,0.6736466321,0.9277024581,100,100,160,0.6
BT_deep/PL,31622776601.6838,3,0.02238721139,0.9724705793,0.8884316993,1.08076067,100,100,160,0.6
BT_deep/PL,31622776601.6838,4,0.02818382931,0.9749478006,0.9143185254,1.110694587,100,100,160,0.6
BT_deep/PL,31622776601.6838,5,0.03548133892,0.9763613045,0.910252696,1.094980974,100,100,160,0.6
BT_deep/PL,31622776601.6838,6,0.04466835922,0.9728183168,0.9437195667,1.060733224,100,100,160,0.6
BT_deep/PL,31622776601.6838,7,0.05623413252,0.9998661382,0.9474713539,1.043076449,100,100,160,0.6
BT_deep/PL,31622776601.6838,8,0.07079457844,1.002344215,0.9648866277,1.047373864,100,100,160,0.6
BT_deep/PL,31622776601.6838,9,0.08912509381,0.9763550792,0.9290384025,1.004107505,100,100,160,0.6
BT_deep/PL,31622776601.6838,10,0.1122018454,0.980218339,0.9461274859,1.015317673,100,100,160,0.6
BT_deep/PL,31622776601.6838,11,0.1412537545,0.9842682789,0.9579120447,1.012285373,100,100,160,0.6
BT_deep/PL,31622776601.6838,12,0.177827941,0.9913479972,0.9649232215,1.014059921,100,100,160,0.6
BT_deep/PL,31622776601.6838,13,0.2238721139,1.002750906,0.9736577336,1.023072543,100,100,160,0.6
BT_deep/PL,31622776601.6838,14,0.2818382931,0.978025409,0.9475559617,1.011295305,100,100,160,0.6
BT_deep/PL,31622776601.6838,15,0.3548133892,0.9899819182,0.9613807383,1.030191847,100,100,160,0.6
BT_deep/PL,31622776601.6838,16,0.4466835922,1.059633148,1.007601801,1.096159882,100,100,160,0.6
BT_deep/PL,31622776601.6838,17,0.5623413252,1.013107271,0.9919227847,1.055418637,100,100,160,0.6
BT_deep/PL,31622776601.6838,18,0.7079457844,1.011245398,0.9549019805,1.062076088,100,100,160,0.6
BT_deep/PL,31622776601.6838,19,0.8912509381,0.9834278421,0.9397738594,1.034583742,100,100,160,0.6
BT_deep/PL,100000000000,0,0.01122018454,0.8515367657,0.4805329972,1.255445785,100,100,160,0.6
BT_deep/PL,100000000000,1,0.01412537545,0.7723777915,0.5637302213,0.9787494609,100,100,160,0.6
BT_deep/PL,100000000000,2,0.0177827941,0.8314733493,0.5853958363,1.003780863,100,100,160,0.6
BT_deep/PL,100000000000,3,0.02238721139,0.8546685436,0.6501991098,1.002528413,100,100,160,0.6
BT_deep/PL,100000000000,4,0.02818382931,0.9738698689,0.8705902637,1.054341702,100,100,160,0.6
BT_deep/PL,100000000000,5,0.03548133892,0.9788478581,0.931326883,1.092689259,100,100,160,0.6
BT_deep/PL,100000000000,6,0.04466835922,1.040479348,0.9668582659,1.06888969,100,100,160,0.6
BT_deep/PL,100000000000,7,0.05623413252,1.003879586,0.9590677913,1.104365505,100,100,160,0.6
BT_deep/PL,100000000000,8,0.07079457844,1.031062024,1.002767575,1.081000743,100,100,160,0.6
BT_deep/PL,100000000000,9,0.08912509381,1.019672819,0.9918184172,1.065251601,100,100,160,0.6
BT_deep/PL,100000000000,10,0.1122018454,1.025059245,0.9906571624,1.051455353,100,100,160,0.6
BT_deep/PL,100000000000,11,0.1412537545,1.004900144,0.9813954998,1.015107293,100,100,160,0.6
BT_deep/PL,100000000000,12,0.177827941,1.003528975,0.9863167877,1.03447021,100,100,160,0.6
BT_deep/PL,100000000000,13,0.2238721139,1.007711313,0.9838459553,1.036754293,100,100,160,0.6
BT_deep/PL,100000000000,14,0.2818382931,0.9998159533,0.9897298916,1.015133644,100,100,160,0.6
BT_deep/PL,100000000000,15,0.3548133892,1.010146306,0.9927009917,1.034154995,100,100,160,0.6
BT_deep/PL,100000000000,16,0.4466835922,1.010521054,0.9859482341,1.055305707,100,100,160,0.6
BT_deep/PL,100000000000,17,0.5623413252,0.9847330241,0.9509002173,1.033406558,100,100,160,0.6
BT_deep/PL,100000000000,18,0.7079457844,0.9865548546,0.9464796092,1.030338411,100,100,160,0.6
BT_deep/PL,100000000000,19,0.8912509381,1.017425481,0.9805612227,1.075840233,100,100,160,0.6
BT_deep/PL,316227766016.838,0,0.01122018454,0.6955034695,0.4993610118,0.9463585784,98,100,160,0.6
BT_deep/PL,316227766016.838,1,0.01412537545,0.6368789358,0.479586947,0.8869921069,98,100,160,0.6
BT_deep/PL,316227766016.838,2,0.0177827941,0.6587346204,0.5321677078,0.9304627616,98,100,160,0.6
BT_deep/PL,316227766016.838,3,0.02238721139,0.7886623247,0.6305578372,0.9867220544,98,100,160,0.6
BT_deep/PL,316227766016.838,4,0.02818382931,0.9316743827,0.8462329795,1.014111832,98,100,160,0.6
BT_deep/PL,316227766016.838,5,0.03548133892,0.9839010507,0.9485717145,1.067888984,98,100,160,0.6
BT_deep/PL,316227766016.838,6,0.04466835922,1.016437012,0.9389278486,1.07172539,98,100,160,0.6
BT_deep/PL,316227766016.838,7,0.05623413252,1.02203159,0.9795201036,1.047281417,98,100,160,0.6
BT_deep/PL,316227766016.838,8,0.07079457844,1.024976719,0.976706557,1.04946966,98,100,160,0.6
BT_deep/PL,316227766016.838,9,0.08912509381,1.019411582,0.9773845192,1.036421566,98,100,160,0.6
BT_deep/PL,316227766016.838,10,0.1122018454,1.004818625,0.9766567141,1.039080919,98,100,160,0.6
BT_deep/PL,316227766016.838,11,0.1412537545,1.000515695,0.976462883,1.028966896,98,100,160,0.6
BT_deep/PL,316227766016.838,12,0.177827941,1.008939369,0.9875960963,1.025808843,98,100,160,0.6
BT_deep/PL,316227766016.838,13,0.2238721139,1.011469828,0.994413255,1.02863048,98,100,160,0.6
BT_deep/PL,316227766016.838,14,0.2818382931,1.009458344,0.9713891953,1.026091597,98,100,160,0.6
BT_deep/PL,316227766016.838,15,0.3548133892,0.9899647111,0.9672986442,1.012739889,98,100,160,0.6
BT_deep/PL,316227766016.838,16,0.4466835922,1.005377386,0.9767632114,1.02032419,98,100,160,0.6
BT_deep/PL,316227766016.838,17,0.5623413252,0.9866063188,0.9540810743,1.017598421,98,100,160,0.6
BT_deep/PL,316227766016.838,18,0.7079457844,0.9871228408,0.9395870132,1.063532953,98,100,160,0.6
BT_deep/PL,316227766016.838,19,0.8912509381,1.020875188,0.957029589,1.085044577,98,100,160,0.6
